{"approved":false,"artifact_type":"phase0q_turnover_threshold_context_amendment","compressed_sleeve_alternative":{"definition":"sleeve_compressed_50: each quadrant's weight vector moved 50% toward the mean of the four quadrant vectors (renormalized, constraints re-checked); same grid run side-by-side to expose the turnover/risk/return trade-off","measurement_class":"alternative_measurement","replaces_baseline":false,"source":"artifacts/quant/open_macro_v03_metric_evidence_002/compressed_sleeve_alternative.json"},"cost_sensitivity":{"baseline_sleeve":{"0":{"annualized_turnover":1.610346885365,"annualized_turnover_window_average":0.742607431604,"annualized_volatility":0.0820597879,"max_drawdown":0.14926439413,"n_rebalances":27,"n_trading_days":3101,"total_one_way_turnover":9.138197005571,"window_return":1.044121676596,"worst_5d_return":-0.075867581366},"10":{"annualized_turnover":1.610346885365,"annualized_turnover_window_average":0.742607431604,"annualized_volatility":0.082063529616,"max_drawdown":0.150084031767,"n_rebalances":27,"n_trading_days":3101,"total_one_way_turnover":9.138197005571,"window_return":1.025523689501,"worst_5d_return":-0.075867581366},"25":{"annualized_turnover":1.610346885365,"annualized_turnover_window_average":0.742607431604,"annualized_volatility":0.082075501149,"max_drawdown":0.151312503645,"n_rebalances":27,"n_trading_days":3101,"total_one_way_turnover":9.138197005571,"window_return":0.997930577363,"worst_5d_return":-0.075867581366},"5":{"annualized_turnover":1.610346885365,"annualized_turnover_window_average":0.742607431604,"annualized_volatility":0.082061235115,"max_drawdown":0.149674278601,"n_rebalances":27,"n_trading_days":3101,"total_one_way_turnover":9.138197005571,"window_return":1.034802311684,"worst_5d_return":-0.075867581366}},"sleeve_compressed_50":{"0":{"annualized_turnover":1.027076034777,"annualized_turnover_window_average":0.397402296017,"annualized_volatility":0.073802176299,"max_drawdown":0.150735308701,"n_rebalances":27,"n_trading_days":3101,"total_one_way_turnover":4.890256031544,"window_return":1.152590600966,"worst_5d_return":-0.070781155051},"10":{"annualized_turnover":1.027076034777,"annualized_turnover_window_average":0.397402296017,"annualized_volatility":0.073805705323,"max_drawdown":0.151172008635,"n_rebalances":27,"n_trading_days":3101,"total_one_way_turnover":4.890256031544,"window_return":1.142088440418,"worst_5d_return":-0.070781155051},"25":{"annualized_turnover":1.027076034777,"annualized_turnover_window_average":0.397402296017,"annualized_volatility":0.073813181191,"max_drawdown":0.151826779985,"n_rebalances":27,"n_trading_days":3101,"total_one_way_turnover":4.890256031544,"window_return":1.126426952861,"worst_5d_return":-0.070781155051},"5":{"annualized_turnover":1.027076034777,"annualized_turnover_window_average":0.397402296017,"annualized_volatility":0.073803795385,"max_drawdown":0.15095367724,"n_rebalances":27,"n_trading_days":3101,"total_one_way_turnover":4.890256031544,"window_return":1.147333385601,"worst_5d_return":-0.070781155051}},"source":"artifacts/quant/open_macro_v03_metric_evidence_002/compressed_sleeve_alternative.json"},"cost_sensitivity_bps":[0,5,10,25],"decision_date":"2026-07-02","governance":{"A5":"blocked","activation_allowed":false,"allocator_publish":false,"db_write_mode":"none","freeze_ready":false,"official_result":false,"runtime_activation":false},"institutional_approval":false,"measured_turnover":1.610346885365,"measured_turnover_source":"artifacts/quant/open_macro_v03_metric_evidence_001/quantitative_gate_report.measured.json","phase0q_id":"open_macro_v03_phase0q_003","ratified_by":"quant_owner","reference_sleeve_turnover_candidate_bound":2.0,"reference_sleeve_turnover_candidate_bound_scope":"candidate initial threshold for annualized one-way sleeve turnover, explicitly NOT final institutional approval","schema_version":1,"signal_design_turnover_bound":0.6,"signal_design_turnover_bound_scope":"the tilt / parameter-grid design bound; NOT applied to sleeve-realized turnover","status":"pass_candidate_under_reference_sleeve_policy","status_condition":"pass_candidate holds IF costs and the other gates remain acceptable; this is not institutional approval"}
