family,source_file,source_column,candidate_key,logical_parent,raw_target,parsing_policy,analytical_use,disposition,reconciliation_rule,metadata_variants
13f,COVERPAGE.tsv,ACCESSION_NUMBER,True,SUBMISSION.tsv,sec_13f_coverpage_raw,text_preserve_lexical,identity_and_lineage,raw_and_typed_projection,source_rows_equal_raw_rows,03d7f86bd18d3a203f92514da974544289522313bea3d28f368122cb6c44da9b;42a43366dcee0fe70399db36825cdce18ecba74d95b5a4e18406cf0f0b43ca01
13f,COVERPAGE.tsv,ADDITIONALINFORMATION,False,SUBMISSION.tsv,sec_13f_coverpage_raw,text_preserve_lexical,source_specific,raw_and_typed_projection,source_rows_equal_raw_rows,03d7f86bd18d3a203f92514da974544289522313bea3d28f368122cb6c44da9b;42a43366dcee0fe70399db36825cdce18ecba74d95b5a4e18406cf0f0b43ca01
13f,COVERPAGE.tsv,AMENDMENTNO,False,SUBMISSION.tsv,sec_13f_coverpage_raw,decimal_preserve_lexical,source_specific,raw_and_typed_projection,source_rows_equal_raw_rows,03d7f86bd18d3a203f92514da974544289522313bea3d28f368122cb6c44da9b;42a43366dcee0fe70399db36825cdce18ecba74d95b5a4e18406cf0f0b43ca01
13f,COVERPAGE.tsv,AMENDMENTTYPE,False,SUBMISSION.tsv,sec_13f_coverpage_raw,text_preserve_lexical,source_specific,raw_and_typed_projection,source_rows_equal_raw_rows,03d7f86bd18d3a203f92514da974544289522313bea3d28f368122cb6c44da9b;42a43366dcee0fe70399db36825cdce18ecba74d95b5a4e18406cf0f0b43ca01
13f,COVERPAGE.tsv,CONFDENIEDEXPIRED,False,SUBMISSION.tsv,sec_13f_coverpage_raw,text_preserve_lexical,source_specific,raw_and_typed_projection,source_rows_equal_raw_rows,03d7f86bd18d3a203f92514da974544289522313bea3d28f368122cb6c44da9b;42a43366dcee0fe70399db36825cdce18ecba74d95b5a4e18406cf0f0b43ca01
13f,COVERPAGE.tsv,CRDNUMBER,False,SUBMISSION.tsv,sec_13f_coverpage_raw,text_preserve_lexical,source_specific,raw_and_typed_projection,source_rows_equal_raw_rows,42a43366dcee0fe70399db36825cdce18ecba74d95b5a4e18406cf0f0b43ca01
13f,COVERPAGE.tsv,DATEDENIEDEXPIRED,False,SUBMISSION.tsv,sec_13f_coverpage_raw,date_field_specific_fail_preserve_lexical,source_specific,raw_and_typed_projection,source_rows_equal_raw_rows,03d7f86bd18d3a203f92514da974544289522313bea3d28f368122cb6c44da9b;42a43366dcee0fe70399db36825cdce18ecba74d95b5a4e18406cf0f0b43ca01
13f,COVERPAGE.tsv,DATEREPORTED,False,SUBMISSION.tsv,sec_13f_coverpage_raw,date_field_specific_fail_preserve_lexical,source_specific,raw_and_typed_projection,source_rows_equal_raw_rows,03d7f86bd18d3a203f92514da974544289522313bea3d28f368122cb6c44da9b;42a43366dcee0fe70399db36825cdce18ecba74d95b5a4e18406cf0f0b43ca01
13f,COVERPAGE.tsv,FILINGMANAGER_CITY,False,SUBMISSION.tsv,sec_13f_coverpage_raw,text_preserve_lexical,source_specific,raw_and_typed_projection,source_rows_equal_raw_rows,03d7f86bd18d3a203f92514da974544289522313bea3d28f368122cb6c44da9b;42a43366dcee0fe70399db36825cdce18ecba74d95b5a4e18406cf0f0b43ca01
13f,COVERPAGE.tsv,FILINGMANAGER_NAME,False,SUBMISSION.tsv,sec_13f_coverpage_raw,text_preserve_lexical,source_specific,raw_and_typed_projection,source_rows_equal_raw_rows,03d7f86bd18d3a203f92514da974544289522313bea3d28f368122cb6c44da9b;42a43366dcee0fe70399db36825cdce18ecba74d95b5a4e18406cf0f0b43ca01
13f,COVERPAGE.tsv,FILINGMANAGER_STATEORCOUNTRY,False,SUBMISSION.tsv,sec_13f_coverpage_raw,text_preserve_lexical,source_specific,raw_and_typed_projection,source_rows_equal_raw_rows,03d7f86bd18d3a203f92514da974544289522313bea3d28f368122cb6c44da9b;42a43366dcee0fe70399db36825cdce18ecba74d95b5a4e18406cf0f0b43ca01
13f,COVERPAGE.tsv,FILINGMANAGER_STREET1,False,SUBMISSION.tsv,sec_13f_coverpage_raw,text_preserve_lexical,source_specific,raw_and_typed_projection,source_rows_equal_raw_rows,03d7f86bd18d3a203f92514da974544289522313bea3d28f368122cb6c44da9b;42a43366dcee0fe70399db36825cdce18ecba74d95b5a4e18406cf0f0b43ca01
13f,COVERPAGE.tsv,FILINGMANAGER_STREET2,False,SUBMISSION.tsv,sec_13f_coverpage_raw,text_preserve_lexical,source_specific,raw_and_typed_projection,source_rows_equal_raw_rows,03d7f86bd18d3a203f92514da974544289522313bea3d28f368122cb6c44da9b;42a43366dcee0fe70399db36825cdce18ecba74d95b5a4e18406cf0f0b43ca01
13f,COVERPAGE.tsv,FILINGMANAGER_ZIPCODE,False,SUBMISSION.tsv,sec_13f_coverpage_raw,text_preserve_lexical,source_specific,raw_and_typed_projection,source_rows_equal_raw_rows,03d7f86bd18d3a203f92514da974544289522313bea3d28f368122cb6c44da9b;42a43366dcee0fe70399db36825cdce18ecba74d95b5a4e18406cf0f0b43ca01
13f,COVERPAGE.tsv,FORM13FFILENUMBER,False,SUBMISSION.tsv,sec_13f_coverpage_raw,text_preserve_lexical,source_specific,raw_and_typed_projection,source_rows_equal_raw_rows,03d7f86bd18d3a203f92514da974544289522313bea3d28f368122cb6c44da9b;42a43366dcee0fe70399db36825cdce18ecba74d95b5a4e18406cf0f0b43ca01
13f,COVERPAGE.tsv,ISAMENDMENT,False,SUBMISSION.tsv,sec_13f_coverpage_raw,text_preserve_lexical,source_specific,raw_and_typed_projection,source_rows_equal_raw_rows,03d7f86bd18d3a203f92514da974544289522313bea3d28f368122cb6c44da9b;42a43366dcee0fe70399db36825cdce18ecba74d95b5a4e18406cf0f0b43ca01
13f,COVERPAGE.tsv,PROVIDEINFOFORINSTRUCTION5,False,SUBMISSION.tsv,sec_13f_coverpage_raw,text_preserve_lexical,source_specific,raw_and_typed_projection,source_rows_equal_raw_rows,03d7f86bd18d3a203f92514da974544289522313bea3d28f368122cb6c44da9b;42a43366dcee0fe70399db36825cdce18ecba74d95b5a4e18406cf0f0b43ca01
13f,COVERPAGE.tsv,REASONFORNONCONFIDENTIALITY,False,SUBMISSION.tsv,sec_13f_coverpage_raw,text_preserve_lexical,source_specific,raw_and_typed_projection,source_rows_equal_raw_rows,03d7f86bd18d3a203f92514da974544289522313bea3d28f368122cb6c44da9b;42a43366dcee0fe70399db36825cdce18ecba74d95b5a4e18406cf0f0b43ca01
13f,COVERPAGE.tsv,REPORTCALENDARORQUARTER,False,SUBMISSION.tsv,sec_13f_coverpage_raw,date_field_specific_fail_preserve_lexical,source_specific,raw_and_typed_projection,source_rows_equal_raw_rows,03d7f86bd18d3a203f92514da974544289522313bea3d28f368122cb6c44da9b;42a43366dcee0fe70399db36825cdce18ecba74d95b5a4e18406cf0f0b43ca01
13f,COVERPAGE.tsv,REPORTTYPE,False,SUBMISSION.tsv,sec_13f_coverpage_raw,text_preserve_lexical,source_specific,raw_and_typed_projection,source_rows_equal_raw_rows,03d7f86bd18d3a203f92514da974544289522313bea3d28f368122cb6c44da9b;42a43366dcee0fe70399db36825cdce18ecba74d95b5a4e18406cf0f0b43ca01
13f,COVERPAGE.tsv,SECFILENUMBER,False,SUBMISSION.tsv,sec_13f_coverpage_raw,text_preserve_lexical,source_specific,raw_and_typed_projection,source_rows_equal_raw_rows,42a43366dcee0fe70399db36825cdce18ecba74d95b5a4e18406cf0f0b43ca01
13f,INFOTABLE.tsv,ACCESSION_NUMBER,True,SUBMISSION.tsv,sec_13f_infotable_raw,text_preserve_lexical,identity_and_lineage,raw_and_typed_projection,source_rows_equal_raw_rows,03d7f86bd18d3a203f92514da974544289522313bea3d28f368122cb6c44da9b;42a43366dcee0fe70399db36825cdce18ecba74d95b5a4e18406cf0f0b43ca01
13f,INFOTABLE.tsv,CUSIP,False,SUBMISSION.tsv,sec_13f_infotable_raw,text_preserve_lexical,source_specific,raw_and_typed_projection,source_rows_equal_raw_rows,03d7f86bd18d3a203f92514da974544289522313bea3d28f368122cb6c44da9b;42a43366dcee0fe70399db36825cdce18ecba74d95b5a4e18406cf0f0b43ca01
13f,INFOTABLE.tsv,FIGI,False,SUBMISSION.tsv,sec_13f_infotable_raw,text_preserve_lexical,source_specific,raw_and_typed_projection,source_rows_equal_raw_rows,42a43366dcee0fe70399db36825cdce18ecba74d95b5a4e18406cf0f0b43ca01
13f,INFOTABLE.tsv,INFOTABLE_SK,True,SUBMISSION.tsv,sec_13f_infotable_raw,decimal_preserve_lexical,source_specific,raw_and_typed_projection,source_rows_equal_raw_rows,03d7f86bd18d3a203f92514da974544289522313bea3d28f368122cb6c44da9b;42a43366dcee0fe70399db36825cdce18ecba74d95b5a4e18406cf0f0b43ca01
13f,INFOTABLE.tsv,INVESTMENTDISCRETION,False,SUBMISSION.tsv,sec_13f_infotable_raw,text_preserve_lexical,source_specific,raw_and_typed_projection,source_rows_equal_raw_rows,03d7f86bd18d3a203f92514da974544289522313bea3d28f368122cb6c44da9b;42a43366dcee0fe70399db36825cdce18ecba74d95b5a4e18406cf0f0b43ca01
13f,INFOTABLE.tsv,NAMEOFISSUER,False,SUBMISSION.tsv,sec_13f_infotable_raw,text_preserve_lexical,source_specific,raw_and_typed_projection,source_rows_equal_raw_rows,03d7f86bd18d3a203f92514da974544289522313bea3d28f368122cb6c44da9b;42a43366dcee0fe70399db36825cdce18ecba74d95b5a4e18406cf0f0b43ca01
13f,INFOTABLE.tsv,OTHERMANAGER,False,SUBMISSION.tsv,sec_13f_infotable_raw,text_preserve_lexical,source_specific,raw_and_typed_projection,source_rows_equal_raw_rows,03d7f86bd18d3a203f92514da974544289522313bea3d28f368122cb6c44da9b;42a43366dcee0fe70399db36825cdce18ecba74d95b5a4e18406cf0f0b43ca01
13f,INFOTABLE.tsv,PUTCALL,False,SUBMISSION.tsv,sec_13f_infotable_raw,text_preserve_lexical,source_specific,raw_and_typed_projection,source_rows_equal_raw_rows,03d7f86bd18d3a203f92514da974544289522313bea3d28f368122cb6c44da9b;42a43366dcee0fe70399db36825cdce18ecba74d95b5a4e18406cf0f0b43ca01
13f,INFOTABLE.tsv,SSHPRNAMT,False,SUBMISSION.tsv,sec_13f_infotable_raw,decimal_preserve_lexical,source_specific,raw_and_typed_projection,source_rows_equal_raw_rows,03d7f86bd18d3a203f92514da974544289522313bea3d28f368122cb6c44da9b;42a43366dcee0fe70399db36825cdce18ecba74d95b5a4e18406cf0f0b43ca01
13f,INFOTABLE.tsv,SSHPRNAMTTYPE,False,SUBMISSION.tsv,sec_13f_infotable_raw,text_preserve_lexical,source_specific,raw_and_typed_projection,source_rows_equal_raw_rows,03d7f86bd18d3a203f92514da974544289522313bea3d28f368122cb6c44da9b;42a43366dcee0fe70399db36825cdce18ecba74d95b5a4e18406cf0f0b43ca01
13f,INFOTABLE.tsv,TITLEOFCLASS,False,SUBMISSION.tsv,sec_13f_infotable_raw,text_preserve_lexical,identity_and_lineage,raw_and_typed_projection,source_rows_equal_raw_rows,03d7f86bd18d3a203f92514da974544289522313bea3d28f368122cb6c44da9b;42a43366dcee0fe70399db36825cdce18ecba74d95b5a4e18406cf0f0b43ca01
13f,INFOTABLE.tsv,VALUE,False,SUBMISSION.tsv,sec_13f_infotable_raw,decimal_preserve_lexical,source_specific,raw_and_typed_projection,source_rows_equal_raw_rows,03d7f86bd18d3a203f92514da974544289522313bea3d28f368122cb6c44da9b;42a43366dcee0fe70399db36825cdce18ecba74d95b5a4e18406cf0f0b43ca01
13f,INFOTABLE.tsv,VOTING_AUTH_NONE,False,SUBMISSION.tsv,sec_13f_infotable_raw,decimal_preserve_lexical,source_specific,raw_and_typed_projection,source_rows_equal_raw_rows,03d7f86bd18d3a203f92514da974544289522313bea3d28f368122cb6c44da9b;42a43366dcee0fe70399db36825cdce18ecba74d95b5a4e18406cf0f0b43ca01
13f,INFOTABLE.tsv,VOTING_AUTH_SHARED,False,SUBMISSION.tsv,sec_13f_infotable_raw,decimal_preserve_lexical,source_specific,raw_and_typed_projection,source_rows_equal_raw_rows,03d7f86bd18d3a203f92514da974544289522313bea3d28f368122cb6c44da9b;42a43366dcee0fe70399db36825cdce18ecba74d95b5a4e18406cf0f0b43ca01
13f,INFOTABLE.tsv,VOTING_AUTH_SOLE,False,SUBMISSION.tsv,sec_13f_infotable_raw,decimal_preserve_lexical,source_specific,raw_and_typed_projection,source_rows_equal_raw_rows,03d7f86bd18d3a203f92514da974544289522313bea3d28f368122cb6c44da9b;42a43366dcee0fe70399db36825cdce18ecba74d95b5a4e18406cf0f0b43ca01
13f,OTHERMANAGER.tsv,ACCESSION_NUMBER,True,SUBMISSION.tsv,sec_13f_othermanager_raw,text_preserve_lexical,identity_and_lineage,raw_and_typed_projection,source_rows_equal_raw_rows,03d7f86bd18d3a203f92514da974544289522313bea3d28f368122cb6c44da9b;42a43366dcee0fe70399db36825cdce18ecba74d95b5a4e18406cf0f0b43ca01
13f,OTHERMANAGER.tsv,CIK,False,SUBMISSION.tsv,sec_13f_othermanager_raw,text_preserve_lexical,identity_and_lineage,raw_and_typed_projection,source_rows_equal_raw_rows,03d7f86bd18d3a203f92514da974544289522313bea3d28f368122cb6c44da9b;42a43366dcee0fe70399db36825cdce18ecba74d95b5a4e18406cf0f0b43ca01
13f,OTHERMANAGER.tsv,CRDNUMBER,False,SUBMISSION.tsv,sec_13f_othermanager_raw,text_preserve_lexical,source_specific,raw_and_typed_projection,source_rows_equal_raw_rows,42a43366dcee0fe70399db36825cdce18ecba74d95b5a4e18406cf0f0b43ca01
13f,OTHERMANAGER.tsv,FORM13FFILENUMBER,False,SUBMISSION.tsv,sec_13f_othermanager_raw,text_preserve_lexical,source_specific,raw_and_typed_projection,source_rows_equal_raw_rows,03d7f86bd18d3a203f92514da974544289522313bea3d28f368122cb6c44da9b;42a43366dcee0fe70399db36825cdce18ecba74d95b5a4e18406cf0f0b43ca01
13f,OTHERMANAGER.tsv,NAME,False,SUBMISSION.tsv,sec_13f_othermanager_raw,text_preserve_lexical,source_specific,raw_and_typed_projection,source_rows_equal_raw_rows,03d7f86bd18d3a203f92514da974544289522313bea3d28f368122cb6c44da9b;42a43366dcee0fe70399db36825cdce18ecba74d95b5a4e18406cf0f0b43ca01
13f,OTHERMANAGER.tsv,OTHERMANAGER_SK,True,SUBMISSION.tsv,sec_13f_othermanager_raw,decimal_preserve_lexical,source_specific,raw_and_typed_projection,source_rows_equal_raw_rows,03d7f86bd18d3a203f92514da974544289522313bea3d28f368122cb6c44da9b;42a43366dcee0fe70399db36825cdce18ecba74d95b5a4e18406cf0f0b43ca01
13f,OTHERMANAGER.tsv,SECFILENUMBER,False,SUBMISSION.tsv,sec_13f_othermanager_raw,text_preserve_lexical,source_specific,raw_and_typed_projection,source_rows_equal_raw_rows,42a43366dcee0fe70399db36825cdce18ecba74d95b5a4e18406cf0f0b43ca01
13f,OTHERMANAGER2.tsv,ACCESSION_NUMBER,True,SUBMISSION.tsv,sec_13f_othermanager2_raw,text_preserve_lexical,identity_and_lineage,raw_and_typed_projection,source_rows_equal_raw_rows,03d7f86bd18d3a203f92514da974544289522313bea3d28f368122cb6c44da9b;42a43366dcee0fe70399db36825cdce18ecba74d95b5a4e18406cf0f0b43ca01
13f,OTHERMANAGER2.tsv,CIK,False,SUBMISSION.tsv,sec_13f_othermanager2_raw,text_preserve_lexical,identity_and_lineage,raw_and_typed_projection,source_rows_equal_raw_rows,03d7f86bd18d3a203f92514da974544289522313bea3d28f368122cb6c44da9b;42a43366dcee0fe70399db36825cdce18ecba74d95b5a4e18406cf0f0b43ca01
13f,OTHERMANAGER2.tsv,CRDNUMBER,False,SUBMISSION.tsv,sec_13f_othermanager2_raw,text_preserve_lexical,source_specific,raw_and_typed_projection,source_rows_equal_raw_rows,42a43366dcee0fe70399db36825cdce18ecba74d95b5a4e18406cf0f0b43ca01
13f,OTHERMANAGER2.tsv,FORM13FFILENUMBER,False,SUBMISSION.tsv,sec_13f_othermanager2_raw,text_preserve_lexical,source_specific,raw_and_typed_projection,source_rows_equal_raw_rows,03d7f86bd18d3a203f92514da974544289522313bea3d28f368122cb6c44da9b;42a43366dcee0fe70399db36825cdce18ecba74d95b5a4e18406cf0f0b43ca01
13f,OTHERMANAGER2.tsv,NAME,False,SUBMISSION.tsv,sec_13f_othermanager2_raw,text_preserve_lexical,source_specific,raw_and_typed_projection,source_rows_equal_raw_rows,03d7f86bd18d3a203f92514da974544289522313bea3d28f368122cb6c44da9b;42a43366dcee0fe70399db36825cdce18ecba74d95b5a4e18406cf0f0b43ca01
13f,OTHERMANAGER2.tsv,SECFILENUMBER,False,SUBMISSION.tsv,sec_13f_othermanager2_raw,text_preserve_lexical,source_specific,raw_and_typed_projection,source_rows_equal_raw_rows,42a43366dcee0fe70399db36825cdce18ecba74d95b5a4e18406cf0f0b43ca01
13f,OTHERMANAGER2.tsv,SEQUENCENUMBER,False,SUBMISSION.tsv,sec_13f_othermanager2_raw,decimal_preserve_lexical,source_specific,raw_and_typed_projection,source_rows_equal_raw_rows,03d7f86bd18d3a203f92514da974544289522313bea3d28f368122cb6c44da9b;42a43366dcee0fe70399db36825cdce18ecba74d95b5a4e18406cf0f0b43ca01
13f,SIGNATURE.tsv,ACCESSION_NUMBER,True,SUBMISSION.tsv,sec_13f_signature_raw,text_preserve_lexical,identity_and_lineage,raw_and_typed_projection,source_rows_equal_raw_rows,03d7f86bd18d3a203f92514da974544289522313bea3d28f368122cb6c44da9b;42a43366dcee0fe70399db36825cdce18ecba74d95b5a4e18406cf0f0b43ca01
13f,SIGNATURE.tsv,CITY,False,SUBMISSION.tsv,sec_13f_signature_raw,text_preserve_lexical,source_specific,raw_and_typed_projection,source_rows_equal_raw_rows,03d7f86bd18d3a203f92514da974544289522313bea3d28f368122cb6c44da9b;42a43366dcee0fe70399db36825cdce18ecba74d95b5a4e18406cf0f0b43ca01
13f,SIGNATURE.tsv,NAME,False,SUBMISSION.tsv,sec_13f_signature_raw,text_preserve_lexical,source_specific,raw_and_typed_projection,source_rows_equal_raw_rows,03d7f86bd18d3a203f92514da974544289522313bea3d28f368122cb6c44da9b;42a43366dcee0fe70399db36825cdce18ecba74d95b5a4e18406cf0f0b43ca01
13f,SIGNATURE.tsv,PHONE,False,SUBMISSION.tsv,sec_13f_signature_raw,text_preserve_lexical,source_specific,raw_and_typed_projection,source_rows_equal_raw_rows,03d7f86bd18d3a203f92514da974544289522313bea3d28f368122cb6c44da9b;42a43366dcee0fe70399db36825cdce18ecba74d95b5a4e18406cf0f0b43ca01
13f,SIGNATURE.tsv,SIGNATURE,False,SUBMISSION.tsv,sec_13f_signature_raw,text_preserve_lexical,source_specific,raw_and_typed_projection,source_rows_equal_raw_rows,03d7f86bd18d3a203f92514da974544289522313bea3d28f368122cb6c44da9b;42a43366dcee0fe70399db36825cdce18ecba74d95b5a4e18406cf0f0b43ca01
13f,SIGNATURE.tsv,SIGNATUREDATE,False,SUBMISSION.tsv,sec_13f_signature_raw,date_field_specific_fail_preserve_lexical,source_specific,raw_and_typed_projection,source_rows_equal_raw_rows,03d7f86bd18d3a203f92514da974544289522313bea3d28f368122cb6c44da9b;42a43366dcee0fe70399db36825cdce18ecba74d95b5a4e18406cf0f0b43ca01
13f,SIGNATURE.tsv,STATEORCOUNTRY,False,SUBMISSION.tsv,sec_13f_signature_raw,text_preserve_lexical,source_specific,raw_and_typed_projection,source_rows_equal_raw_rows,03d7f86bd18d3a203f92514da974544289522313bea3d28f368122cb6c44da9b;42a43366dcee0fe70399db36825cdce18ecba74d95b5a4e18406cf0f0b43ca01
13f,SIGNATURE.tsv,TITLE,False,SUBMISSION.tsv,sec_13f_signature_raw,text_preserve_lexical,source_specific,raw_and_typed_projection,source_rows_equal_raw_rows,03d7f86bd18d3a203f92514da974544289522313bea3d28f368122cb6c44da9b;42a43366dcee0fe70399db36825cdce18ecba74d95b5a4e18406cf0f0b43ca01
13f,SUBMISSION.tsv,ACCESSION_NUMBER,True,,sec_13f_submission_raw,text_preserve_lexical,identity_and_lineage,raw_and_typed_projection,source_rows_equal_raw_rows,03d7f86bd18d3a203f92514da974544289522313bea3d28f368122cb6c44da9b;42a43366dcee0fe70399db36825cdce18ecba74d95b5a4e18406cf0f0b43ca01
13f,SUBMISSION.tsv,CIK,False,,sec_13f_submission_raw,text_preserve_lexical,identity_and_lineage,raw_and_typed_projection,source_rows_equal_raw_rows,03d7f86bd18d3a203f92514da974544289522313bea3d28f368122cb6c44da9b;42a43366dcee0fe70399db36825cdce18ecba74d95b5a4e18406cf0f0b43ca01
13f,SUBMISSION.tsv,FILENUMBER,False,,sec_13f_submission_raw,text_preserve_lexical,source_specific,raw_and_typed_projection,source_rows_equal_raw_rows,03d7f86bd18d3a203f92514da974544289522313bea3d28f368122cb6c44da9b
13f,SUBMISSION.tsv,FILING_DATE,False,,sec_13f_submission_raw,date_field_specific_fail_preserve_lexical,source_specific,raw_and_typed_projection,source_rows_equal_raw_rows,03d7f86bd18d3a203f92514da974544289522313bea3d28f368122cb6c44da9b;42a43366dcee0fe70399db36825cdce18ecba74d95b5a4e18406cf0f0b43ca01
13f,SUBMISSION.tsv,PERIODOFREPORT,False,,sec_13f_submission_raw,date_field_specific_fail_preserve_lexical,source_specific,raw_and_typed_projection,source_rows_equal_raw_rows,03d7f86bd18d3a203f92514da974544289522313bea3d28f368122cb6c44da9b;42a43366dcee0fe70399db36825cdce18ecba74d95b5a4e18406cf0f0b43ca01
13f,SUBMISSION.tsv,SUBMISSIONTYPE,False,,sec_13f_submission_raw,text_preserve_lexical,source_specific,raw_and_typed_projection,source_rows_equal_raw_rows,03d7f86bd18d3a203f92514da974544289522313bea3d28f368122cb6c44da9b;42a43366dcee0fe70399db36825cdce18ecba74d95b5a4e18406cf0f0b43ca01
13f,SUMMARYPAGE.tsv,ACCESSION_NUMBER,True,SUBMISSION.tsv,sec_13f_summarypage_raw,text_preserve_lexical,identity_and_lineage,raw_and_typed_projection,source_rows_equal_raw_rows,03d7f86bd18d3a203f92514da974544289522313bea3d28f368122cb6c44da9b;42a43366dcee0fe70399db36825cdce18ecba74d95b5a4e18406cf0f0b43ca01
13f,SUMMARYPAGE.tsv,ISCONFIDENTIALOMITTED,False,SUBMISSION.tsv,sec_13f_summarypage_raw,text_preserve_lexical,source_specific,raw_and_typed_projection,source_rows_equal_raw_rows,03d7f86bd18d3a203f92514da974544289522313bea3d28f368122cb6c44da9b;42a43366dcee0fe70399db36825cdce18ecba74d95b5a4e18406cf0f0b43ca01
13f,SUMMARYPAGE.tsv,OTHERINCLUDEDMANAGERSCOUNT,False,SUBMISSION.tsv,sec_13f_summarypage_raw,decimal_preserve_lexical,source_specific,raw_and_typed_projection,source_rows_equal_raw_rows,03d7f86bd18d3a203f92514da974544289522313bea3d28f368122cb6c44da9b;42a43366dcee0fe70399db36825cdce18ecba74d95b5a4e18406cf0f0b43ca01
13f,SUMMARYPAGE.tsv,TABLEENTRYTOTAL,False,SUBMISSION.tsv,sec_13f_summarypage_raw,decimal_preserve_lexical,source_specific,raw_and_typed_projection,source_rows_equal_raw_rows,03d7f86bd18d3a203f92514da974544289522313bea3d28f368122cb6c44da9b;42a43366dcee0fe70399db36825cdce18ecba74d95b5a4e18406cf0f0b43ca01
13f,SUMMARYPAGE.tsv,TABLEVALUETOTAL,False,SUBMISSION.tsv,sec_13f_summarypage_raw,decimal_preserve_lexical,source_specific,raw_and_typed_projection,source_rows_equal_raw_rows,03d7f86bd18d3a203f92514da974544289522313bea3d28f368122cb6c44da9b;42a43366dcee0fe70399db36825cdce18ecba74d95b5a4e18406cf0f0b43ca01
ncen,ADMIN.tsv,ADMIN_LEI,False,FUND_REPORTED_INFO.tsv,ncen_admin_raw,text_preserve_lexical,operating_and_governance,raw_and_typed_projection,source_rows_equal_raw_rows,e9ea96c869370e6618093f18afd0b30ccc1736ee39d53c6309336081e041af92;fb55228ca976c43955c9a49bccf2bc21c8b70d3c7194f936f13289f06acca737
ncen,ADMIN.tsv,ADMIN_NAME,False,FUND_REPORTED_INFO.tsv,ncen_admin_raw,text_preserve_lexical,operating_and_governance,raw_and_typed_projection,source_rows_equal_raw_rows,e9ea96c869370e6618093f18afd0b30ccc1736ee39d53c6309336081e041af92;fb55228ca976c43955c9a49bccf2bc21c8b70d3c7194f936f13289f06acca737
ncen,ADMIN.tsv,COUNTRY,False,FUND_REPORTED_INFO.tsv,ncen_admin_raw,text_preserve_lexical,operating_and_governance,raw_and_typed_projection,source_rows_equal_raw_rows,e9ea96c869370e6618093f18afd0b30ccc1736ee39d53c6309336081e041af92;fb55228ca976c43955c9a49bccf2bc21c8b70d3c7194f936f13289f06acca737
ncen,ADMIN.tsv,FUND_ID,False,FUND_REPORTED_INFO.tsv,ncen_admin_raw,text_preserve_lexical,operating_and_governance,raw_and_typed_projection,source_rows_equal_raw_rows,e9ea96c869370e6618093f18afd0b30ccc1736ee39d53c6309336081e041af92;fb55228ca976c43955c9a49bccf2bc21c8b70d3c7194f936f13289f06acca737
ncen,ADMIN.tsv,IS_AFFILIATED,False,FUND_REPORTED_INFO.tsv,ncen_admin_raw,text_preserve_lexical,operating_and_governance,raw_and_typed_projection,source_rows_equal_raw_rows,e9ea96c869370e6618093f18afd0b30ccc1736ee39d53c6309336081e041af92;fb55228ca976c43955c9a49bccf2bc21c8b70d3c7194f936f13289f06acca737
ncen,ADMIN.tsv,IS_SUB_ADMIN,False,FUND_REPORTED_INFO.tsv,ncen_admin_raw,text_preserve_lexical,operating_and_governance,raw_and_typed_projection,source_rows_equal_raw_rows,e9ea96c869370e6618093f18afd0b30ccc1736ee39d53c6309336081e041af92;fb55228ca976c43955c9a49bccf2bc21c8b70d3c7194f936f13289f06acca737
ncen,ADMIN.tsv,OTHER_IDENTIFYING_NUM,False,FUND_REPORTED_INFO.tsv,ncen_admin_raw,text_preserve_lexical,operating_and_governance,raw_and_typed_projection,source_rows_equal_raw_rows,e9ea96c869370e6618093f18afd0b30ccc1736ee39d53c6309336081e041af92;fb55228ca976c43955c9a49bccf2bc21c8b70d3c7194f936f13289f06acca737
ncen,ADMIN.tsv,STATE,False,FUND_REPORTED_INFO.tsv,ncen_admin_raw,text_preserve_lexical,operating_and_governance,raw_and_typed_projection,source_rows_equal_raw_rows,e9ea96c869370e6618093f18afd0b30ccc1736ee39d53c6309336081e041af92;fb55228ca976c43955c9a49bccf2bc21c8b70d3c7194f936f13289f06acca737
ncen,ADVISER.tsv,ADVISER_LEI,False,FUND_REPORTED_INFO.tsv,ncen_adviser_raw,text_preserve_lexical,operating_and_governance,raw_and_typed_projection,source_rows_equal_raw_rows,e9ea96c869370e6618093f18afd0b30ccc1736ee39d53c6309336081e041af92;fb55228ca976c43955c9a49bccf2bc21c8b70d3c7194f936f13289f06acca737
ncen,ADVISER.tsv,ADVISER_NAME,False,FUND_REPORTED_INFO.tsv,ncen_adviser_raw,text_preserve_lexical,operating_and_governance,raw_and_typed_projection,source_rows_equal_raw_rows,e9ea96c869370e6618093f18afd0b30ccc1736ee39d53c6309336081e041af92;fb55228ca976c43955c9a49bccf2bc21c8b70d3c7194f936f13289f06acca737
ncen,ADVISER.tsv,ADVISER_TYPE,False,FUND_REPORTED_INFO.tsv,ncen_adviser_raw,text_preserve_lexical,operating_and_governance,raw_and_typed_projection,source_rows_equal_raw_rows,e9ea96c869370e6618093f18afd0b30ccc1736ee39d53c6309336081e041af92;fb55228ca976c43955c9a49bccf2bc21c8b70d3c7194f936f13289f06acca737
ncen,ADVISER.tsv,ADVISOR_START_DATE,False,FUND_REPORTED_INFO.tsv,ncen_adviser_raw,date_field_specific_fail_preserve_lexical,operating_and_governance,raw_and_typed_projection,source_rows_equal_raw_rows,e9ea96c869370e6618093f18afd0b30ccc1736ee39d53c6309336081e041af92;fb55228ca976c43955c9a49bccf2bc21c8b70d3c7194f936f13289f06acca737
ncen,ADVISER.tsv,ADVISOR_TERMINATED_DATE,False,FUND_REPORTED_INFO.tsv,ncen_adviser_raw,date_field_specific_fail_preserve_lexical,operating_and_governance,raw_and_typed_projection,source_rows_equal_raw_rows,e9ea96c869370e6618093f18afd0b30ccc1736ee39d53c6309336081e041af92;fb55228ca976c43955c9a49bccf2bc21c8b70d3c7194f936f13289f06acca737
ncen,ADVISER.tsv,COUNTRY,False,FUND_REPORTED_INFO.tsv,ncen_adviser_raw,text_preserve_lexical,operating_and_governance,raw_and_typed_projection,source_rows_equal_raw_rows,e9ea96c869370e6618093f18afd0b30ccc1736ee39d53c6309336081e041af92;fb55228ca976c43955c9a49bccf2bc21c8b70d3c7194f936f13289f06acca737
ncen,ADVISER.tsv,CRD_NUM,False,FUND_REPORTED_INFO.tsv,ncen_adviser_raw,text_preserve_lexical,operating_and_governance,raw_and_typed_projection,source_rows_equal_raw_rows,e9ea96c869370e6618093f18afd0b30ccc1736ee39d53c6309336081e041af92;fb55228ca976c43955c9a49bccf2bc21c8b70d3c7194f936f13289f06acca737
ncen,ADVISER.tsv,FILE_NUM,False,FUND_REPORTED_INFO.tsv,ncen_adviser_raw,text_preserve_lexical,operating_and_governance,raw_and_typed_projection,source_rows_equal_raw_rows,e9ea96c869370e6618093f18afd0b30ccc1736ee39d53c6309336081e041af92;fb55228ca976c43955c9a49bccf2bc21c8b70d3c7194f936f13289f06acca737
ncen,ADVISER.tsv,FUND_ID,False,FUND_REPORTED_INFO.tsv,ncen_adviser_raw,text_preserve_lexical,operating_and_governance,raw_and_typed_projection,source_rows_equal_raw_rows,e9ea96c869370e6618093f18afd0b30ccc1736ee39d53c6309336081e041af92;fb55228ca976c43955c9a49bccf2bc21c8b70d3c7194f936f13289f06acca737
ncen,ADVISER.tsv,IS_ADVISOR_HIRED,False,FUND_REPORTED_INFO.tsv,ncen_adviser_raw,text_preserve_lexical,operating_and_governance,raw_and_typed_projection,source_rows_equal_raw_rows,e9ea96c869370e6618093f18afd0b30ccc1736ee39d53c6309336081e041af92;fb55228ca976c43955c9a49bccf2bc21c8b70d3c7194f936f13289f06acca737
ncen,ADVISER.tsv,IS_AFFILIATED,False,FUND_REPORTED_INFO.tsv,ncen_adviser_raw,text_preserve_lexical,operating_and_governance,raw_and_typed_projection,source_rows_equal_raw_rows,e9ea96c869370e6618093f18afd0b30ccc1736ee39d53c6309336081e041af92;fb55228ca976c43955c9a49bccf2bc21c8b70d3c7194f936f13289f06acca737
ncen,ADVISER.tsv,SOURCE,False,FUND_REPORTED_INFO.tsv,ncen_adviser_raw,text_preserve_lexical,operating_and_governance,raw_and_typed_projection,source_rows_equal_raw_rows,e9ea96c869370e6618093f18afd0b30ccc1736ee39d53c6309336081e041af92;fb55228ca976c43955c9a49bccf2bc21c8b70d3c7194f936f13289f06acca737
ncen,ADVISER.tsv,STATE,False,FUND_REPORTED_INFO.tsv,ncen_adviser_raw,text_preserve_lexical,operating_and_governance,raw_and_typed_projection,source_rows_equal_raw_rows,e9ea96c869370e6618093f18afd0b30ccc1736ee39d53c6309336081e041af92;fb55228ca976c43955c9a49bccf2bc21c8b70d3c7194f936f13289f06acca737
ncen,AUTHORIZED_PARTICIPANT.tsv,CRD_NUM,False,FUND_REPORTED_INFO.tsv,ncen_authorized_participant_raw,text_preserve_lexical,operating_and_governance,raw_and_typed_projection,source_rows_equal_raw_rows,e9ea96c869370e6618093f18afd0b30ccc1736ee39d53c6309336081e041af92;fb55228ca976c43955c9a49bccf2bc21c8b70d3c7194f936f13289f06acca737
ncen,AUTHORIZED_PARTICIPANT.tsv,FILE_NUM,False,FUND_REPORTED_INFO.tsv,ncen_authorized_participant_raw,text_preserve_lexical,operating_and_governance,raw_and_typed_projection,source_rows_equal_raw_rows,e9ea96c869370e6618093f18afd0b30ccc1736ee39d53c6309336081e041af92;fb55228ca976c43955c9a49bccf2bc21c8b70d3c7194f936f13289f06acca737
ncen,AUTHORIZED_PARTICIPANT.tsv,FUND_ID,False,FUND_REPORTED_INFO.tsv,ncen_authorized_participant_raw,text_preserve_lexical,operating_and_governance,raw_and_typed_projection,source_rows_equal_raw_rows,e9ea96c869370e6618093f18afd0b30ccc1736ee39d53c6309336081e041af92;fb55228ca976c43955c9a49bccf2bc21c8b70d3c7194f936f13289f06acca737
ncen,AUTHORIZED_PARTICIPANT.tsv,PARTICIPANT_LEI,False,FUND_REPORTED_INFO.tsv,ncen_authorized_participant_raw,text_preserve_lexical,operating_and_governance,raw_and_typed_projection,source_rows_equal_raw_rows,e9ea96c869370e6618093f18afd0b30ccc1736ee39d53c6309336081e041af92;fb55228ca976c43955c9a49bccf2bc21c8b70d3c7194f936f13289f06acca737
ncen,AUTHORIZED_PARTICIPANT.tsv,PARTICIPANT_NAME,False,FUND_REPORTED_INFO.tsv,ncen_authorized_participant_raw,text_preserve_lexical,operating_and_governance,raw_and_typed_projection,source_rows_equal_raw_rows,e9ea96c869370e6618093f18afd0b30ccc1736ee39d53c6309336081e041af92;fb55228ca976c43955c9a49bccf2bc21c8b70d3c7194f936f13289f06acca737
ncen,AUTHORIZED_PARTICIPANT.tsv,PURCHASE_VALUE,False,FUND_REPORTED_INFO.tsv,ncen_authorized_participant_raw,decimal_preserve_lexical,operating_and_governance,raw_and_typed_projection,source_rows_equal_raw_rows,e9ea96c869370e6618093f18afd0b30ccc1736ee39d53c6309336081e041af92;fb55228ca976c43955c9a49bccf2bc21c8b70d3c7194f936f13289f06acca737
ncen,AUTHORIZED_PARTICIPANT.tsv,REDEEM_VALUE,False,FUND_REPORTED_INFO.tsv,ncen_authorized_participant_raw,decimal_preserve_lexical,operating_and_governance,raw_and_typed_projection,source_rows_equal_raw_rows,e9ea96c869370e6618093f18afd0b30ccc1736ee39d53c6309336081e041af92;fb55228ca976c43955c9a49bccf2bc21c8b70d3c7194f936f13289f06acca737
ncen,BROKER.tsv,BROKER_LEI,False,FUND_REPORTED_INFO.tsv,ncen_broker_raw,text_preserve_lexical,operating_and_governance,raw_and_typed_projection,source_rows_equal_raw_rows,e9ea96c869370e6618093f18afd0b30ccc1736ee39d53c6309336081e041af92;fb55228ca976c43955c9a49bccf2bc21c8b70d3c7194f936f13289f06acca737
ncen,BROKER.tsv,BROKER_NAME,False,FUND_REPORTED_INFO.tsv,ncen_broker_raw,text_preserve_lexical,operating_and_governance,raw_and_typed_projection,source_rows_equal_raw_rows,e9ea96c869370e6618093f18afd0b30ccc1736ee39d53c6309336081e041af92;fb55228ca976c43955c9a49bccf2bc21c8b70d3c7194f936f13289f06acca737
ncen,BROKER.tsv,COUNTRY,False,FUND_REPORTED_INFO.tsv,ncen_broker_raw,text_preserve_lexical,operating_and_governance,raw_and_typed_projection,source_rows_equal_raw_rows,e9ea96c869370e6618093f18afd0b30ccc1736ee39d53c6309336081e041af92;fb55228ca976c43955c9a49bccf2bc21c8b70d3c7194f936f13289f06acca737
ncen,BROKER.tsv,CRD_NUM,False,FUND_REPORTED_INFO.tsv,ncen_broker_raw,text_preserve_lexical,operating_and_governance,raw_and_typed_projection,source_rows_equal_raw_rows,e9ea96c869370e6618093f18afd0b30ccc1736ee39d53c6309336081e041af92;fb55228ca976c43955c9a49bccf2bc21c8b70d3c7194f936f13289f06acca737
ncen,BROKER.tsv,FILE_NUM,False,FUND_REPORTED_INFO.tsv,ncen_broker_raw,text_preserve_lexical,operating_and_governance,raw_and_typed_projection,source_rows_equal_raw_rows,e9ea96c869370e6618093f18afd0b30ccc1736ee39d53c6309336081e041af92;fb55228ca976c43955c9a49bccf2bc21c8b70d3c7194f936f13289f06acca737
ncen,BROKER.tsv,FUND_ID,False,FUND_REPORTED_INFO.tsv,ncen_broker_raw,text_preserve_lexical,operating_and_governance,raw_and_typed_projection,source_rows_equal_raw_rows,e9ea96c869370e6618093f18afd0b30ccc1736ee39d53c6309336081e041af92;fb55228ca976c43955c9a49bccf2bc21c8b70d3c7194f936f13289f06acca737
ncen,BROKER.tsv,GROSS_COMMISSION,False,FUND_REPORTED_INFO.tsv,ncen_broker_raw,decimal_preserve_lexical,operating_and_governance,raw_and_typed_projection,source_rows_equal_raw_rows,e9ea96c869370e6618093f18afd0b30ccc1736ee39d53c6309336081e041af92;fb55228ca976c43955c9a49bccf2bc21c8b70d3c7194f936f13289f06acca737
ncen,BROKER.tsv,STATE,False,FUND_REPORTED_INFO.tsv,ncen_broker_raw,text_preserve_lexical,operating_and_governance,raw_and_typed_projection,source_rows_equal_raw_rows,e9ea96c869370e6618093f18afd0b30ccc1736ee39d53c6309336081e041af92;fb55228ca976c43955c9a49bccf2bc21c8b70d3c7194f936f13289f06acca737
ncen,BROKER_DEALER.tsv,BROKER_DEALER_LEI,False,FUND_REPORTED_INFO.tsv,ncen_broker_dealer_raw,text_preserve_lexical,operating_and_governance,raw_and_typed_projection,source_rows_equal_raw_rows,e9ea96c869370e6618093f18afd0b30ccc1736ee39d53c6309336081e041af92;fb55228ca976c43955c9a49bccf2bc21c8b70d3c7194f936f13289f06acca737
ncen,BROKER_DEALER.tsv,BROKER_DEALER_NAME,False,FUND_REPORTED_INFO.tsv,ncen_broker_dealer_raw,text_preserve_lexical,operating_and_governance,raw_and_typed_projection,source_rows_equal_raw_rows,e9ea96c869370e6618093f18afd0b30ccc1736ee39d53c6309336081e041af92;fb55228ca976c43955c9a49bccf2bc21c8b70d3c7194f936f13289f06acca737
ncen,BROKER_DEALER.tsv,COMMISSION,False,FUND_REPORTED_INFO.tsv,ncen_broker_dealer_raw,decimal_preserve_lexical,operating_and_governance,raw_and_typed_projection,source_rows_equal_raw_rows,e9ea96c869370e6618093f18afd0b30ccc1736ee39d53c6309336081e041af92;fb55228ca976c43955c9a49bccf2bc21c8b70d3c7194f936f13289f06acca737
ncen,BROKER_DEALER.tsv,COUNTRY,False,FUND_REPORTED_INFO.tsv,ncen_broker_dealer_raw,text_preserve_lexical,operating_and_governance,raw_and_typed_projection,source_rows_equal_raw_rows,e9ea96c869370e6618093f18afd0b30ccc1736ee39d53c6309336081e041af92;fb55228ca976c43955c9a49bccf2bc21c8b70d3c7194f936f13289f06acca737
ncen,BROKER_DEALER.tsv,CRD_NUM,False,FUND_REPORTED_INFO.tsv,ncen_broker_dealer_raw,text_preserve_lexical,operating_and_governance,raw_and_typed_projection,source_rows_equal_raw_rows,e9ea96c869370e6618093f18afd0b30ccc1736ee39d53c6309336081e041af92;fb55228ca976c43955c9a49bccf2bc21c8b70d3c7194f936f13289f06acca737
ncen,BROKER_DEALER.tsv,FILE_NUM,False,FUND_REPORTED_INFO.tsv,ncen_broker_dealer_raw,text_preserve_lexical,operating_and_governance,raw_and_typed_projection,source_rows_equal_raw_rows,e9ea96c869370e6618093f18afd0b30ccc1736ee39d53c6309336081e041af92;fb55228ca976c43955c9a49bccf2bc21c8b70d3c7194f936f13289f06acca737
ncen,BROKER_DEALER.tsv,FUND_ID,False,FUND_REPORTED_INFO.tsv,ncen_broker_dealer_raw,text_preserve_lexical,operating_and_governance,raw_and_typed_projection,source_rows_equal_raw_rows,e9ea96c869370e6618093f18afd0b30ccc1736ee39d53c6309336081e041af92;fb55228ca976c43955c9a49bccf2bc21c8b70d3c7194f936f13289f06acca737
ncen,BROKER_DEALER.tsv,STATE,False,FUND_REPORTED_INFO.tsv,ncen_broker_dealer_raw,text_preserve_lexical,operating_and_governance,raw_and_typed_projection,source_rows_equal_raw_rows,e9ea96c869370e6618093f18afd0b30ccc1736ee39d53c6309336081e041af92;fb55228ca976c43955c9a49bccf2bc21c8b70d3c7194f936f13289f06acca737
ncen,CCO_EMPLOYER.tsv,ACCESSION_NUMBER,False,SUBMISSION.tsv,ncen_cco_employer_raw,text_preserve_lexical,identity_and_lineage,raw_and_typed_projection,source_rows_equal_raw_rows,e9ea96c869370e6618093f18afd0b30ccc1736ee39d53c6309336081e041af92;fb55228ca976c43955c9a49bccf2bc21c8b70d3c7194f936f13289f06acca737
ncen,CCO_EMPLOYER.tsv,CCO_EMPLOYER_ID,False,SUBMISSION.tsv,ncen_cco_employer_raw,text_preserve_lexical,operating_and_governance,raw_and_typed_projection,source_rows_equal_raw_rows,e9ea96c869370e6618093f18afd0b30ccc1736ee39d53c6309336081e041af92;fb55228ca976c43955c9a49bccf2bc21c8b70d3c7194f936f13289f06acca737
ncen,CCO_EMPLOYER.tsv,CCO_EMPLOYER_NAME,False,SUBMISSION.tsv,ncen_cco_employer_raw,text_preserve_lexical,operating_and_governance,raw_and_typed_projection,source_rows_equal_raw_rows,e9ea96c869370e6618093f18afd0b30ccc1736ee39d53c6309336081e041af92;fb55228ca976c43955c9a49bccf2bc21c8b70d3c7194f936f13289f06acca737
ncen,CCO_EMPLOYER.tsv,CCO_SEQNUM,False,SUBMISSION.tsv,ncen_cco_employer_raw,decimal_preserve_lexical,operating_and_governance,raw_and_typed_projection,source_rows_equal_raw_rows,e9ea96c869370e6618093f18afd0b30ccc1736ee39d53c6309336081e041af92;fb55228ca976c43955c9a49bccf2bc21c8b70d3c7194f936f13289f06acca737
ncen,CHIEF_COMPLIANCE_OFFICER.tsv,ACCESSION_NUMBER,True,SUBMISSION.tsv,ncen_chief_compliance_officer_raw,text_preserve_lexical,identity_and_lineage,raw_and_typed_projection,source_rows_equal_raw_rows,e9ea96c869370e6618093f18afd0b30ccc1736ee39d53c6309336081e041af92;fb55228ca976c43955c9a49bccf2bc21c8b70d3c7194f936f13289f06acca737
ncen,CHIEF_COMPLIANCE_OFFICER.tsv,CCO_ADDRESS1,False,SUBMISSION.tsv,ncen_chief_compliance_officer_raw,text_preserve_lexical,operating_and_governance,raw_and_typed_projection,source_rows_equal_raw_rows,e9ea96c869370e6618093f18afd0b30ccc1736ee39d53c6309336081e041af92;fb55228ca976c43955c9a49bccf2bc21c8b70d3c7194f936f13289f06acca737
ncen,CHIEF_COMPLIANCE_OFFICER.tsv,CCO_ADDRESS2,False,SUBMISSION.tsv,ncen_chief_compliance_officer_raw,text_preserve_lexical,operating_and_governance,raw_and_typed_projection,source_rows_equal_raw_rows,e9ea96c869370e6618093f18afd0b30ccc1736ee39d53c6309336081e041af92;fb55228ca976c43955c9a49bccf2bc21c8b70d3c7194f936f13289f06acca737
ncen,CHIEF_COMPLIANCE_OFFICER.tsv,CCO_CITY,False,SUBMISSION.tsv,ncen_chief_compliance_officer_raw,text_preserve_lexical,operating_and_governance,raw_and_typed_projection,source_rows_equal_raw_rows,e9ea96c869370e6618093f18afd0b30ccc1736ee39d53c6309336081e041af92;fb55228ca976c43955c9a49bccf2bc21c8b70d3c7194f936f13289f06acca737
ncen,CHIEF_COMPLIANCE_OFFICER.tsv,CCO_NAME,False,SUBMISSION.tsv,ncen_chief_compliance_officer_raw,text_preserve_lexical,operating_and_governance,raw_and_typed_projection,source_rows_equal_raw_rows,e9ea96c869370e6618093f18afd0b30ccc1736ee39d53c6309336081e041af92;fb55228ca976c43955c9a49bccf2bc21c8b70d3c7194f936f13289f06acca737
ncen,CHIEF_COMPLIANCE_OFFICER.tsv,CCO_SEQNUM,True,SUBMISSION.tsv,ncen_chief_compliance_officer_raw,decimal_preserve_lexical,operating_and_governance,raw_and_typed_projection,source_rows_equal_raw_rows,e9ea96c869370e6618093f18afd0b30ccc1736ee39d53c6309336081e041af92;fb55228ca976c43955c9a49bccf2bc21c8b70d3c7194f936f13289f06acca737
ncen,CHIEF_COMPLIANCE_OFFICER.tsv,CCO_ZIP,False,SUBMISSION.tsv,ncen_chief_compliance_officer_raw,text_preserve_lexical,operating_and_governance,raw_and_typed_projection,source_rows_equal_raw_rows,e9ea96c869370e6618093f18afd0b30ccc1736ee39d53c6309336081e041af92;fb55228ca976c43955c9a49bccf2bc21c8b70d3c7194f936f13289f06acca737
ncen,CHIEF_COMPLIANCE_OFFICER.tsv,COUNTRY,False,SUBMISSION.tsv,ncen_chief_compliance_officer_raw,text_preserve_lexical,operating_and_governance,raw_and_typed_projection,source_rows_equal_raw_rows,e9ea96c869370e6618093f18afd0b30ccc1736ee39d53c6309336081e041af92;fb55228ca976c43955c9a49bccf2bc21c8b70d3c7194f936f13289f06acca737
ncen,CHIEF_COMPLIANCE_OFFICER.tsv,CRD_NUMBER,False,SUBMISSION.tsv,ncen_chief_compliance_officer_raw,text_preserve_lexical,operating_and_governance,raw_and_typed_projection,source_rows_equal_raw_rows,e9ea96c869370e6618093f18afd0b30ccc1736ee39d53c6309336081e041af92;fb55228ca976c43955c9a49bccf2bc21c8b70d3c7194f936f13289f06acca737
ncen,CHIEF_COMPLIANCE_OFFICER.tsv,IS_CHANGED_SINCE_LAST_FILING,False,SUBMISSION.tsv,ncen_chief_compliance_officer_raw,text_preserve_lexical,operating_and_governance,raw_and_typed_projection,source_rows_equal_raw_rows,e9ea96c869370e6618093f18afd0b30ccc1736ee39d53c6309336081e041af92;fb55228ca976c43955c9a49bccf2bc21c8b70d3c7194f936f13289f06acca737
ncen,CHIEF_COMPLIANCE_OFFICER.tsv,STATE,False,SUBMISSION.tsv,ncen_chief_compliance_officer_raw,text_preserve_lexical,operating_and_governance,raw_and_typed_projection,source_rows_equal_raw_rows,e9ea96c869370e6618093f18afd0b30ccc1736ee39d53c6309336081e041af92;fb55228ca976c43955c9a49bccf2bc21c8b70d3c7194f936f13289f06acca737
ncen,COLLATERAL_MANAGER.tsv,COLLATERAL_MANAGER_LEI,False,FUND_REPORTED_INFO.tsv,ncen_collateral_manager_raw,text_preserve_lexical,operating_and_governance,raw_and_typed_projection,source_rows_equal_raw_rows,e9ea96c869370e6618093f18afd0b30ccc1736ee39d53c6309336081e041af92;fb55228ca976c43955c9a49bccf2bc21c8b70d3c7194f936f13289f06acca737
ncen,COLLATERAL_MANAGER.tsv,COLLATERAL_MANAGER_NAME,False,FUND_REPORTED_INFO.tsv,ncen_collateral_manager_raw,text_preserve_lexical,operating_and_governance,raw_and_typed_projection,source_rows_equal_raw_rows,e9ea96c869370e6618093f18afd0b30ccc1736ee39d53c6309336081e041af92;fb55228ca976c43955c9a49bccf2bc21c8b70d3c7194f936f13289f06acca737
ncen,COLLATERAL_MANAGER.tsv,FUND_ID,False,FUND_REPORTED_INFO.tsv,ncen_collateral_manager_raw,text_preserve_lexical,operating_and_governance,raw_and_typed_projection,source_rows_equal_raw_rows,e9ea96c869370e6618093f18afd0b30ccc1736ee39d53c6309336081e041af92;fb55228ca976c43955c9a49bccf2bc21c8b70d3c7194f936f13289f06acca737
ncen,COLLATERAL_MANAGER.tsv,IS_AFFILIATED,False,FUND_REPORTED_INFO.tsv,ncen_collateral_manager_raw,text_preserve_lexical,operating_and_governance,raw_and_typed_projection,source_rows_equal_raw_rows,e9ea96c869370e6618093f18afd0b30ccc1736ee39d53c6309336081e041af92;fb55228ca976c43955c9a49bccf2bc21c8b70d3c7194f936f13289f06acca737
ncen,COLLATERAL_MANAGER.tsv,IS_AFFILIATED_WITH_FUND,False,FUND_REPORTED_INFO.tsv,ncen_collateral_manager_raw,text_preserve_lexical,operating_and_governance,raw_and_typed_projection,source_rows_equal_raw_rows,e9ea96c869370e6618093f18afd0b30ccc1736ee39d53c6309336081e041af92;fb55228ca976c43955c9a49bccf2bc21c8b70d3c7194f936f13289f06acca737
ncen,CONTRACT_SECURITY.tsv,ACCESSION_NUMBER,False,SUBMISSION.tsv,ncen_contract_security_raw,text_preserve_lexical,identity_and_lineage,raw_and_typed_projection,source_rows_equal_raw_rows,e9ea96c869370e6618093f18afd0b30ccc1736ee39d53c6309336081e041af92;fb55228ca976c43955c9a49bccf2bc21c8b70d3c7194f936f13289f06acca737
ncen,CONTRACT_SECURITY.tsv,CONTRACT_ID,False,SUBMISSION.tsv,ncen_contract_security_raw,text_preserve_lexical,holdings_and_composition,raw_and_typed_projection,source_rows_equal_raw_rows,e9ea96c869370e6618093f18afd0b30ccc1736ee39d53c6309336081e041af92;fb55228ca976c43955c9a49bccf2bc21c8b70d3c7194f936f13289f06acca737
ncen,CONTRACT_SECURITY.tsv,CONTRACT_VALUE_REDEEMED,False,SUBMISSION.tsv,ncen_contract_security_raw,decimal_preserve_lexical,holdings_and_composition,raw_and_typed_projection,source_rows_equal_raw_rows,e9ea96c869370e6618093f18afd0b30ccc1736ee39d53c6309336081e041af92;fb55228ca976c43955c9a49bccf2bc21c8b70d3c7194f936f13289f06acca737
ncen,CONTRACT_SECURITY.tsv,CONTRAC_VALUE_REDEEMED_SEC1035,False,SUBMISSION.tsv,ncen_contract_security_raw,decimal_preserve_lexical,holdings_and_composition,raw_and_typed_projection,source_rows_equal_raw_rows,e9ea96c869370e6618093f18afd0b30ccc1736ee39d53c6309336081e041af92;fb55228ca976c43955c9a49bccf2bc21c8b70d3c7194f936f13289f06acca737
ncen,CONTRACT_SECURITY.tsv,GROSS_PREMIUM_RECEIVED,False,SUBMISSION.tsv,ncen_contract_security_raw,decimal_preserve_lexical,holdings_and_composition,raw_and_typed_projection,source_rows_equal_raw_rows,e9ea96c869370e6618093f18afd0b30ccc1736ee39d53c6309336081e041af92;fb55228ca976c43955c9a49bccf2bc21c8b70d3c7194f936f13289f06acca737
ncen,CONTRACT_SECURITY.tsv,GROSS_PREMIUM_RECEIVED_SEC1035,False,SUBMISSION.tsv,ncen_contract_security_raw,decimal_preserve_lexical,holdings_and_composition,raw_and_typed_projection,source_rows_equal_raw_rows,e9ea96c869370e6618093f18afd0b30ccc1736ee39d53c6309336081e041af92;fb55228ca976c43955c9a49bccf2bc21c8b70d3c7194f936f13289f06acca737
ncen,CONTRACT_SECURITY.tsv,NUM_CONTRACT_AFFECTED_PAID,False,SUBMISSION.tsv,ncen_contract_security_raw,decimal_preserve_lexical,holdings_and_composition,raw_and_typed_projection,source_rows_equal_raw_rows,e9ea96c869370e6618093f18afd0b30ccc1736ee39d53c6309336081e041af92;fb55228ca976c43955c9a49bccf2bc21c8b70d3c7194f936f13289f06acca737
ncen,CONTRACT_SECURITY.tsv,NUM_CONTRACT_AFFECTED_REDEEMED,False,SUBMISSION.tsv,ncen_contract_security_raw,decimal_preserve_lexical,holdings_and_composition,raw_and_typed_projection,source_rows_equal_raw_rows,e9ea96c869370e6618093f18afd0b30ccc1736ee39d53c6309336081e041af92;fb55228ca976c43955c9a49bccf2bc21c8b70d3c7194f936f13289f06acca737
ncen,CONTRACT_SECURITY.tsv,NUM_CONTRACT_SOLD,False,SUBMISSION.tsv,ncen_contract_security_raw,decimal_preserve_lexical,holdings_and_composition,raw_and_typed_projection,source_rows_equal_raw_rows,e9ea96c869370e6618093f18afd0b30ccc1736ee39d53c6309336081e041af92;fb55228ca976c43955c9a49bccf2bc21c8b70d3c7194f936f13289f06acca737
ncen,CONTRACT_SECURITY.tsv,SECURITY_NAME,False,SUBMISSION.tsv,ncen_contract_security_raw,text_preserve_lexical,holdings_and_composition,raw_and_typed_projection,source_rows_equal_raw_rows,e9ea96c869370e6618093f18afd0b30ccc1736ee39d53c6309336081e041af92;fb55228ca976c43955c9a49bccf2bc21c8b70d3c7194f936f13289f06acca737
ncen,CONTRACT_SECURITY.tsv,TOTAL_ASSET,False,SUBMISSION.tsv,ncen_contract_security_raw,decimal_preserve_lexical,holdings_and_composition,raw_and_typed_projection,source_rows_equal_raw_rows,e9ea96c869370e6618093f18afd0b30ccc1736ee39d53c6309336081e041af92;fb55228ca976c43955c9a49bccf2bc21c8b70d3c7194f936f13289f06acca737
ncen,CREDIT_USER.tsv,FUND_ID,False,FUND_REPORTED_INFO.tsv,ncen_credit_user_raw,text_preserve_lexical,operating_and_governance,raw_and_typed_projection,source_rows_equal_raw_rows,e9ea96c869370e6618093f18afd0b30ccc1736ee39d53c6309336081e041af92;fb55228ca976c43955c9a49bccf2bc21c8b70d3c7194f936f13289f06acca737
ncen,CREDIT_USER.tsv,FUND_NAME,False,FUND_REPORTED_INFO.tsv,ncen_credit_user_raw,text_preserve_lexical,operating_and_governance,raw_and_typed_projection,source_rows_equal_raw_rows,e9ea96c869370e6618093f18afd0b30ccc1736ee39d53c6309336081e041af92;fb55228ca976c43955c9a49bccf2bc21c8b70d3c7194f936f13289f06acca737
ncen,CREDIT_USER.tsv,LINE_OF_CREDIT_SEQNUM,False,FUND_REPORTED_INFO.tsv,ncen_credit_user_raw,decimal_preserve_lexical,operating_and_governance,raw_and_typed_projection,source_rows_equal_raw_rows,e9ea96c869370e6618093f18afd0b30ccc1736ee39d53c6309336081e041af92;fb55228ca976c43955c9a49bccf2bc21c8b70d3c7194f936f13289f06acca737
ncen,CREDIT_USER.tsv,SEC_FILE_NUM,False,FUND_REPORTED_INFO.tsv,ncen_credit_user_raw,text_preserve_lexical,operating_and_governance,raw_and_typed_projection,source_rows_equal_raw_rows,e9ea96c869370e6618093f18afd0b30ccc1736ee39d53c6309336081e041af92;fb55228ca976c43955c9a49bccf2bc21c8b70d3c7194f936f13289f06acca737
ncen,CUSTODIAN.tsv,COUNTRY,False,FUND_REPORTED_INFO.tsv,ncen_custodian_raw,text_preserve_lexical,operating_and_governance,raw_and_typed_projection,source_rows_equal_raw_rows,e9ea96c869370e6618093f18afd0b30ccc1736ee39d53c6309336081e041af92;fb55228ca976c43955c9a49bccf2bc21c8b70d3c7194f936f13289f06acca737
ncen,CUSTODIAN.tsv,CUSTODIAN_LEI,False,FUND_REPORTED_INFO.tsv,ncen_custodian_raw,text_preserve_lexical,operating_and_governance,raw_and_typed_projection,source_rows_equal_raw_rows,e9ea96c869370e6618093f18afd0b30ccc1736ee39d53c6309336081e041af92;fb55228ca976c43955c9a49bccf2bc21c8b70d3c7194f936f13289f06acca737
ncen,CUSTODIAN.tsv,CUSTODIAN_NAME,False,FUND_REPORTED_INFO.tsv,ncen_custodian_raw,text_preserve_lexical,operating_and_governance,raw_and_typed_projection,source_rows_equal_raw_rows,e9ea96c869370e6618093f18afd0b30ccc1736ee39d53c6309336081e041af92;fb55228ca976c43955c9a49bccf2bc21c8b70d3c7194f936f13289f06acca737
ncen,CUSTODIAN.tsv,CUSTODY_TYPE,False,FUND_REPORTED_INFO.tsv,ncen_custodian_raw,text_preserve_lexical,operating_and_governance,raw_and_typed_projection,source_rows_equal_raw_rows,e9ea96c869370e6618093f18afd0b30ccc1736ee39d53c6309336081e041af92;fb55228ca976c43955c9a49bccf2bc21c8b70d3c7194f936f13289f06acca737
ncen,CUSTODIAN.tsv,FUND_ID,False,FUND_REPORTED_INFO.tsv,ncen_custodian_raw,text_preserve_lexical,operating_and_governance,raw_and_typed_projection,source_rows_equal_raw_rows,e9ea96c869370e6618093f18afd0b30ccc1736ee39d53c6309336081e041af92;fb55228ca976c43955c9a49bccf2bc21c8b70d3c7194f936f13289f06acca737
ncen,CUSTODIAN.tsv,IS_AFFILIATED,False,FUND_REPORTED_INFO.tsv,ncen_custodian_raw,text_preserve_lexical,operating_and_governance,raw_and_typed_projection,source_rows_equal_raw_rows,e9ea96c869370e6618093f18afd0b30ccc1736ee39d53c6309336081e041af92;fb55228ca976c43955c9a49bccf2bc21c8b70d3c7194f936f13289f06acca737
ncen,CUSTODIAN.tsv,IS_SUB_CUSTODIAN,False,FUND_REPORTED_INFO.tsv,ncen_custodian_raw,text_preserve_lexical,operating_and_governance,raw_and_typed_projection,source_rows_equal_raw_rows,e9ea96c869370e6618093f18afd0b30ccc1736ee39d53c6309336081e041af92;fb55228ca976c43955c9a49bccf2bc21c8b70d3c7194f936f13289f06acca737
ncen,CUSTODIAN.tsv,OTHER_CUSTODIAN_DESC,False,FUND_REPORTED_INFO.tsv,ncen_custodian_raw,text_preserve_lexical,operating_and_governance,raw_and_typed_projection,source_rows_equal_raw_rows,e9ea96c869370e6618093f18afd0b30ccc1736ee39d53c6309336081e041af92;fb55228ca976c43955c9a49bccf2bc21c8b70d3c7194f936f13289f06acca737
ncen,CUSTODIAN.tsv,SOURCE,False,FUND_REPORTED_INFO.tsv,ncen_custodian_raw,text_preserve_lexical,operating_and_governance,raw_and_typed_projection,source_rows_equal_raw_rows,e9ea96c869370e6618093f18afd0b30ccc1736ee39d53c6309336081e041af92;fb55228ca976c43955c9a49bccf2bc21c8b70d3c7194f936f13289f06acca737
ncen,CUSTODIAN.tsv,STATE,False,FUND_REPORTED_INFO.tsv,ncen_custodian_raw,text_preserve_lexical,operating_and_governance,raw_and_typed_projection,source_rows_equal_raw_rows,e9ea96c869370e6618093f18afd0b30ccc1736ee39d53c6309336081e041af92;fb55228ca976c43955c9a49bccf2bc21c8b70d3c7194f936f13289f06acca737
ncen,DEPOSITOR.tsv,ACCESSION_NUMBER,False,SUBMISSION.tsv,ncen_depositor_raw,text_preserve_lexical,identity_and_lineage,raw_and_typed_projection,source_rows_equal_raw_rows,e9ea96c869370e6618093f18afd0b30ccc1736ee39d53c6309336081e041af92;fb55228ca976c43955c9a49bccf2bc21c8b70d3c7194f936f13289f06acca737
ncen,DEPOSITOR.tsv,COUNTRY,False,SUBMISSION.tsv,ncen_depositor_raw,text_preserve_lexical,operating_and_governance,raw_and_typed_projection,source_rows_equal_raw_rows,e9ea96c869370e6618093f18afd0b30ccc1736ee39d53c6309336081e041af92;fb55228ca976c43955c9a49bccf2bc21c8b70d3c7194f936f13289f06acca737
ncen,DEPOSITOR.tsv,CRD_NUM,False,SUBMISSION.tsv,ncen_depositor_raw,text_preserve_lexical,operating_and_governance,raw_and_typed_projection,source_rows_equal_raw_rows,e9ea96c869370e6618093f18afd0b30ccc1736ee39d53c6309336081e041af92;fb55228ca976c43955c9a49bccf2bc21c8b70d3c7194f936f13289f06acca737
ncen,DEPOSITOR.tsv,DEPOSITOR_LEI,False,SUBMISSION.tsv,ncen_depositor_raw,text_preserve_lexical,operating_and_governance,raw_and_typed_projection,source_rows_equal_raw_rows,e9ea96c869370e6618093f18afd0b30ccc1736ee39d53c6309336081e041af92;fb55228ca976c43955c9a49bccf2bc21c8b70d3c7194f936f13289f06acca737
ncen,DEPOSITOR.tsv,DEPOSITOR_NAME,False,SUBMISSION.tsv,ncen_depositor_raw,text_preserve_lexical,operating_and_governance,raw_and_typed_projection,source_rows_equal_raw_rows,e9ea96c869370e6618093f18afd0b30ccc1736ee39d53c6309336081e041af92;fb55228ca976c43955c9a49bccf2bc21c8b70d3c7194f936f13289f06acca737
ncen,DEPOSITOR.tsv,STATE,False,SUBMISSION.tsv,ncen_depositor_raw,text_preserve_lexical,operating_and_governance,raw_and_typed_projection,source_rows_equal_raw_rows,e9ea96c869370e6618093f18afd0b30ccc1736ee39d53c6309336081e041af92;fb55228ca976c43955c9a49bccf2bc21c8b70d3c7194f936f13289f06acca737
ncen,DEPOSITOR.tsv,ULTIMATE_PARENT_NAME,False,SUBMISSION.tsv,ncen_depositor_raw,text_preserve_lexical,operating_and_governance,raw_and_typed_projection,source_rows_equal_raw_rows,e9ea96c869370e6618093f18afd0b30ccc1736ee39d53c6309336081e041af92;fb55228ca976c43955c9a49bccf2bc21c8b70d3c7194f936f13289f06acca737
ncen,DIRECTOR.tsv,ACCESSION_NUMBER,True,SUBMISSION.tsv,ncen_director_raw,text_preserve_lexical,identity_and_lineage,raw_and_typed_projection,source_rows_equal_raw_rows,e9ea96c869370e6618093f18afd0b30ccc1736ee39d53c6309336081e041af92;fb55228ca976c43955c9a49bccf2bc21c8b70d3c7194f936f13289f06acca737
ncen,DIRECTOR.tsv,CRD_NUMBER,False,SUBMISSION.tsv,ncen_director_raw,text_preserve_lexical,operating_and_governance,raw_and_typed_projection,source_rows_equal_raw_rows,e9ea96c869370e6618093f18afd0b30ccc1736ee39d53c6309336081e041af92;fb55228ca976c43955c9a49bccf2bc21c8b70d3c7194f936f13289f06acca737
ncen,DIRECTOR.tsv,DIRECTOR_NAME,False,SUBMISSION.tsv,ncen_director_raw,text_preserve_lexical,operating_and_governance,raw_and_typed_projection,source_rows_equal_raw_rows,e9ea96c869370e6618093f18afd0b30ccc1736ee39d53c6309336081e041af92;fb55228ca976c43955c9a49bccf2bc21c8b70d3c7194f936f13289f06acca737
ncen,DIRECTOR.tsv,DIRECTOR_SEQNUM,True,SUBMISSION.tsv,ncen_director_raw,decimal_preserve_lexical,operating_and_governance,raw_and_typed_projection,source_rows_equal_raw_rows,e9ea96c869370e6618093f18afd0b30ccc1736ee39d53c6309336081e041af92;fb55228ca976c43955c9a49bccf2bc21c8b70d3c7194f936f13289f06acca737
ncen,DIRECTOR.tsv,IS_INTERESTED_PERSON,False,SUBMISSION.tsv,ncen_director_raw,text_preserve_lexical,operating_and_governance,raw_and_typed_projection,source_rows_equal_raw_rows,e9ea96c869370e6618093f18afd0b30ccc1736ee39d53c6309336081e041af92;fb55228ca976c43955c9a49bccf2bc21c8b70d3c7194f936f13289f06acca737
ncen,DIRECTOR_FILE_NUMBER.tsv,ACCESSION_NUMBER,False,DIRECTOR.tsv,ncen_director_file_number_raw,text_preserve_lexical,identity_and_lineage,raw_and_typed_projection,source_rows_equal_raw_rows,e9ea96c869370e6618093f18afd0b30ccc1736ee39d53c6309336081e041af92;fb55228ca976c43955c9a49bccf2bc21c8b70d3c7194f936f13289f06acca737
ncen,DIRECTOR_FILE_NUMBER.tsv,DIRECTOR_SEQNUM,False,DIRECTOR.tsv,ncen_director_file_number_raw,decimal_preserve_lexical,operating_and_governance,raw_and_typed_projection,source_rows_equal_raw_rows,e9ea96c869370e6618093f18afd0b30ccc1736ee39d53c6309336081e041af92;fb55228ca976c43955c9a49bccf2bc21c8b70d3c7194f936f13289f06acca737
ncen,DIRECTOR_FILE_NUMBER.tsv,FILE_NUMBER,False,DIRECTOR.tsv,ncen_director_file_number_raw,text_preserve_lexical,operating_and_governance,raw_and_typed_projection,source_rows_equal_raw_rows,e9ea96c869370e6618093f18afd0b30ccc1736ee39d53c6309336081e041af92;fb55228ca976c43955c9a49bccf2bc21c8b70d3c7194f936f13289f06acca737
ncen,DIVESTMENT.tsv,ACCESSION_NUMBER,False,SUBMISSION.tsv,ncen_divestment_raw,text_preserve_lexical,identity_and_lineage,raw_and_typed_projection,source_rows_equal_raw_rows,e9ea96c869370e6618093f18afd0b30ccc1736ee39d53c6309336081e041af92;fb55228ca976c43955c9a49bccf2bc21c8b70d3c7194f936f13289f06acca737
ncen,DIVESTMENT.tsv,CUSIP,False,SUBMISSION.tsv,ncen_divestment_raw,text_preserve_lexical,operating_and_governance,raw_and_typed_projection,source_rows_equal_raw_rows,e9ea96c869370e6618093f18afd0b30ccc1736ee39d53c6309336081e041af92;fb55228ca976c43955c9a49bccf2bc21c8b70d3c7194f936f13289f06acca737
ncen,DIVESTMENT.tsv,DIVESTED_DATE,False,SUBMISSION.tsv,ncen_divestment_raw,date_field_specific_fail_preserve_lexical,operating_and_governance,raw_and_typed_projection,source_rows_equal_raw_rows,e9ea96c869370e6618093f18afd0b30ccc1736ee39d53c6309336081e041af92;fb55228ca976c43955c9a49bccf2bc21c8b70d3c7194f936f13289f06acca737
ncen,DIVESTMENT.tsv,DIVESTED_NUM_SHARES,False,SUBMISSION.tsv,ncen_divestment_raw,decimal_preserve_lexical,operating_and_governance,raw_and_typed_projection,source_rows_equal_raw_rows,e9ea96c869370e6618093f18afd0b30ccc1736ee39d53c6309336081e041af92;fb55228ca976c43955c9a49bccf2bc21c8b70d3c7194f936f13289f06acca737
ncen,DIVESTMENT.tsv,ISSUER_NAME,False,SUBMISSION.tsv,ncen_divestment_raw,text_preserve_lexical,operating_and_governance,raw_and_typed_projection,source_rows_equal_raw_rows,e9ea96c869370e6618093f18afd0b30ccc1736ee39d53c6309336081e041af92;fb55228ca976c43955c9a49bccf2bc21c8b70d3c7194f936f13289f06acca737
ncen,DIVESTMENT.tsv,STATUTE_NAME,False,SUBMISSION.tsv,ncen_divestment_raw,text_preserve_lexical,operating_and_governance,raw_and_typed_projection,source_rows_equal_raw_rows,e9ea96c869370e6618093f18afd0b30ccc1736ee39d53c6309336081e041af92;fb55228ca976c43955c9a49bccf2bc21c8b70d3c7194f936f13289f06acca737
ncen,DIVESTMENT.tsv,TICKER,False,SUBMISSION.tsv,ncen_divestment_raw,text_preserve_lexical,operating_and_governance,raw_and_typed_projection,source_rows_equal_raw_rows,e9ea96c869370e6618093f18afd0b30ccc1736ee39d53c6309336081e041af92;fb55228ca976c43955c9a49bccf2bc21c8b70d3c7194f936f13289f06acca737
ncen,DIVIDENDS_IN_ARREAR.tsv,AMOUNT_PER_SHARE_IN_ARREAR,False,FUND_REPORTED_INFO.tsv,ncen_dividends_in_arrear_raw,decimal_preserve_lexical,operating_and_governance,raw_and_typed_projection,source_rows_equal_raw_rows,e9ea96c869370e6618093f18afd0b30ccc1736ee39d53c6309336081e041af92;fb55228ca976c43955c9a49bccf2bc21c8b70d3c7194f936f13289f06acca737
ncen,DIVIDENDS_IN_ARREAR.tsv,FUND_ID,False,FUND_REPORTED_INFO.tsv,ncen_dividends_in_arrear_raw,text_preserve_lexical,operating_and_governance,raw_and_typed_projection,source_rows_equal_raw_rows,e9ea96c869370e6618093f18afd0b30ccc1736ee39d53c6309336081e041af92;fb55228ca976c43955c9a49bccf2bc21c8b70d3c7194f936f13289f06acca737
ncen,DIVIDENDS_IN_ARREAR.tsv,ISSUE_TITLE,False,FUND_REPORTED_INFO.tsv,ncen_dividends_in_arrear_raw,text_preserve_lexical,operating_and_governance,raw_and_typed_projection,source_rows_equal_raw_rows,e9ea96c869370e6618093f18afd0b30ccc1736ee39d53c6309336081e041af92;fb55228ca976c43955c9a49bccf2bc21c8b70d3c7194f936f13289f06acca737
ncen,ETF.tsv,ANNUAL_DIFF_AFTER_FEE_EXPENSE,False,FUND_REPORTED_INFO.tsv,ncen_etf_raw,decimal_preserve_lexical,fees_and_share_classes,raw_and_typed_projection,source_rows_equal_raw_rows,e9ea96c869370e6618093f18afd0b30ccc1736ee39d53c6309336081e041af92;fb55228ca976c43955c9a49bccf2bc21c8b70d3c7194f936f13289f06acca737
ncen,ETF.tsv,ANNUAL_DIFF_B4_FEE_EXPENSE,False,FUND_REPORTED_INFO.tsv,ncen_etf_raw,decimal_preserve_lexical,fees_and_share_classes,raw_and_typed_projection,source_rows_equal_raw_rows,e9ea96c869370e6618093f18afd0b30ccc1736ee39d53c6309336081e041af92;fb55228ca976c43955c9a49bccf2bc21c8b70d3c7194f936f13289f06acca737
ncen,ETF.tsv,ANNUAL_STDV_AFTER_FEE_EXPENSE,False,FUND_REPORTED_INFO.tsv,ncen_etf_raw,decimal_preserve_lexical,fees_and_share_classes,raw_and_typed_projection,source_rows_equal_raw_rows,e9ea96c869370e6618093f18afd0b30ccc1736ee39d53c6309336081e041af92;fb55228ca976c43955c9a49bccf2bc21c8b70d3c7194f936f13289f06acca737
ncen,ETF.tsv,ANNUAL_STDV_B4_FEE_EXPENSE,False,FUND_REPORTED_INFO.tsv,ncen_etf_raw,decimal_preserve_lexical,fees_and_share_classes,raw_and_typed_projection,source_rows_equal_raw_rows,e9ea96c869370e6618093f18afd0b30ccc1736ee39d53c6309336081e041af92;fb55228ca976c43955c9a49bccf2bc21c8b70d3c7194f936f13289f06acca737
ncen,ETF.tsv,FUND_ID,True,FUND_REPORTED_INFO.tsv,ncen_etf_raw,text_preserve_lexical,operating_and_governance,raw_and_typed_projection,source_rows_equal_raw_rows,e9ea96c869370e6618093f18afd0b30ccc1736ee39d53c6309336081e041af92;fb55228ca976c43955c9a49bccf2bc21c8b70d3c7194f936f13289f06acca737
ncen,ETF.tsv,FUND_NAME,False,FUND_REPORTED_INFO.tsv,ncen_etf_raw,text_preserve_lexical,operating_and_governance,raw_and_typed_projection,source_rows_equal_raw_rows,e9ea96c869370e6618093f18afd0b30ccc1736ee39d53c6309336081e041af92;fb55228ca976c43955c9a49bccf2bc21c8b70d3c7194f936f13289f06acca737
ncen,ETF.tsv,IS_COLLATERAL_REQUIRED,False,FUND_REPORTED_INFO.tsv,ncen_etf_raw,text_preserve_lexical,operating_and_governance,raw_and_typed_projection,source_rows_equal_raw_rows,e9ea96c869370e6618093f18afd0b30ccc1736ee39d53c6309336081e041af92;fb55228ca976c43955c9a49bccf2bc21c8b70d3c7194f936f13289f06acca737
ncen,ETF.tsv,IS_FUND_IN_KIND_ETF,False,FUND_REPORTED_INFO.tsv,ncen_etf_raw,text_preserve_lexical,operating_and_governance,raw_and_typed_projection,source_rows_equal_raw_rows,e9ea96c869370e6618093f18afd0b30ccc1736ee39d53c6309336081e041af92;fb55228ca976c43955c9a49bccf2bc21c8b70d3c7194f936f13289f06acca737
ncen,ETF.tsv,IS_PERF_TRACKED_AFFILIA_PERSON,False,FUND_REPORTED_INFO.tsv,ncen_etf_raw,text_preserve_lexical,operating_and_governance,raw_and_typed_projection,source_rows_equal_raw_rows,e9ea96c869370e6618093f18afd0b30ccc1736ee39d53c6309336081e041af92;fb55228ca976c43955c9a49bccf2bc21c8b70d3c7194f936f13289f06acca737
ncen,ETF.tsv,IS_PERF_TRACKED_EXCLUSIVELY,False,FUND_REPORTED_INFO.tsv,ncen_etf_raw,text_preserve_lexical,operating_and_governance,raw_and_typed_projection,source_rows_equal_raw_rows,e9ea96c869370e6618093f18afd0b30ccc1736ee39d53c6309336081e041af92;fb55228ca976c43955c9a49bccf2bc21c8b70d3c7194f936f13289f06acca737
ncen,ETF.tsv,NUM_SHARES_PER_CREATION_UNIT,False,FUND_REPORTED_INFO.tsv,ncen_etf_raw,decimal_preserve_lexical,operating_and_governance,raw_and_typed_projection,source_rows_equal_raw_rows,e9ea96c869370e6618093f18afd0b30ccc1736ee39d53c6309336081e041af92;fb55228ca976c43955c9a49bccf2bc21c8b70d3c7194f936f13289f06acca737
ncen,ETF.tsv,PURCHASED_AVG_PCT_CASH,False,FUND_REPORTED_INFO.tsv,ncen_etf_raw,decimal_preserve_lexical,operating_and_governance,raw_and_typed_projection,source_rows_equal_raw_rows,e9ea96c869370e6618093f18afd0b30ccc1736ee39d53c6309336081e041af92;fb55228ca976c43955c9a49bccf2bc21c8b70d3c7194f936f13289f06acca737
ncen,ETF.tsv,PURCHASED_AVG_PCT_NON_CASH,False,FUND_REPORTED_INFO.tsv,ncen_etf_raw,decimal_preserve_lexical,operating_and_governance,raw_and_typed_projection,source_rows_equal_raw_rows,e9ea96c869370e6618093f18afd0b30ccc1736ee39d53c6309336081e041af92;fb55228ca976c43955c9a49bccf2bc21c8b70d3c7194f936f13289f06acca737
ncen,ETF.tsv,PURCHASED_STDV_PCT_CASH,False,FUND_REPORTED_INFO.tsv,ncen_etf_raw,decimal_preserve_lexical,operating_and_governance,raw_and_typed_projection,source_rows_equal_raw_rows,e9ea96c869370e6618093f18afd0b30ccc1736ee39d53c6309336081e041af92;fb55228ca976c43955c9a49bccf2bc21c8b70d3c7194f936f13289f06acca737
ncen,ETF.tsv,PURCHASED_STDV_PCT_NON_CASH,False,FUND_REPORTED_INFO.tsv,ncen_etf_raw,decimal_preserve_lexical,operating_and_governance,raw_and_typed_projection,source_rows_equal_raw_rows,e9ea96c869370e6618093f18afd0b30ccc1736ee39d53c6309336081e041af92;fb55228ca976c43955c9a49bccf2bc21c8b70d3c7194f936f13289f06acca737
ncen,ETF.tsv,PURCH_AVG_FEE_CASH_PERCENTAGE,False,FUND_REPORTED_INFO.tsv,ncen_etf_raw,decimal_preserve_lexical,fees_and_share_classes,raw_and_typed_projection,source_rows_equal_raw_rows,e9ea96c869370e6618093f18afd0b30ccc1736ee39d53c6309336081e041af92;fb55228ca976c43955c9a49bccf2bc21c8b70d3c7194f936f13289f06acca737
ncen,ETF.tsv,PURCH_AVG_FEE_CASH_PER_UNIT,False,FUND_REPORTED_INFO.tsv,ncen_etf_raw,decimal_preserve_lexical,fees_and_share_classes,raw_and_typed_projection,source_rows_equal_raw_rows,e9ea96c869370e6618093f18afd0b30ccc1736ee39d53c6309336081e041af92;fb55228ca976c43955c9a49bccf2bc21c8b70d3c7194f936f13289f06acca737
ncen,ETF.tsv,PURCH_AVG_FEE_CASH_SAME_DAY,False,FUND_REPORTED_INFO.tsv,ncen_etf_raw,decimal_preserve_lexical,fees_and_share_classes,raw_and_typed_projection,source_rows_equal_raw_rows,e9ea96c869370e6618093f18afd0b30ccc1736ee39d53c6309336081e041af92;fb55228ca976c43955c9a49bccf2bc21c8b70d3c7194f936f13289f06acca737
ncen,ETF.tsv,PURCH_AVG_FEE_PERCENTAGE,False,FUND_REPORTED_INFO.tsv,ncen_etf_raw,decimal_preserve_lexical,fees_and_share_classes,raw_and_typed_projection,source_rows_equal_raw_rows,e9ea96c869370e6618093f18afd0b30ccc1736ee39d53c6309336081e041af92;fb55228ca976c43955c9a49bccf2bc21c8b70d3c7194f936f13289f06acca737
ncen,ETF.tsv,PURCH_AVG_FEE_PER_UNIT,False,FUND_REPORTED_INFO.tsv,ncen_etf_raw,decimal_preserve_lexical,fees_and_share_classes,raw_and_typed_projection,source_rows_equal_raw_rows,e9ea96c869370e6618093f18afd0b30ccc1736ee39d53c6309336081e041af92;fb55228ca976c43955c9a49bccf2bc21c8b70d3c7194f936f13289f06acca737
ncen,ETF.tsv,PURCH_AVG_FEE_SAME_DAY,False,FUND_REPORTED_INFO.tsv,ncen_etf_raw,decimal_preserve_lexical,fees_and_share_classes,raw_and_typed_projection,source_rows_equal_raw_rows,e9ea96c869370e6618093f18afd0b30ccc1736ee39d53c6309336081e041af92;fb55228ca976c43955c9a49bccf2bc21c8b70d3c7194f936f13289f06acca737
ncen,ETF.tsv,REDEEMED_AVG_PCT_CASH,False,FUND_REPORTED_INFO.tsv,ncen_etf_raw,decimal_preserve_lexical,operating_and_governance,raw_and_typed_projection,source_rows_equal_raw_rows,e9ea96c869370e6618093f18afd0b30ccc1736ee39d53c6309336081e041af92;fb55228ca976c43955c9a49bccf2bc21c8b70d3c7194f936f13289f06acca737
ncen,ETF.tsv,REDEEMED_AVG_PCT_NON_CASH,False,FUND_REPORTED_INFO.tsv,ncen_etf_raw,decimal_preserve_lexical,operating_and_governance,raw_and_typed_projection,source_rows_equal_raw_rows,e9ea96c869370e6618093f18afd0b30ccc1736ee39d53c6309336081e041af92;fb55228ca976c43955c9a49bccf2bc21c8b70d3c7194f936f13289f06acca737
ncen,ETF.tsv,REDEEMED_SHARES_PER_CREATION_UNIT,False,FUND_REPORTED_INFO.tsv,ncen_etf_raw,decimal_preserve_lexical,operating_and_governance,raw_and_typed_projection,source_rows_equal_raw_rows,e9ea96c869370e6618093f18afd0b30ccc1736ee39d53c6309336081e041af92
ncen,ETF.tsv,REDEEMED_STDV_PCT_CASH,False,FUND_REPORTED_INFO.tsv,ncen_etf_raw,decimal_preserve_lexical,operating_and_governance,raw_and_typed_projection,source_rows_equal_raw_rows,e9ea96c869370e6618093f18afd0b30ccc1736ee39d53c6309336081e041af92;fb55228ca976c43955c9a49bccf2bc21c8b70d3c7194f936f13289f06acca737
ncen,ETF.tsv,REDEEMED_STDV_PCT_NON_CASH,False,FUND_REPORTED_INFO.tsv,ncen_etf_raw,decimal_preserve_lexical,operating_and_governance,raw_and_typed_projection,source_rows_equal_raw_rows,e9ea96c869370e6618093f18afd0b30ccc1736ee39d53c6309336081e041af92;fb55228ca976c43955c9a49bccf2bc21c8b70d3c7194f936f13289f06acca737
ncen,ETF.tsv,REDEEM_AVG_FEE_CASH_PERCENTAGE,False,FUND_REPORTED_INFO.tsv,ncen_etf_raw,decimal_preserve_lexical,fees_and_share_classes,raw_and_typed_projection,source_rows_equal_raw_rows,e9ea96c869370e6618093f18afd0b30ccc1736ee39d53c6309336081e041af92;fb55228ca976c43955c9a49bccf2bc21c8b70d3c7194f936f13289f06acca737
ncen,ETF.tsv,REDEEM_AVG_FEE_CASH_PER_UNIT,False,FUND_REPORTED_INFO.tsv,ncen_etf_raw,decimal_preserve_lexical,fees_and_share_classes,raw_and_typed_projection,source_rows_equal_raw_rows,e9ea96c869370e6618093f18afd0b30ccc1736ee39d53c6309336081e041af92;fb55228ca976c43955c9a49bccf2bc21c8b70d3c7194f936f13289f06acca737
ncen,ETF.tsv,REDEEM_AVG_FEE_CASH_SAME_DAY,False,FUND_REPORTED_INFO.tsv,ncen_etf_raw,decimal_preserve_lexical,fees_and_share_classes,raw_and_typed_projection,source_rows_equal_raw_rows,e9ea96c869370e6618093f18afd0b30ccc1736ee39d53c6309336081e041af92;fb55228ca976c43955c9a49bccf2bc21c8b70d3c7194f936f13289f06acca737
ncen,ETF.tsv,REDEEM_AVG_FEE_PERCENTAGE,False,FUND_REPORTED_INFO.tsv,ncen_etf_raw,decimal_preserve_lexical,fees_and_share_classes,raw_and_typed_projection,source_rows_equal_raw_rows,e9ea96c869370e6618093f18afd0b30ccc1736ee39d53c6309336081e041af92;fb55228ca976c43955c9a49bccf2bc21c8b70d3c7194f936f13289f06acca737
ncen,ETF.tsv,REDEEM_AVG_FEE_PER_UNIT,False,FUND_REPORTED_INFO.tsv,ncen_etf_raw,decimal_preserve_lexical,fees_and_share_classes,raw_and_typed_projection,source_rows_equal_raw_rows,e9ea96c869370e6618093f18afd0b30ccc1736ee39d53c6309336081e041af92;fb55228ca976c43955c9a49bccf2bc21c8b70d3c7194f936f13289f06acca737
ncen,ETF.tsv,REDEEM_AVG_FEE_SAME_DAY,False,FUND_REPORTED_INFO.tsv,ncen_etf_raw,decimal_preserve_lexical,fees_and_share_classes,raw_and_typed_projection,source_rows_equal_raw_rows,e9ea96c869370e6618093f18afd0b30ccc1736ee39d53c6309336081e041af92;fb55228ca976c43955c9a49bccf2bc21c8b70d3c7194f936f13289f06acca737
ncen,ETF.tsv,SERIES_ID,False,FUND_REPORTED_INFO.tsv,ncen_etf_raw,text_preserve_lexical,identity_and_lineage,raw_and_typed_projection,source_rows_equal_raw_rows,e9ea96c869370e6618093f18afd0b30ccc1736ee39d53c6309336081e041af92;fb55228ca976c43955c9a49bccf2bc21c8b70d3c7194f936f13289f06acca737
ncen,FEEDER_FUNDS.tsv,FUND_ID,False,FUND_REPORTED_INFO.tsv,ncen_feeder_funds_raw,text_preserve_lexical,fees_and_share_classes,raw_and_typed_projection,source_rows_equal_raw_rows,e9ea96c869370e6618093f18afd0b30ccc1736ee39d53c6309336081e041af92;fb55228ca976c43955c9a49bccf2bc21c8b70d3c7194f936f13289f06acca737
ncen,FEEDER_FUNDS.tsv,FUND_NAME,False,FUND_REPORTED_INFO.tsv,ncen_feeder_funds_raw,text_preserve_lexical,fees_and_share_classes,raw_and_typed_projection,source_rows_equal_raw_rows,e9ea96c869370e6618093f18afd0b30ccc1736ee39d53c6309336081e041af92;fb55228ca976c43955c9a49bccf2bc21c8b70d3c7194f936f13289f06acca737
ncen,FEEDER_FUNDS.tsv,REGISTERED_FILE_NUM,False,FUND_REPORTED_INFO.tsv,ncen_feeder_funds_raw,text_preserve_lexical,fees_and_share_classes,raw_and_typed_projection,source_rows_equal_raw_rows,e9ea96c869370e6618093f18afd0b30ccc1736ee39d53c6309336081e041af92;fb55228ca976c43955c9a49bccf2bc21c8b70d3c7194f936f13289f06acca737
ncen,FEEDER_FUNDS.tsv,REGISTERED_FUND_LEI,False,FUND_REPORTED_INFO.tsv,ncen_feeder_funds_raw,text_preserve_lexical,fees_and_share_classes,raw_and_typed_projection,source_rows_equal_raw_rows,e9ea96c869370e6618093f18afd0b30ccc1736ee39d53c6309336081e041af92;fb55228ca976c43955c9a49bccf2bc21c8b70d3c7194f936f13289f06acca737
ncen,FEEDER_FUNDS.tsv,REGISTERED_SERIES_ID,False,FUND_REPORTED_INFO.tsv,ncen_feeder_funds_raw,text_preserve_lexical,identity_and_lineage,raw_and_typed_projection,source_rows_equal_raw_rows,e9ea96c869370e6618093f18afd0b30ccc1736ee39d53c6309336081e041af92;fb55228ca976c43955c9a49bccf2bc21c8b70d3c7194f936f13289f06acca737
ncen,FEEDER_FUNDS.tsv,UNREGISTERED_FILE_NUM,False,FUND_REPORTED_INFO.tsv,ncen_feeder_funds_raw,text_preserve_lexical,fees_and_share_classes,raw_and_typed_projection,source_rows_equal_raw_rows,e9ea96c869370e6618093f18afd0b30ccc1736ee39d53c6309336081e041af92;fb55228ca976c43955c9a49bccf2bc21c8b70d3c7194f936f13289f06acca737
ncen,FEEDER_FUNDS.tsv,UNREGISTERED_FUND_LEI,False,FUND_REPORTED_INFO.tsv,ncen_feeder_funds_raw,text_preserve_lexical,fees_and_share_classes,raw_and_typed_projection,source_rows_equal_raw_rows,e9ea96c869370e6618093f18afd0b30ccc1736ee39d53c6309336081e041af92;fb55228ca976c43955c9a49bccf2bc21c8b70d3c7194f936f13289f06acca737
ncen,FOREIGN_INVESTMENT.tsv,FOREIGN_SUBSIDIARY_LEI,False,FUND_REPORTED_INFO.tsv,ncen_foreign_investment_raw,text_preserve_lexical,operating_and_governance,raw_and_typed_projection,source_rows_equal_raw_rows,e9ea96c869370e6618093f18afd0b30ccc1736ee39d53c6309336081e041af92;fb55228ca976c43955c9a49bccf2bc21c8b70d3c7194f936f13289f06acca737
ncen,FOREIGN_INVESTMENT.tsv,FOREIGN_SUBSIDIARY_NAME,False,FUND_REPORTED_INFO.tsv,ncen_foreign_investment_raw,text_preserve_lexical,operating_and_governance,raw_and_typed_projection,source_rows_equal_raw_rows,e9ea96c869370e6618093f18afd0b30ccc1736ee39d53c6309336081e041af92;fb55228ca976c43955c9a49bccf2bc21c8b70d3c7194f936f13289f06acca737
ncen,FOREIGN_INVESTMENT.tsv,FUND_ID,False,FUND_REPORTED_INFO.tsv,ncen_foreign_investment_raw,text_preserve_lexical,operating_and_governance,raw_and_typed_projection,source_rows_equal_raw_rows,e9ea96c869370e6618093f18afd0b30ccc1736ee39d53c6309336081e041af92;fb55228ca976c43955c9a49bccf2bc21c8b70d3c7194f936f13289f06acca737
ncen,FUND_REPORTED_INFO.tsv,ACCESSION_NUMBER,True,SUBMISSION.tsv,ncen_fund_reported_info_raw,text_preserve_lexical,identity_and_lineage,raw_and_typed_projection,source_rows_equal_raw_rows,e9ea96c869370e6618093f18afd0b30ccc1736ee39d53c6309336081e041af92;fb55228ca976c43955c9a49bccf2bc21c8b70d3c7194f936f13289f06acca737
ncen,FUND_REPORTED_INFO.tsv,ADDED_NEW_SHARES_CNT,False,SUBMISSION.tsv,ncen_fund_reported_info_raw,decimal_preserve_lexical,operating_and_governance,raw_and_typed_projection,source_rows_equal_raw_rows,e9ea96c869370e6618093f18afd0b30ccc1736ee39d53c6309336081e041af92;fb55228ca976c43955c9a49bccf2bc21c8b70d3c7194f936f13289f06acca737
ncen,FUND_REPORTED_INFO.tsv,AGG_COMMISSION,False,SUBMISSION.tsv,ncen_fund_reported_info_raw,decimal_preserve_lexical,operating_and_governance,raw_and_typed_projection,source_rows_equal_raw_rows,e9ea96c869370e6618093f18afd0b30ccc1736ee39d53c6309336081e041af92;fb55228ca976c43955c9a49bccf2bc21c8b70d3c7194f936f13289f06acca737
ncen,FUND_REPORTED_INFO.tsv,AGG_PRINCIPAL,False,SUBMISSION.tsv,ncen_fund_reported_info_raw,decimal_preserve_lexical,operating_and_governance,raw_and_typed_projection,source_rows_equal_raw_rows,e9ea96c869370e6618093f18afd0b30ccc1736ee39d53c6309336081e041af92;fb55228ca976c43955c9a49bccf2bc21c8b70d3c7194f936f13289f06acca737
ncen,FUND_REPORTED_INFO.tsv,AUTHORIZED_SHARES_CNT,False,SUBMISSION.tsv,ncen_fund_reported_info_raw,decimal_preserve_lexical,operating_and_governance,raw_and_typed_projection,source_rows_equal_raw_rows,e9ea96c869370e6618093f18afd0b30ccc1736ee39d53c6309336081e041af92;fb55228ca976c43955c9a49bccf2bc21c8b70d3c7194f936f13289f06acca737
ncen,FUND_REPORTED_INFO.tsv,AVG_VALUE_SEC_LOAN,False,SUBMISSION.tsv,ncen_fund_reported_info_raw,decimal_preserve_lexical,operating_and_governance,raw_and_typed_projection,source_rows_equal_raw_rows,e9ea96c869370e6618093f18afd0b30ccc1736ee39d53c6309336081e041af92;fb55228ca976c43955c9a49bccf2bc21c8b70d3c7194f936f13289f06acca737
ncen,FUND_REPORTED_INFO.tsv,DAILY_AVG_NET_ASSETS,False,SUBMISSION.tsv,ncen_fund_reported_info_raw,decimal_preserve_lexical,operating_and_governance,raw_and_typed_projection,source_rows_equal_raw_rows,e9ea96c869370e6618093f18afd0b30ccc1736ee39d53c6309336081e041af92;fb55228ca976c43955c9a49bccf2bc21c8b70d3c7194f936f13289f06acca737
ncen,FUND_REPORTED_INFO.tsv,DID_LEND_SECURITIES,False,SUBMISSION.tsv,ncen_fund_reported_info_raw,text_preserve_lexical,operating_and_governance,raw_and_typed_projection,source_rows_equal_raw_rows,e9ea96c869370e6618093f18afd0b30ccc1736ee39d53c6309336081e041af92;fb55228ca976c43955c9a49bccf2bc21c8b70d3c7194f936f13289f06acca737
ncen,FUND_REPORTED_INFO.tsv,DID_MAKE_RIGHTS_OFFERING,False,SUBMISSION.tsv,ncen_fund_reported_info_raw,text_preserve_lexical,operating_and_governance,raw_and_typed_projection,source_rows_equal_raw_rows,e9ea96c869370e6618093f18afd0b30ccc1736ee39d53c6309336081e041af92;fb55228ca976c43955c9a49bccf2bc21c8b70d3c7194f936f13289f06acca737
ncen,FUND_REPORTED_INFO.tsv,DID_MAKE_SECOND_OFFERING,False,SUBMISSION.tsv,ncen_fund_reported_info_raw,text_preserve_lexical,operating_and_governance,raw_and_typed_projection,source_rows_equal_raw_rows,e9ea96c869370e6618093f18afd0b30ccc1736ee39d53c6309336081e041af92;fb55228ca976c43955c9a49bccf2bc21c8b70d3c7194f936f13289f06acca737
ncen,FUND_REPORTED_INFO.tsv,DID_PAY_BROKER_RESEARCH,False,SUBMISSION.tsv,ncen_fund_reported_info_raw,text_preserve_lexical,operating_and_governance,raw_and_typed_projection,source_rows_equal_raw_rows,e9ea96c869370e6618093f18afd0b30ccc1736ee39d53c6309336081e041af92;fb55228ca976c43955c9a49bccf2bc21c8b70d3c7194f936f13289f06acca737
ncen,FUND_REPORTED_INFO.tsv,DID_REPURCHASE_SECURITY,False,SUBMISSION.tsv,ncen_fund_reported_info_raw,text_preserve_lexical,operating_and_governance,raw_and_typed_projection,source_rows_equal_raw_rows,e9ea96c869370e6618093f18afd0b30ccc1736ee39d53c6309336081e041af92;fb55228ca976c43955c9a49bccf2bc21c8b70d3c7194f936f13289f06acca737
ncen,FUND_REPORTED_INFO.tsv,FUND_ID,False,SUBMISSION.tsv,ncen_fund_reported_info_raw,text_preserve_lexical,operating_and_governance,raw_and_typed_projection,source_rows_equal_raw_rows,e9ea96c869370e6618093f18afd0b30ccc1736ee39d53c6309336081e041af92;fb55228ca976c43955c9a49bccf2bc21c8b70d3c7194f936f13289f06acca737
ncen,FUND_REPORTED_INFO.tsv,FUND_NAME,False,SUBMISSION.tsv,ncen_fund_reported_info_raw,text_preserve_lexical,operating_and_governance,raw_and_typed_projection,source_rows_equal_raw_rows,e9ea96c869370e6618093f18afd0b30ccc1736ee39d53c6309336081e041af92;fb55228ca976c43955c9a49bccf2bc21c8b70d3c7194f936f13289f06acca737
ncen,FUND_REPORTED_INFO.tsv,HAS_ADMIN_HIRED_FIRED,False,SUBMISSION.tsv,ncen_fund_reported_info_raw,text_preserve_lexical,operating_and_governance,raw_and_typed_projection,source_rows_equal_raw_rows,e9ea96c869370e6618093f18afd0b30ccc1736ee39d53c6309336081e041af92;fb55228ca976c43955c9a49bccf2bc21c8b70d3c7194f936f13289f06acca737
ncen,FUND_REPORTED_INFO.tsv,HAS_CUSTODIAN_HIRED_FIRED_CE,False,SUBMISSION.tsv,ncen_fund_reported_info_raw,text_preserve_lexical,operating_and_governance,raw_and_typed_projection,source_rows_equal_raw_rows,e9ea96c869370e6618093f18afd0b30ccc1736ee39d53c6309336081e041af92;fb55228ca976c43955c9a49bccf2bc21c8b70d3c7194f936f13289f06acca737
ncen,FUND_REPORTED_INFO.tsv,HAS_CUSTODIAN_HIRED_FIRED_MI,False,SUBMISSION.tsv,ncen_fund_reported_info_raw,text_preserve_lexical,operating_and_governance,raw_and_typed_projection,source_rows_equal_raw_rows,e9ea96c869370e6618093f18afd0b30ccc1736ee39d53c6309336081e041af92;fb55228ca976c43955c9a49bccf2bc21c8b70d3c7194f936f13289f06acca737
ncen,FUND_REPORTED_INFO.tsv,HAS_EXP_LIMIT,False,SUBMISSION.tsv,ncen_fund_reported_info_raw,text_preserve_lexical,operating_and_governance,raw_and_typed_projection,source_rows_equal_raw_rows,e9ea96c869370e6618093f18afd0b30ccc1736ee39d53c6309336081e041af92;fb55228ca976c43955c9a49bccf2bc21c8b70d3c7194f936f13289f06acca737
ncen,FUND_REPORTED_INFO.tsv,HAS_EXP_RECOUPED,False,SUBMISSION.tsv,ncen_fund_reported_info_raw,text_preserve_lexical,operating_and_governance,raw_and_typed_projection,source_rows_equal_raw_rows,e9ea96c869370e6618093f18afd0b30ccc1736ee39d53c6309336081e041af92;fb55228ca976c43955c9a49bccf2bc21c8b70d3c7194f936f13289f06acca737
ncen,FUND_REPORTED_INFO.tsv,HAS_EXP_REDUCED_WAIVED,False,SUBMISSION.tsv,ncen_fund_reported_info_raw,text_preserve_lexical,operating_and_governance,raw_and_typed_projection,source_rows_equal_raw_rows,e9ea96c869370e6618093f18afd0b30ccc1736ee39d53c6309336081e041af92;fb55228ca976c43955c9a49bccf2bc21c8b70d3c7194f936f13289f06acca737
ncen,FUND_REPORTED_INFO.tsv,HAS_EXP_SUBJ_RECOUP,False,SUBMISSION.tsv,ncen_fund_reported_info_raw,text_preserve_lexical,operating_and_governance,raw_and_typed_projection,source_rows_equal_raw_rows,e9ea96c869370e6618093f18afd0b30ccc1736ee39d53c6309336081e041af92;fb55228ca976c43955c9a49bccf2bc21c8b70d3c7194f936f13289f06acca737
ncen,FUND_REPORTED_INFO.tsv,HAS_INTERFUND_BORROWING,False,SUBMISSION.tsv,ncen_fund_reported_info_raw,text_preserve_lexical,operating_and_governance,raw_and_typed_projection,source_rows_equal_raw_rows,e9ea96c869370e6618093f18afd0b30ccc1736ee39d53c6309336081e041af92;fb55228ca976c43955c9a49bccf2bc21c8b70d3c7194f936f13289f06acca737
ncen,FUND_REPORTED_INFO.tsv,HAS_INTERFUND_LENDING,False,SUBMISSION.tsv,ncen_fund_reported_info_raw,text_preserve_lexical,operating_and_governance,raw_and_typed_projection,source_rows_equal_raw_rows,e9ea96c869370e6618093f18afd0b30ccc1736ee39d53c6309336081e041af92;fb55228ca976c43955c9a49bccf2bc21c8b70d3c7194f936f13289f06acca737
ncen,FUND_REPORTED_INFO.tsv,HAS_LINE_OF_CREDIT,False,SUBMISSION.tsv,ncen_fund_reported_info_raw,text_preserve_lexical,operating_and_governance,raw_and_typed_projection,source_rows_equal_raw_rows,e9ea96c869370e6618093f18afd0b30ccc1736ee39d53c6309336081e041af92;fb55228ca976c43955c9a49bccf2bc21c8b70d3c7194f936f13289f06acca737
ncen,FUND_REPORTED_INFO.tsv,HAS_PRICING_SRVC_HIRED_FIRED,False,SUBMISSION.tsv,ncen_fund_reported_info_raw,text_preserve_lexical,operating_and_governance,raw_and_typed_projection,source_rows_equal_raw_rows,e9ea96c869370e6618093f18afd0b30ccc1736ee39d53c6309336081e041af92;fb55228ca976c43955c9a49bccf2bc21c8b70d3c7194f936f13289f06acca737
ncen,FUND_REPORTED_INFO.tsv,HAS_SH_SRVC_HIRED_FIRED,False,SUBMISSION.tsv,ncen_fund_reported_info_raw,text_preserve_lexical,operating_and_governance,raw_and_typed_projection,source_rows_equal_raw_rows,e9ea96c869370e6618093f18afd0b30ccc1736ee39d53c6309336081e041af92;fb55228ca976c43955c9a49bccf2bc21c8b70d3c7194f936f13289f06acca737
ncen,FUND_REPORTED_INFO.tsv,HAS_SWING_PRICING,False,SUBMISSION.tsv,ncen_fund_reported_info_raw,text_preserve_lexical,operating_and_governance,raw_and_typed_projection,source_rows_equal_raw_rows,e9ea96c869370e6618093f18afd0b30ccc1736ee39d53c6309336081e041af92;fb55228ca976c43955c9a49bccf2bc21c8b70d3c7194f936f13289f06acca737
ncen,FUND_REPORTED_INFO.tsv,HAS_XAGENT_HIRED_FIRED_CE,False,SUBMISSION.tsv,ncen_fund_reported_info_raw,text_preserve_lexical,operating_and_governance,raw_and_typed_projection,source_rows_equal_raw_rows,e9ea96c869370e6618093f18afd0b30ccc1736ee39d53c6309336081e041af92;fb55228ca976c43955c9a49bccf2bc21c8b70d3c7194f936f13289f06acca737
ncen,FUND_REPORTED_INFO.tsv,HAS_XAGENT_HIRED_FIRED_MI,False,SUBMISSION.tsv,ncen_fund_reported_info_raw,text_preserve_lexical,operating_and_governance,raw_and_typed_projection,source_rows_equal_raw_rows,e9ea96c869370e6618093f18afd0b30ccc1736ee39d53c6309336081e041af92;fb55228ca976c43955c9a49bccf2bc21c8b70d3c7194f936f13289f06acca737
ncen,FUND_REPORTED_INFO.tsv,IS_ACCUM_DIVIDEND_IN_ARREARS,False,SUBMISSION.tsv,ncen_fund_reported_info_raw,text_preserve_lexical,operating_and_governance,raw_and_typed_projection,source_rows_equal_raw_rows,e9ea96c869370e6618093f18afd0b30ccc1736ee39d53c6309336081e041af92;fb55228ca976c43955c9a49bccf2bc21c8b70d3c7194f936f13289f06acca737
ncen,FUND_REPORTED_INFO.tsv,IS_COLLATERAL_LIQUIDATED,False,SUBMISSION.tsv,ncen_fund_reported_info_raw,date_field_specific_fail_preserve_lexical,operating_and_governance,raw_and_typed_projection,source_rows_equal_raw_rows,e9ea96c869370e6618093f18afd0b30ccc1736ee39d53c6309336081e041af92;fb55228ca976c43955c9a49bccf2bc21c8b70d3c7194f936f13289f06acca737
ncen,FUND_REPORTED_INFO.tsv,IS_ETF,False,SUBMISSION.tsv,ncen_fund_reported_info_raw,text_preserve_lexical,operating_and_governance,raw_and_typed_projection,source_rows_equal_raw_rows,e9ea96c869370e6618093f18afd0b30ccc1736ee39d53c6309336081e041af92;fb55228ca976c43955c9a49bccf2bc21c8b70d3c7194f936f13289f06acca737
ncen,FUND_REPORTED_INFO.tsv,IS_ETMF,False,SUBMISSION.tsv,ncen_fund_reported_info_raw,text_preserve_lexical,operating_and_governance,raw_and_typed_projection,source_rows_equal_raw_rows,e9ea96c869370e6618093f18afd0b30ccc1736ee39d53c6309336081e041af92;fb55228ca976c43955c9a49bccf2bc21c8b70d3c7194f936f13289f06acca737
ncen,FUND_REPORTED_INFO.tsv,IS_FIRST_FILING,False,SUBMISSION.tsv,ncen_fund_reported_info_raw,text_preserve_lexical,operating_and_governance,raw_and_typed_projection,source_rows_equal_raw_rows,e9ea96c869370e6618093f18afd0b30ccc1736ee39d53c6309336081e041af92;fb55228ca976c43955c9a49bccf2bc21c8b70d3c7194f936f13289f06acca737
ncen,FUND_REPORTED_INFO.tsv,IS_FOREIGN_SUBSIDIARY,False,SUBMISSION.tsv,ncen_fund_reported_info_raw,text_preserve_lexical,operating_and_governance,raw_and_typed_projection,source_rows_equal_raw_rows,e9ea96c869370e6618093f18afd0b30ccc1736ee39d53c6309336081e041af92;fb55228ca976c43955c9a49bccf2bc21c8b70d3c7194f936f13289f06acca737
ncen,FUND_REPORTED_INFO.tsv,IS_FUND_OF_FUND,False,SUBMISSION.tsv,ncen_fund_reported_info_raw,text_preserve_lexical,operating_and_governance,raw_and_typed_projection,source_rows_equal_raw_rows,e9ea96c869370e6618093f18afd0b30ccc1736ee39d53c6309336081e041af92;fb55228ca976c43955c9a49bccf2bc21c8b70d3c7194f936f13289f06acca737
ncen,FUND_REPORTED_INFO.tsv,IS_FUND_TYPE_NA,False,SUBMISSION.tsv,ncen_fund_reported_info_raw,text_preserve_lexical,operating_and_governance,raw_and_typed_projection,source_rows_equal_raw_rows,e9ea96c869370e6618093f18afd0b30ccc1736ee39d53c6309336081e041af92;fb55228ca976c43955c9a49bccf2bc21c8b70d3c7194f936f13289f06acca737
ncen,FUND_REPORTED_INFO.tsv,IS_IMPACTED_ADVERSELY,False,SUBMISSION.tsv,ncen_fund_reported_info_raw,text_preserve_lexical,operating_and_governance,raw_and_typed_projection,source_rows_equal_raw_rows,e9ea96c869370e6618093f18afd0b30ccc1736ee39d53c6309336081e041af92;fb55228ca976c43955c9a49bccf2bc21c8b70d3c7194f936f13289f06acca737
ncen,FUND_REPORTED_INFO.tsv,IS_INDEX,False,SUBMISSION.tsv,ncen_fund_reported_info_raw,text_preserve_lexical,operating_and_governance,raw_and_typed_projection,source_rows_equal_raw_rows,e9ea96c869370e6618093f18afd0b30ccc1736ee39d53c6309336081e041af92;fb55228ca976c43955c9a49bccf2bc21c8b70d3c7194f936f13289f06acca737
ncen,FUND_REPORTED_INFO.tsv,IS_INDEX_AFFILIATED,False,SUBMISSION.tsv,ncen_fund_reported_info_raw,text_preserve_lexical,operating_and_governance,raw_and_typed_projection,source_rows_equal_raw_rows,e9ea96c869370e6618093f18afd0b30ccc1736ee39d53c6309336081e041af92;fb55228ca976c43955c9a49bccf2bc21c8b70d3c7194f936f13289f06acca737
ncen,FUND_REPORTED_INFO.tsv,IS_INDEX_EXCLUSIVE,False,SUBMISSION.tsv,ncen_fund_reported_info_raw,text_preserve_lexical,operating_and_governance,raw_and_typed_projection,source_rows_equal_raw_rows,e9ea96c869370e6618093f18afd0b30ccc1736ee39d53c6309336081e041af92;fb55228ca976c43955c9a49bccf2bc21c8b70d3c7194f936f13289f06acca737
ncen,FUND_REPORTED_INFO.tsv,IS_INTERVAL,False,SUBMISSION.tsv,ncen_fund_reported_info_raw,text_preserve_lexical,operating_and_governance,raw_and_typed_projection,source_rows_equal_raw_rows,e9ea96c869370e6618093f18afd0b30ccc1736ee39d53c6309336081e041af92;fb55228ca976c43955c9a49bccf2bc21c8b70d3c7194f936f13289f06acca737
ncen,FUND_REPORTED_INFO.tsv,IS_LONG_TERM_DEBT_DEFAULT,False,SUBMISSION.tsv,ncen_fund_reported_info_raw,text_preserve_lexical,operating_and_governance,raw_and_typed_projection,source_rows_equal_raw_rows,e9ea96c869370e6618093f18afd0b30ccc1736ee39d53c6309336081e041af92;fb55228ca976c43955c9a49bccf2bc21c8b70d3c7194f936f13289f06acca737
ncen,FUND_REPORTED_INFO.tsv,IS_MASTER_FEEDER,False,SUBMISSION.tsv,ncen_fund_reported_info_raw,text_preserve_lexical,fees_and_share_classes,raw_and_typed_projection,source_rows_equal_raw_rows,e9ea96c869370e6618093f18afd0b30ccc1736ee39d53c6309336081e041af92;fb55228ca976c43955c9a49bccf2bc21c8b70d3c7194f936f13289f06acca737
ncen,FUND_REPORTED_INFO.tsv,IS_MONEY_MARKET,False,SUBMISSION.tsv,ncen_fund_reported_info_raw,text_preserve_lexical,operating_and_governance,raw_and_typed_projection,source_rows_equal_raw_rows,e9ea96c869370e6618093f18afd0b30ccc1736ee39d53c6309336081e041af92;fb55228ca976c43955c9a49bccf2bc21c8b70d3c7194f936f13289f06acca737
ncen,FUND_REPORTED_INFO.tsv,IS_MULTI_INVERSE_INDEX,False,SUBMISSION.tsv,ncen_fund_reported_info_raw,text_preserve_lexical,operating_and_governance,raw_and_typed_projection,source_rows_equal_raw_rows,e9ea96c869370e6618093f18afd0b30ccc1736ee39d53c6309336081e041af92;fb55228ca976c43955c9a49bccf2bc21c8b70d3c7194f936f13289f06acca737
ncen,FUND_REPORTED_INFO.tsv,IS_NON_DIVERSIFIED,False,SUBMISSION.tsv,ncen_fund_reported_info_raw,text_preserve_lexical,operating_and_governance,raw_and_typed_projection,source_rows_equal_raw_rows,e9ea96c869370e6618093f18afd0b30ccc1736ee39d53c6309336081e041af92;fb55228ca976c43955c9a49bccf2bc21c8b70d3c7194f936f13289f06acca737
ncen,FUND_REPORTED_INFO.tsv,IS_PYMNT_ADMIN_FEE,False,SUBMISSION.tsv,ncen_fund_reported_info_raw,text_preserve_lexical,fees_and_share_classes,raw_and_typed_projection,source_rows_equal_raw_rows,e9ea96c869370e6618093f18afd0b30ccc1736ee39d53c6309336081e041af92;fb55228ca976c43955c9a49bccf2bc21c8b70d3c7194f936f13289f06acca737
ncen,FUND_REPORTED_INFO.tsv,IS_PYMNT_CASH_COLLATERAL_FEE,False,SUBMISSION.tsv,ncen_fund_reported_info_raw,text_preserve_lexical,fees_and_share_classes,raw_and_typed_projection,source_rows_equal_raw_rows,e9ea96c869370e6618093f18afd0b30ccc1736ee39d53c6309336081e041af92;fb55228ca976c43955c9a49bccf2bc21c8b70d3c7194f936f13289f06acca737
ncen,FUND_REPORTED_INFO.tsv,IS_PYMNT_INDEMNI_FEE,False,SUBMISSION.tsv,ncen_fund_reported_info_raw,text_preserve_lexical,fees_and_share_classes,raw_and_typed_projection,source_rows_equal_raw_rows,e9ea96c869370e6618093f18afd0b30ccc1736ee39d53c6309336081e041af92;fb55228ca976c43955c9a49bccf2bc21c8b70d3c7194f936f13289f06acca737
ncen,FUND_REPORTED_INFO.tsv,IS_PYMNT_NA,False,SUBMISSION.tsv,ncen_fund_reported_info_raw,text_preserve_lexical,operating_and_governance,raw_and_typed_projection,source_rows_equal_raw_rows,e9ea96c869370e6618093f18afd0b30ccc1736ee39d53c6309336081e041af92;fb55228ca976c43955c9a49bccf2bc21c8b70d3c7194f936f13289f06acca737
ncen,FUND_REPORTED_INFO.tsv,IS_PYMNT_NON_REV_SHARING_SPLIT,False,SUBMISSION.tsv,ncen_fund_reported_info_raw,text_preserve_lexical,operating_and_governance,raw_and_typed_projection,source_rows_equal_raw_rows,e9ea96c869370e6618093f18afd0b30ccc1736ee39d53c6309336081e041af92;fb55228ca976c43955c9a49bccf2bc21c8b70d3c7194f936f13289f06acca737
ncen,FUND_REPORTED_INFO.tsv,IS_PYMNT_OTHER,False,SUBMISSION.tsv,ncen_fund_reported_info_raw,text_preserve_lexical,operating_and_governance,raw_and_typed_projection,source_rows_equal_raw_rows,e9ea96c869370e6618093f18afd0b30ccc1736ee39d53c6309336081e041af92;fb55228ca976c43955c9a49bccf2bc21c8b70d3c7194f936f13289f06acca737
ncen,FUND_REPORTED_INFO.tsv,IS_PYMNT_REV_SHARING_SPLIT,False,SUBMISSION.tsv,ncen_fund_reported_info_raw,text_preserve_lexical,operating_and_governance,raw_and_typed_projection,source_rows_equal_raw_rows,e9ea96c869370e6618093f18afd0b30ccc1736ee39d53c6309336081e041af92;fb55228ca976c43955c9a49bccf2bc21c8b70d3c7194f936f13289f06acca737
ncen,FUND_REPORTED_INFO.tsv,IS_RELYON_RULE_10F_3,False,SUBMISSION.tsv,ncen_fund_reported_info_raw,text_preserve_lexical,operating_and_governance,raw_and_typed_projection,source_rows_equal_raw_rows,e9ea96c869370e6618093f18afd0b30ccc1736ee39d53c6309336081e041af92;fb55228ca976c43955c9a49bccf2bc21c8b70d3c7194f936f13289f06acca737
ncen,FUND_REPORTED_INFO.tsv,IS_RELYON_RULE_12D1G,False,SUBMISSION.tsv,ncen_fund_reported_info_raw,text_preserve_lexical,operating_and_governance,raw_and_typed_projection,source_rows_equal_raw_rows,e9ea96c869370e6618093f18afd0b30ccc1736ee39d53c6309336081e041af92;fb55228ca976c43955c9a49bccf2bc21c8b70d3c7194f936f13289f06acca737
ncen,FUND_REPORTED_INFO.tsv,IS_RELYON_RULE_12D1_1,False,SUBMISSION.tsv,ncen_fund_reported_info_raw,text_preserve_lexical,operating_and_governance,raw_and_typed_projection,source_rows_equal_raw_rows,e9ea96c869370e6618093f18afd0b30ccc1736ee39d53c6309336081e041af92;fb55228ca976c43955c9a49bccf2bc21c8b70d3c7194f936f13289f06acca737
ncen,FUND_REPORTED_INFO.tsv,IS_RELYON_RULE_12D1_4,False,SUBMISSION.tsv,ncen_fund_reported_info_raw,text_preserve_lexical,operating_and_governance,raw_and_typed_projection,source_rows_equal_raw_rows,e9ea96c869370e6618093f18afd0b30ccc1736ee39d53c6309336081e041af92;fb55228ca976c43955c9a49bccf2bc21c8b70d3c7194f936f13289f06acca737
ncen,FUND_REPORTED_INFO.tsv,IS_RELYON_RULE_15A_4,False,SUBMISSION.tsv,ncen_fund_reported_info_raw,text_preserve_lexical,operating_and_governance,raw_and_typed_projection,source_rows_equal_raw_rows,e9ea96c869370e6618093f18afd0b30ccc1736ee39d53c6309336081e041af92;fb55228ca976c43955c9a49bccf2bc21c8b70d3c7194f936f13289f06acca737
ncen,FUND_REPORTED_INFO.tsv,IS_RELYON_RULE_17A_6,False,SUBMISSION.tsv,ncen_fund_reported_info_raw,text_preserve_lexical,operating_and_governance,raw_and_typed_projection,source_rows_equal_raw_rows,e9ea96c869370e6618093f18afd0b30ccc1736ee39d53c6309336081e041af92;fb55228ca976c43955c9a49bccf2bc21c8b70d3c7194f936f13289f06acca737
ncen,FUND_REPORTED_INFO.tsv,IS_RELYON_RULE_17A_7,False,SUBMISSION.tsv,ncen_fund_reported_info_raw,text_preserve_lexical,operating_and_governance,raw_and_typed_projection,source_rows_equal_raw_rows,e9ea96c869370e6618093f18afd0b30ccc1736ee39d53c6309336081e041af92;fb55228ca976c43955c9a49bccf2bc21c8b70d3c7194f936f13289f06acca737
ncen,FUND_REPORTED_INFO.tsv,IS_RELYON_RULE_17A_8,False,SUBMISSION.tsv,ncen_fund_reported_info_raw,text_preserve_lexical,operating_and_governance,raw_and_typed_projection,source_rows_equal_raw_rows,e9ea96c869370e6618093f18afd0b30ccc1736ee39d53c6309336081e041af92;fb55228ca976c43955c9a49bccf2bc21c8b70d3c7194f936f13289f06acca737
ncen,FUND_REPORTED_INFO.tsv,IS_RELYON_RULE_17E_1,False,SUBMISSION.tsv,ncen_fund_reported_info_raw,text_preserve_lexical,operating_and_governance,raw_and_typed_projection,source_rows_equal_raw_rows,e9ea96c869370e6618093f18afd0b30ccc1736ee39d53c6309336081e041af92;fb55228ca976c43955c9a49bccf2bc21c8b70d3c7194f936f13289f06acca737
ncen,FUND_REPORTED_INFO.tsv,IS_RELYON_RULE_18F_4,False,SUBMISSION.tsv,ncen_fund_reported_info_raw,text_preserve_lexical,operating_and_governance,raw_and_typed_projection,source_rows_equal_raw_rows,e9ea96c869370e6618093f18afd0b30ccc1736ee39d53c6309336081e041af92;fb55228ca976c43955c9a49bccf2bc21c8b70d3c7194f936f13289f06acca737
ncen,FUND_REPORTED_INFO.tsv,IS_RELYON_RULE_18F_4C2,False,SUBMISSION.tsv,ncen_fund_reported_info_raw,text_preserve_lexical,operating_and_governance,raw_and_typed_projection,source_rows_equal_raw_rows,e9ea96c869370e6618093f18afd0b30ccc1736ee39d53c6309336081e041af92;fb55228ca976c43955c9a49bccf2bc21c8b70d3c7194f936f13289f06acca737
ncen,FUND_REPORTED_INFO.tsv,IS_RELYON_RULE_18F_4C4,False,SUBMISSION.tsv,ncen_fund_reported_info_raw,text_preserve_lexical,operating_and_governance,raw_and_typed_projection,source_rows_equal_raw_rows,e9ea96c869370e6618093f18afd0b30ccc1736ee39d53c6309336081e041af92;fb55228ca976c43955c9a49bccf2bc21c8b70d3c7194f936f13289f06acca737
ncen,FUND_REPORTED_INFO.tsv,IS_RELYON_RULE_18F_4DI,False,SUBMISSION.tsv,ncen_fund_reported_info_raw,text_preserve_lexical,operating_and_governance,raw_and_typed_projection,source_rows_equal_raw_rows,e9ea96c869370e6618093f18afd0b30ccc1736ee39d53c6309336081e041af92;fb55228ca976c43955c9a49bccf2bc21c8b70d3c7194f936f13289f06acca737
ncen,FUND_REPORTED_INFO.tsv,IS_RELYON_RULE_18F_4DII,False,SUBMISSION.tsv,ncen_fund_reported_info_raw,text_preserve_lexical,operating_and_governance,raw_and_typed_projection,source_rows_equal_raw_rows,e9ea96c869370e6618093f18afd0b30ccc1736ee39d53c6309336081e041af92;fb55228ca976c43955c9a49bccf2bc21c8b70d3c7194f936f13289f06acca737
ncen,FUND_REPORTED_INFO.tsv,IS_RELYON_RULE_18F_4E,False,SUBMISSION.tsv,ncen_fund_reported_info_raw,text_preserve_lexical,operating_and_governance,raw_and_typed_projection,source_rows_equal_raw_rows,e9ea96c869370e6618093f18afd0b30ccc1736ee39d53c6309336081e041af92;fb55228ca976c43955c9a49bccf2bc21c8b70d3c7194f936f13289f06acca737
ncen,FUND_REPORTED_INFO.tsv,IS_RELYON_RULE_18F_4F,False,SUBMISSION.tsv,ncen_fund_reported_info_raw,text_preserve_lexical,operating_and_governance,raw_and_typed_projection,source_rows_equal_raw_rows,e9ea96c869370e6618093f18afd0b30ccc1736ee39d53c6309336081e041af92;fb55228ca976c43955c9a49bccf2bc21c8b70d3c7194f936f13289f06acca737
ncen,FUND_REPORTED_INFO.tsv,IS_RELYON_RULE_22D_1,False,SUBMISSION.tsv,ncen_fund_reported_info_raw,text_preserve_lexical,operating_and_governance,raw_and_typed_projection,source_rows_equal_raw_rows,e9ea96c869370e6618093f18afd0b30ccc1736ee39d53c6309336081e041af92;fb55228ca976c43955c9a49bccf2bc21c8b70d3c7194f936f13289f06acca737
ncen,FUND_REPORTED_INFO.tsv,IS_RELYON_RULE_23C_1,False,SUBMISSION.tsv,ncen_fund_reported_info_raw,text_preserve_lexical,operating_and_governance,raw_and_typed_projection,source_rows_equal_raw_rows,e9ea96c869370e6618093f18afd0b30ccc1736ee39d53c6309336081e041af92;fb55228ca976c43955c9a49bccf2bc21c8b70d3c7194f936f13289f06acca737
ncen,FUND_REPORTED_INFO.tsv,IS_RELYON_RULE_32A_4,False,SUBMISSION.tsv,ncen_fund_reported_info_raw,text_preserve_lexical,operating_and_governance,raw_and_typed_projection,source_rows_equal_raw_rows,e9ea96c869370e6618093f18afd0b30ccc1736ee39d53c6309336081e041af92;fb55228ca976c43955c9a49bccf2bc21c8b70d3c7194f936f13289f06acca737
ncen,FUND_REPORTED_INFO.tsv,IS_RELYON_RULE_6C_11,False,SUBMISSION.tsv,ncen_fund_reported_info_raw,text_preserve_lexical,operating_and_governance,raw_and_typed_projection,source_rows_equal_raw_rows,e9ea96c869370e6618093f18afd0b30ccc1736ee39d53c6309336081e041af92;fb55228ca976c43955c9a49bccf2bc21c8b70d3c7194f936f13289f06acca737
ncen,FUND_REPORTED_INFO.tsv,IS_RELYON_RULE_NA,False,SUBMISSION.tsv,ncen_fund_reported_info_raw,text_preserve_lexical,operating_and_governance,raw_and_typed_projection,source_rows_equal_raw_rows,e9ea96c869370e6618093f18afd0b30ccc1736ee39d53c6309336081e041af92;fb55228ca976c43955c9a49bccf2bc21c8b70d3c7194f936f13289f06acca737
ncen,FUND_REPORTED_INFO.tsv,IS_REPUR_BONDS,False,SUBMISSION.tsv,ncen_fund_reported_info_raw,text_preserve_lexical,operating_and_governance,raw_and_typed_projection,source_rows_equal_raw_rows,e9ea96c869370e6618093f18afd0b30ccc1736ee39d53c6309336081e041af92;fb55228ca976c43955c9a49bccf2bc21c8b70d3c7194f936f13289f06acca737
ncen,FUND_REPORTED_INFO.tsv,IS_REPUR_COMMON,False,SUBMISSION.tsv,ncen_fund_reported_info_raw,text_preserve_lexical,operating_and_governance,raw_and_typed_projection,source_rows_equal_raw_rows,e9ea96c869370e6618093f18afd0b30ccc1736ee39d53c6309336081e041af92;fb55228ca976c43955c9a49bccf2bc21c8b70d3c7194f936f13289f06acca737
ncen,FUND_REPORTED_INFO.tsv,IS_REPUR_CONVERTIBLES,False,SUBMISSION.tsv,ncen_fund_reported_info_raw,text_preserve_lexical,operating_and_governance,raw_and_typed_projection,source_rows_equal_raw_rows,e9ea96c869370e6618093f18afd0b30ccc1736ee39d53c6309336081e041af92;fb55228ca976c43955c9a49bccf2bc21c8b70d3c7194f936f13289f06acca737
ncen,FUND_REPORTED_INFO.tsv,IS_REPUR_OTHER,False,SUBMISSION.tsv,ncen_fund_reported_info_raw,text_preserve_lexical,operating_and_governance,raw_and_typed_projection,source_rows_equal_raw_rows,e9ea96c869370e6618093f18afd0b30ccc1736ee39d53c6309336081e041af92;fb55228ca976c43955c9a49bccf2bc21c8b70d3c7194f936f13289f06acca737
ncen,FUND_REPORTED_INFO.tsv,IS_REPUR_PREFERRED,False,SUBMISSION.tsv,ncen_fund_reported_info_raw,text_preserve_lexical,operating_and_governance,raw_and_typed_projection,source_rows_equal_raw_rows,e9ea96c869370e6618093f18afd0b30ccc1736ee39d53c6309336081e041af92;fb55228ca976c43955c9a49bccf2bc21c8b70d3c7194f936f13289f06acca737
ncen,FUND_REPORTED_INFO.tsv,IS_REPUR_WARRANTS,False,SUBMISSION.tsv,ncen_fund_reported_info_raw,text_preserve_lexical,operating_and_governance,raw_and_typed_projection,source_rows_equal_raw_rows,e9ea96c869370e6618093f18afd0b30ccc1736ee39d53c6309336081e041af92;fb55228ca976c43955c9a49bccf2bc21c8b70d3c7194f936f13289f06acca737
ncen,FUND_REPORTED_INFO.tsv,IS_SECONDARY_BONDS,False,SUBMISSION.tsv,ncen_fund_reported_info_raw,text_preserve_lexical,operating_and_governance,raw_and_typed_projection,source_rows_equal_raw_rows,e9ea96c869370e6618093f18afd0b30ccc1736ee39d53c6309336081e041af92;fb55228ca976c43955c9a49bccf2bc21c8b70d3c7194f936f13289f06acca737
ncen,FUND_REPORTED_INFO.tsv,IS_SECONDARY_COMMON,False,SUBMISSION.tsv,ncen_fund_reported_info_raw,text_preserve_lexical,operating_and_governance,raw_and_typed_projection,source_rows_equal_raw_rows,e9ea96c869370e6618093f18afd0b30ccc1736ee39d53c6309336081e041af92;fb55228ca976c43955c9a49bccf2bc21c8b70d3c7194f936f13289f06acca737
ncen,FUND_REPORTED_INFO.tsv,IS_SECONDARY_CONVERTIBLES,False,SUBMISSION.tsv,ncen_fund_reported_info_raw,text_preserve_lexical,operating_and_governance,raw_and_typed_projection,source_rows_equal_raw_rows,e9ea96c869370e6618093f18afd0b30ccc1736ee39d53c6309336081e041af92;fb55228ca976c43955c9a49bccf2bc21c8b70d3c7194f936f13289f06acca737
ncen,FUND_REPORTED_INFO.tsv,IS_SECONDARY_OTHER,False,SUBMISSION.tsv,ncen_fund_reported_info_raw,text_preserve_lexical,operating_and_governance,raw_and_typed_projection,source_rows_equal_raw_rows,e9ea96c869370e6618093f18afd0b30ccc1736ee39d53c6309336081e041af92;fb55228ca976c43955c9a49bccf2bc21c8b70d3c7194f936f13289f06acca737
ncen,FUND_REPORTED_INFO.tsv,IS_SECONDARY_PREFERRED,False,SUBMISSION.tsv,ncen_fund_reported_info_raw,text_preserve_lexical,operating_and_governance,raw_and_typed_projection,source_rows_equal_raw_rows,e9ea96c869370e6618093f18afd0b30ccc1736ee39d53c6309336081e041af92;fb55228ca976c43955c9a49bccf2bc21c8b70d3c7194f936f13289f06acca737
ncen,FUND_REPORTED_INFO.tsv,IS_SECONDARY_WARRANTS,False,SUBMISSION.tsv,ncen_fund_reported_info_raw,text_preserve_lexical,operating_and_governance,raw_and_typed_projection,source_rows_equal_raw_rows,e9ea96c869370e6618093f18afd0b30ccc1736ee39d53c6309336081e041af92;fb55228ca976c43955c9a49bccf2bc21c8b70d3c7194f936f13289f06acca737
ncen,FUND_REPORTED_INFO.tsv,IS_SECURITY_MAT_MODIFIED,False,SUBMISSION.tsv,ncen_fund_reported_info_raw,text_preserve_lexical,operating_and_governance,raw_and_typed_projection,source_rows_equal_raw_rows,e9ea96c869370e6618093f18afd0b30ccc1736ee39d53c6309336081e041af92;fb55228ca976c43955c9a49bccf2bc21c8b70d3c7194f936f13289f06acca737
ncen,FUND_REPORTED_INFO.tsv,IS_SEC_LENDING_AUTHORIZED,False,SUBMISSION.tsv,ncen_fund_reported_info_raw,text_preserve_lexical,operating_and_governance,raw_and_typed_projection,source_rows_equal_raw_rows,e9ea96c869370e6618093f18afd0b30ccc1736ee39d53c6309336081e041af92;fb55228ca976c43955c9a49bccf2bc21c8b70d3c7194f936f13289f06acca737
ncen,FUND_REPORTED_INFO.tsv,IS_TARGET_DATE,False,SUBMISSION.tsv,ncen_fund_reported_info_raw,date_field_specific_fail_preserve_lexical,operating_and_governance,raw_and_typed_projection,source_rows_equal_raw_rows,e9ea96c869370e6618093f18afd0b30ccc1736ee39d53c6309336081e041af92;fb55228ca976c43955c9a49bccf2bc21c8b70d3c7194f936f13289f06acca737
ncen,FUND_REPORTED_INFO.tsv,IS_UNDERLYING_FUND,False,SUBMISSION.tsv,ncen_fund_reported_info_raw,text_preserve_lexical,operating_and_governance,raw_and_typed_projection,source_rows_equal_raw_rows,e9ea96c869370e6618093f18afd0b30ccc1736ee39d53c6309336081e041af92;fb55228ca976c43955c9a49bccf2bc21c8b70d3c7194f936f13289f06acca737
ncen,FUND_REPORTED_INFO.tsv,LEI,False,SUBMISSION.tsv,ncen_fund_reported_info_raw,text_preserve_lexical,operating_and_governance,raw_and_typed_projection,source_rows_equal_raw_rows,e9ea96c869370e6618093f18afd0b30ccc1736ee39d53c6309336081e041af92;fb55228ca976c43955c9a49bccf2bc21c8b70d3c7194f936f13289f06acca737
ncen,FUND_REPORTED_INFO.tsv,MANAGEMENT_FEE,False,SUBMISSION.tsv,ncen_fund_reported_info_raw,decimal_preserve_lexical,fees_and_share_classes,raw_and_typed_projection,source_rows_equal_raw_rows,e9ea96c869370e6618093f18afd0b30ccc1736ee39d53c6309336081e041af92;fb55228ca976c43955c9a49bccf2bc21c8b70d3c7194f936f13289f06acca737
ncen,FUND_REPORTED_INFO.tsv,MARKET_PRICE_PER_SHARE,False,SUBMISSION.tsv,ncen_fund_reported_info_raw,decimal_preserve_lexical,operating_and_governance,raw_and_typed_projection,source_rows_equal_raw_rows,e9ea96c869370e6618093f18afd0b30ccc1736ee39d53c6309336081e041af92;fb55228ca976c43955c9a49bccf2bc21c8b70d3c7194f936f13289f06acca737
ncen,FUND_REPORTED_INFO.tsv,MONTHLY_AVG_NET_ASSETS,False,SUBMISSION.tsv,ncen_fund_reported_info_raw,decimal_preserve_lexical,operating_and_governance,raw_and_typed_projection,source_rows_equal_raw_rows,e9ea96c869370e6618093f18afd0b30ccc1736ee39d53c6309336081e041af92;fb55228ca976c43955c9a49bccf2bc21c8b70d3c7194f936f13289f06acca737
ncen,FUND_REPORTED_INFO.tsv,NAV_PER_SHARE,False,SUBMISSION.tsv,ncen_fund_reported_info_raw,decimal_preserve_lexical,operating_and_governance,raw_and_typed_projection,source_rows_equal_raw_rows,e9ea96c869370e6618093f18afd0b30ccc1736ee39d53c6309336081e041af92;fb55228ca976c43955c9a49bccf2bc21c8b70d3c7194f936f13289f06acca737
ncen,FUND_REPORTED_INFO.tsv,NET_INCOME_SEC_LENDING,False,SUBMISSION.tsv,ncen_fund_reported_info_raw,decimal_preserve_lexical,operating_and_governance,raw_and_typed_projection,source_rows_equal_raw_rows,e9ea96c869370e6618093f18afd0b30ccc1736ee39d53c6309336081e041af92;fb55228ca976c43955c9a49bccf2bc21c8b70d3c7194f936f13289f06acca737
ncen,FUND_REPORTED_INFO.tsv,NET_OPERATING_EXPENSES,False,SUBMISSION.tsv,ncen_fund_reported_info_raw,decimal_preserve_lexical,fees_and_share_classes,raw_and_typed_projection,source_rows_equal_raw_rows,e9ea96c869370e6618093f18afd0b30ccc1736ee39d53c6309336081e041af92;fb55228ca976c43955c9a49bccf2bc21c8b70d3c7194f936f13289f06acca737
ncen,FUND_REPORTED_INFO.tsv,OTHER_FEE_DESC,False,SUBMISSION.tsv,ncen_fund_reported_info_raw,text_preserve_lexical,fees_and_share_classes,raw_and_typed_projection,source_rows_equal_raw_rows,e9ea96c869370e6618093f18afd0b30ccc1736ee39d53c6309336081e041af92;fb55228ca976c43955c9a49bccf2bc21c8b70d3c7194f936f13289f06acca737
ncen,FUND_REPORTED_INFO.tsv,OTHER_REPUR_DESC,False,SUBMISSION.tsv,ncen_fund_reported_info_raw,text_preserve_lexical,operating_and_governance,raw_and_typed_projection,source_rows_equal_raw_rows,e9ea96c869370e6618093f18afd0b30ccc1736ee39d53c6309336081e041af92;fb55228ca976c43955c9a49bccf2bc21c8b70d3c7194f936f13289f06acca737
ncen,FUND_REPORTED_INFO.tsv,OTHER_SECONDARY_DESC,False,SUBMISSION.tsv,ncen_fund_reported_info_raw,text_preserve_lexical,operating_and_governance,raw_and_typed_projection,source_rows_equal_raw_rows,e9ea96c869370e6618093f18afd0b30ccc1736ee39d53c6309336081e041af92;fb55228ca976c43955c9a49bccf2bc21c8b70d3c7194f936f13289f06acca737
ncen,FUND_REPORTED_INFO.tsv,RETURN_AFTR_FEES_AND_EXPENSES,False,SUBMISSION.tsv,ncen_fund_reported_info_raw,decimal_preserve_lexical,fees_and_share_classes,raw_and_typed_projection,source_rows_equal_raw_rows,e9ea96c869370e6618093f18afd0b30ccc1736ee39d53c6309336081e041af92;fb55228ca976c43955c9a49bccf2bc21c8b70d3c7194f936f13289f06acca737
ncen,FUND_REPORTED_INFO.tsv,RETURN_B4_FEES_AND_EXPENSES,False,SUBMISSION.tsv,ncen_fund_reported_info_raw,decimal_preserve_lexical,fees_and_share_classes,raw_and_typed_projection,source_rows_equal_raw_rows,e9ea96c869370e6618093f18afd0b30ccc1736ee39d53c6309336081e041af92;fb55228ca976c43955c9a49bccf2bc21c8b70d3c7194f936f13289f06acca737
ncen,FUND_REPORTED_INFO.tsv,SERIES_ID,True,SUBMISSION.tsv,ncen_fund_reported_info_raw,text_preserve_lexical,identity_and_lineage,raw_and_typed_projection,source_rows_equal_raw_rows,e9ea96c869370e6618093f18afd0b30ccc1736ee39d53c6309336081e041af92;fb55228ca976c43955c9a49bccf2bc21c8b70d3c7194f936f13289f06acca737
ncen,FUND_REPORTED_INFO.tsv,STDV_AFTR_FEES_AND_EXPENSES,False,SUBMISSION.tsv,ncen_fund_reported_info_raw,decimal_preserve_lexical,fees_and_share_classes,raw_and_typed_projection,source_rows_equal_raw_rows,e9ea96c869370e6618093f18afd0b30ccc1736ee39d53c6309336081e041af92;fb55228ca976c43955c9a49bccf2bc21c8b70d3c7194f936f13289f06acca737
ncen,FUND_REPORTED_INFO.tsv,STDV_B4_FEES_AND_EXPENSES,False,SUBMISSION.tsv,ncen_fund_reported_info_raw,decimal_preserve_lexical,fees_and_share_classes,raw_and_typed_projection,source_rows_equal_raw_rows,e9ea96c869370e6618093f18afd0b30ccc1736ee39d53c6309336081e041af92;fb55228ca976c43955c9a49bccf2bc21c8b70d3c7194f936f13289f06acca737
ncen,FUND_REPORTED_INFO.tsv,SWING_FACTOR_UPPER_LIMIT,False,SUBMISSION.tsv,ncen_fund_reported_info_raw,decimal_preserve_lexical,operating_and_governance,raw_and_typed_projection,source_rows_equal_raw_rows,e9ea96c869370e6618093f18afd0b30ccc1736ee39d53c6309336081e041af92;fb55228ca976c43955c9a49bccf2bc21c8b70d3c7194f936f13289f06acca737
ncen,FUND_REPORTED_INFO.tsv,TERMINATED_SHARES_CNT,False,SUBMISSION.tsv,ncen_fund_reported_info_raw,decimal_preserve_lexical,operating_and_governance,raw_and_typed_projection,source_rows_equal_raw_rows,e9ea96c869370e6618093f18afd0b30ccc1736ee39d53c6309336081e041af92;fb55228ca976c43955c9a49bccf2bc21c8b70d3c7194f936f13289f06acca737
ncen,INTER_FUND_BORROWING_DETAIL.tsv,BORROWING_DAYS_OUTSTANDING,False,FUND_REPORTED_INFO.tsv,ncen_inter_fund_borrowing_detail_raw,decimal_preserve_lexical,operating_and_governance,raw_and_typed_projection,source_rows_equal_raw_rows,e9ea96c869370e6618093f18afd0b30ccc1736ee39d53c6309336081e041af92;fb55228ca976c43955c9a49bccf2bc21c8b70d3c7194f936f13289f06acca737
ncen,INTER_FUND_BORROWING_DETAIL.tsv,BORROWING_LOAN_AVERAGE,False,FUND_REPORTED_INFO.tsv,ncen_inter_fund_borrowing_detail_raw,decimal_preserve_lexical,operating_and_governance,raw_and_typed_projection,source_rows_equal_raw_rows,e9ea96c869370e6618093f18afd0b30ccc1736ee39d53c6309336081e041af92;fb55228ca976c43955c9a49bccf2bc21c8b70d3c7194f936f13289f06acca737
ncen,INTER_FUND_BORROWING_DETAIL.tsv,FUND_ID,False,FUND_REPORTED_INFO.tsv,ncen_inter_fund_borrowing_detail_raw,text_preserve_lexical,operating_and_governance,raw_and_typed_projection,source_rows_equal_raw_rows,e9ea96c869370e6618093f18afd0b30ccc1736ee39d53c6309336081e041af92;fb55228ca976c43955c9a49bccf2bc21c8b70d3c7194f936f13289f06acca737
ncen,INTER_FUND_LENDING_DETAIL.tsv,FUND_ID,False,FUND_REPORTED_INFO.tsv,ncen_inter_fund_lending_detail_raw,text_preserve_lexical,operating_and_governance,raw_and_typed_projection,source_rows_equal_raw_rows,e9ea96c869370e6618093f18afd0b30ccc1736ee39d53c6309336081e041af92;fb55228ca976c43955c9a49bccf2bc21c8b70d3c7194f936f13289f06acca737
ncen,INTER_FUND_LENDING_DETAIL.tsv,LENDING_DAYS_OUTSTANDING,False,FUND_REPORTED_INFO.tsv,ncen_inter_fund_lending_detail_raw,decimal_preserve_lexical,operating_and_governance,raw_and_typed_projection,source_rows_equal_raw_rows,e9ea96c869370e6618093f18afd0b30ccc1736ee39d53c6309336081e041af92;fb55228ca976c43955c9a49bccf2bc21c8b70d3c7194f936f13289f06acca737
ncen,INTER_FUND_LENDING_DETAIL.tsv,LENDING_LOAN_AVERAGE,False,FUND_REPORTED_INFO.tsv,ncen_inter_fund_lending_detail_raw,decimal_preserve_lexical,operating_and_governance,raw_and_typed_projection,source_rows_equal_raw_rows,e9ea96c869370e6618093f18afd0b30ccc1736ee39d53c6309336081e041af92;fb55228ca976c43955c9a49bccf2bc21c8b70d3c7194f936f13289f06acca737
ncen,LINE_OF_CREDIT_DETAIL.tsv,AVERAGE_CREDIT_LINE_USED,False,FUND_REPORTED_INFO.tsv,ncen_line_of_credit_detail_raw,decimal_preserve_lexical,operating_and_governance,raw_and_typed_projection,source_rows_equal_raw_rows,e9ea96c869370e6618093f18afd0b30ccc1736ee39d53c6309336081e041af92;fb55228ca976c43955c9a49bccf2bc21c8b70d3c7194f936f13289f06acca737
ncen,LINE_OF_CREDIT_DETAIL.tsv,CREDIT_TYPE,False,FUND_REPORTED_INFO.tsv,ncen_line_of_credit_detail_raw,text_preserve_lexical,operating_and_governance,raw_and_typed_projection,source_rows_equal_raw_rows,e9ea96c869370e6618093f18afd0b30ccc1736ee39d53c6309336081e041af92;fb55228ca976c43955c9a49bccf2bc21c8b70d3c7194f936f13289f06acca737
ncen,LINE_OF_CREDIT_DETAIL.tsv,DAYS_CREDIT_USED,False,FUND_REPORTED_INFO.tsv,ncen_line_of_credit_detail_raw,decimal_preserve_lexical,operating_and_governance,raw_and_typed_projection,source_rows_equal_raw_rows,e9ea96c869370e6618093f18afd0b30ccc1736ee39d53c6309336081e041af92;fb55228ca976c43955c9a49bccf2bc21c8b70d3c7194f936f13289f06acca737
ncen,LINE_OF_CREDIT_DETAIL.tsv,FUND_ID,True,FUND_REPORTED_INFO.tsv,ncen_line_of_credit_detail_raw,text_preserve_lexical,operating_and_governance,raw_and_typed_projection,source_rows_equal_raw_rows,e9ea96c869370e6618093f18afd0b30ccc1736ee39d53c6309336081e041af92;fb55228ca976c43955c9a49bccf2bc21c8b70d3c7194f936f13289f06acca737
ncen,LINE_OF_CREDIT_DETAIL.tsv,IS_CREDIT_LINE_COMMITTED,False,FUND_REPORTED_INFO.tsv,ncen_line_of_credit_detail_raw,text_preserve_lexical,operating_and_governance,raw_and_typed_projection,source_rows_equal_raw_rows,e9ea96c869370e6618093f18afd0b30ccc1736ee39d53c6309336081e041af92;fb55228ca976c43955c9a49bccf2bc21c8b70d3c7194f936f13289f06acca737
ncen,LINE_OF_CREDIT_DETAIL.tsv,IS_CREDIT_LINE_USED,False,FUND_REPORTED_INFO.tsv,ncen_line_of_credit_detail_raw,text_preserve_lexical,operating_and_governance,raw_and_typed_projection,source_rows_equal_raw_rows,e9ea96c869370e6618093f18afd0b30ccc1736ee39d53c6309336081e041af92;fb55228ca976c43955c9a49bccf2bc21c8b70d3c7194f936f13289f06acca737
ncen,LINE_OF_CREDIT_DETAIL.tsv,LINE_OF_CREDIT_SEQNUM,True,FUND_REPORTED_INFO.tsv,ncen_line_of_credit_detail_raw,decimal_preserve_lexical,operating_and_governance,raw_and_typed_projection,source_rows_equal_raw_rows,e9ea96c869370e6618093f18afd0b30ccc1736ee39d53c6309336081e041af92;fb55228ca976c43955c9a49bccf2bc21c8b70d3c7194f936f13289f06acca737
ncen,LINE_OF_CREDIT_DETAIL.tsv,LINE_OF_CREDIT_SIZE,False,FUND_REPORTED_INFO.tsv,ncen_line_of_credit_detail_raw,decimal_preserve_lexical,operating_and_governance,raw_and_typed_projection,source_rows_equal_raw_rows,e9ea96c869370e6618093f18afd0b30ccc1736ee39d53c6309336081e041af92;fb55228ca976c43955c9a49bccf2bc21c8b70d3c7194f936f13289f06acca737
ncen,LINE_OF_CREDIT_INSTITUTION.tsv,CREDIT_INSTITUTION_NAME,False,LINE_OF_CREDIT_DETAIL.tsv,ncen_line_of_credit_institution_raw,text_preserve_lexical,operating_and_governance,raw_and_typed_projection,source_rows_equal_raw_rows,e9ea96c869370e6618093f18afd0b30ccc1736ee39d53c6309336081e041af92;fb55228ca976c43955c9a49bccf2bc21c8b70d3c7194f936f13289f06acca737
ncen,LINE_OF_CREDIT_INSTITUTION.tsv,FUND_ID,False,LINE_OF_CREDIT_DETAIL.tsv,ncen_line_of_credit_institution_raw,text_preserve_lexical,operating_and_governance,raw_and_typed_projection,source_rows_equal_raw_rows,e9ea96c869370e6618093f18afd0b30ccc1736ee39d53c6309336081e041af92;fb55228ca976c43955c9a49bccf2bc21c8b70d3c7194f936f13289f06acca737
ncen,LINE_OF_CREDIT_INSTITUTION.tsv,LINE_OF_CREDIT_SEQNUM,False,LINE_OF_CREDIT_DETAIL.tsv,ncen_line_of_credit_institution_raw,decimal_preserve_lexical,operating_and_governance,raw_and_typed_projection,source_rows_equal_raw_rows,e9ea96c869370e6618093f18afd0b30ccc1736ee39d53c6309336081e041af92;fb55228ca976c43955c9a49bccf2bc21c8b70d3c7194f936f13289f06acca737
ncen,LOCATION_BOOKS_RECORD.tsv,ACCESSION_NUMBER,False,SUBMISSION.tsv,ncen_location_books_record_raw,text_preserve_lexical,identity_and_lineage,raw_and_typed_projection,source_rows_equal_raw_rows,e9ea96c869370e6618093f18afd0b30ccc1736ee39d53c6309336081e041af92;fb55228ca976c43955c9a49bccf2bc21c8b70d3c7194f936f13289f06acca737
ncen,LOCATION_BOOKS_RECORD.tsv,ADDRESS1,False,SUBMISSION.tsv,ncen_location_books_record_raw,text_preserve_lexical,operating_and_governance,raw_and_typed_projection,source_rows_equal_raw_rows,e9ea96c869370e6618093f18afd0b30ccc1736ee39d53c6309336081e041af92;fb55228ca976c43955c9a49bccf2bc21c8b70d3c7194f936f13289f06acca737
ncen,LOCATION_BOOKS_RECORD.tsv,ADDRESS2,False,SUBMISSION.tsv,ncen_location_books_record_raw,text_preserve_lexical,operating_and_governance,raw_and_typed_projection,source_rows_equal_raw_rows,e9ea96c869370e6618093f18afd0b30ccc1736ee39d53c6309336081e041af92;fb55228ca976c43955c9a49bccf2bc21c8b70d3c7194f936f13289f06acca737
ncen,LOCATION_BOOKS_RECORD.tsv,BOOKS_RECORDS_DESC,False,SUBMISSION.tsv,ncen_location_books_record_raw,text_preserve_lexical,operating_and_governance,raw_and_typed_projection,source_rows_equal_raw_rows,e9ea96c869370e6618093f18afd0b30ccc1736ee39d53c6309336081e041af92;fb55228ca976c43955c9a49bccf2bc21c8b70d3c7194f936f13289f06acca737
ncen,LOCATION_BOOKS_RECORD.tsv,CITY,False,SUBMISSION.tsv,ncen_location_books_record_raw,text_preserve_lexical,operating_and_governance,raw_and_typed_projection,source_rows_equal_raw_rows,e9ea96c869370e6618093f18afd0b30ccc1736ee39d53c6309336081e041af92;fb55228ca976c43955c9a49bccf2bc21c8b70d3c7194f936f13289f06acca737
ncen,LOCATION_BOOKS_RECORD.tsv,COUNTRY,False,SUBMISSION.tsv,ncen_location_books_record_raw,text_preserve_lexical,operating_and_governance,raw_and_typed_projection,source_rows_equal_raw_rows,e9ea96c869370e6618093f18afd0b30ccc1736ee39d53c6309336081e041af92;fb55228ca976c43955c9a49bccf2bc21c8b70d3c7194f936f13289f06acca737
ncen,LOCATION_BOOKS_RECORD.tsv,OFFICE_NAME,False,SUBMISSION.tsv,ncen_location_books_record_raw,text_preserve_lexical,operating_and_governance,raw_and_typed_projection,source_rows_equal_raw_rows,e9ea96c869370e6618093f18afd0b30ccc1736ee39d53c6309336081e041af92;fb55228ca976c43955c9a49bccf2bc21c8b70d3c7194f936f13289f06acca737
ncen,LOCATION_BOOKS_RECORD.tsv,PHONE,False,SUBMISSION.tsv,ncen_location_books_record_raw,text_preserve_lexical,operating_and_governance,raw_and_typed_projection,source_rows_equal_raw_rows,e9ea96c869370e6618093f18afd0b30ccc1736ee39d53c6309336081e041af92;fb55228ca976c43955c9a49bccf2bc21c8b70d3c7194f936f13289f06acca737
ncen,LOCATION_BOOKS_RECORD.tsv,STATE,False,SUBMISSION.tsv,ncen_location_books_record_raw,text_preserve_lexical,operating_and_governance,raw_and_typed_projection,source_rows_equal_raw_rows,e9ea96c869370e6618093f18afd0b30ccc1736ee39d53c6309336081e041af92;fb55228ca976c43955c9a49bccf2bc21c8b70d3c7194f936f13289f06acca737
ncen,LOCATION_BOOKS_RECORD.tsv,ZIP,False,SUBMISSION.tsv,ncen_location_books_record_raw,text_preserve_lexical,operating_and_governance,raw_and_typed_projection,source_rows_equal_raw_rows,e9ea96c869370e6618093f18afd0b30ccc1736ee39d53c6309336081e041af92;fb55228ca976c43955c9a49bccf2bc21c8b70d3c7194f936f13289f06acca737
ncen,LONGTERM_DEBT_DEFAULT.tsv,DEFAULT_AMNT_PER_1000,False,FUND_REPORTED_INFO.tsv,ncen_longterm_debt_default_raw,decimal_preserve_lexical,operating_and_governance,raw_and_typed_projection,source_rows_equal_raw_rows,e9ea96c869370e6618093f18afd0b30ccc1736ee39d53c6309336081e041af92;fb55228ca976c43955c9a49bccf2bc21c8b70d3c7194f936f13289f06acca737
ncen,LONGTERM_DEBT_DEFAULT.tsv,DEFAULT_DATE,False,FUND_REPORTED_INFO.tsv,ncen_longterm_debt_default_raw,date_field_specific_fail_preserve_lexical,operating_and_governance,raw_and_typed_projection,source_rows_equal_raw_rows,e9ea96c869370e6618093f18afd0b30ccc1736ee39d53c6309336081e041af92;fb55228ca976c43955c9a49bccf2bc21c8b70d3c7194f936f13289f06acca737
ncen,LONGTERM_DEBT_DEFAULT.tsv,DEFAULT_NATURE,False,FUND_REPORTED_INFO.tsv,ncen_longterm_debt_default_raw,text_preserve_lexical,operating_and_governance,raw_and_typed_projection,source_rows_equal_raw_rows,e9ea96c869370e6618093f18afd0b30ccc1736ee39d53c6309336081e041af92;fb55228ca976c43955c9a49bccf2bc21c8b70d3c7194f936f13289f06acca737
ncen,LONGTERM_DEBT_DEFAULT.tsv,FUND_ID,False,FUND_REPORTED_INFO.tsv,ncen_longterm_debt_default_raw,text_preserve_lexical,operating_and_governance,raw_and_typed_projection,source_rows_equal_raw_rows,e9ea96c869370e6618093f18afd0b30ccc1736ee39d53c6309336081e041af92;fb55228ca976c43955c9a49bccf2bc21c8b70d3c7194f936f13289f06acca737
ncen,LONGTERM_DEBT_DEFAULT.tsv,TOTAL_DEFAULT_AMNT,False,FUND_REPORTED_INFO.tsv,ncen_longterm_debt_default_raw,decimal_preserve_lexical,operating_and_governance,raw_and_typed_projection,source_rows_equal_raw_rows,e9ea96c869370e6618093f18afd0b30ccc1736ee39d53c6309336081e041af92;fb55228ca976c43955c9a49bccf2bc21c8b70d3c7194f936f13289f06acca737
ncen,MASTER_FUNDS.tsv,FILE_NUM,False,FUND_REPORTED_INFO.tsv,ncen_master_funds_raw,text_preserve_lexical,operating_and_governance,raw_and_typed_projection,source_rows_equal_raw_rows,e9ea96c869370e6618093f18afd0b30ccc1736ee39d53c6309336081e041af92;fb55228ca976c43955c9a49bccf2bc21c8b70d3c7194f936f13289f06acca737
ncen,MASTER_FUNDS.tsv,FUND_ID,False,FUND_REPORTED_INFO.tsv,ncen_master_funds_raw,text_preserve_lexical,operating_and_governance,raw_and_typed_projection,source_rows_equal_raw_rows,e9ea96c869370e6618093f18afd0b30ccc1736ee39d53c6309336081e041af92;fb55228ca976c43955c9a49bccf2bc21c8b70d3c7194f936f13289f06acca737
ncen,MASTER_FUNDS.tsv,FUND_LEI,False,FUND_REPORTED_INFO.tsv,ncen_master_funds_raw,text_preserve_lexical,operating_and_governance,raw_and_typed_projection,source_rows_equal_raw_rows,e9ea96c869370e6618093f18afd0b30ccc1736ee39d53c6309336081e041af92;fb55228ca976c43955c9a49bccf2bc21c8b70d3c7194f936f13289f06acca737
ncen,MASTER_FUNDS.tsv,FUND_NAME,False,FUND_REPORTED_INFO.tsv,ncen_master_funds_raw,text_preserve_lexical,operating_and_governance,raw_and_typed_projection,source_rows_equal_raw_rows,e9ea96c869370e6618093f18afd0b30ccc1736ee39d53c6309336081e041af92;fb55228ca976c43955c9a49bccf2bc21c8b70d3c7194f936f13289f06acca737
ncen,MASTER_FUNDS.tsv,SEC_FILE_NUM,False,FUND_REPORTED_INFO.tsv,ncen_master_funds_raw,text_preserve_lexical,operating_and_governance,raw_and_typed_projection,source_rows_equal_raw_rows,e9ea96c869370e6618093f18afd0b30ccc1736ee39d53c6309336081e041af92;fb55228ca976c43955c9a49bccf2bc21c8b70d3c7194f936f13289f06acca737
ncen,PRICING_SERVICE.tsv,COUNTRY,False,FUND_REPORTED_INFO.tsv,ncen_pricing_service_raw,text_preserve_lexical,operating_and_governance,raw_and_typed_projection,source_rows_equal_raw_rows,e9ea96c869370e6618093f18afd0b30ccc1736ee39d53c6309336081e041af92;fb55228ca976c43955c9a49bccf2bc21c8b70d3c7194f936f13289f06acca737
ncen,PRICING_SERVICE.tsv,FUND_ID,False,FUND_REPORTED_INFO.tsv,ncen_pricing_service_raw,text_preserve_lexical,operating_and_governance,raw_and_typed_projection,source_rows_equal_raw_rows,e9ea96c869370e6618093f18afd0b30ccc1736ee39d53c6309336081e041af92;fb55228ca976c43955c9a49bccf2bc21c8b70d3c7194f936f13289f06acca737
ncen,PRICING_SERVICE.tsv,IS_AFFILIATED,False,FUND_REPORTED_INFO.tsv,ncen_pricing_service_raw,text_preserve_lexical,operating_and_governance,raw_and_typed_projection,source_rows_equal_raw_rows,e9ea96c869370e6618093f18afd0b30ccc1736ee39d53c6309336081e041af92;fb55228ca976c43955c9a49bccf2bc21c8b70d3c7194f936f13289f06acca737
ncen,PRICING_SERVICE.tsv,OTHER_IDENTIFYING_NUM_DESC,False,FUND_REPORTED_INFO.tsv,ncen_pricing_service_raw,text_preserve_lexical,operating_and_governance,raw_and_typed_projection,source_rows_equal_raw_rows,e9ea96c869370e6618093f18afd0b30ccc1736ee39d53c6309336081e041af92;fb55228ca976c43955c9a49bccf2bc21c8b70d3c7194f936f13289f06acca737
ncen,PRICING_SERVICE.tsv,PRICING_SERVICE_LEI,False,FUND_REPORTED_INFO.tsv,ncen_pricing_service_raw,text_preserve_lexical,operating_and_governance,raw_and_typed_projection,source_rows_equal_raw_rows,e9ea96c869370e6618093f18afd0b30ccc1736ee39d53c6309336081e041af92;fb55228ca976c43955c9a49bccf2bc21c8b70d3c7194f936f13289f06acca737
ncen,PRICING_SERVICE.tsv,PRICING_SERVICE_NAME,False,FUND_REPORTED_INFO.tsv,ncen_pricing_service_raw,text_preserve_lexical,operating_and_governance,raw_and_typed_projection,source_rows_equal_raw_rows,e9ea96c869370e6618093f18afd0b30ccc1736ee39d53c6309336081e041af92;fb55228ca976c43955c9a49bccf2bc21c8b70d3c7194f936f13289f06acca737
ncen,PRICING_SERVICE.tsv,STATE,False,FUND_REPORTED_INFO.tsv,ncen_pricing_service_raw,text_preserve_lexical,operating_and_governance,raw_and_typed_projection,source_rows_equal_raw_rows,e9ea96c869370e6618093f18afd0b30ccc1736ee39d53c6309336081e041af92;fb55228ca976c43955c9a49bccf2bc21c8b70d3c7194f936f13289f06acca737
ncen,PRINCIPAL_TRANSACTION.tsv,COUNTRY,False,FUND_REPORTED_INFO.tsv,ncen_principal_transaction_raw,text_preserve_lexical,operating_and_governance,raw_and_typed_projection,source_rows_equal_raw_rows,e9ea96c869370e6618093f18afd0b30ccc1736ee39d53c6309336081e041af92;fb55228ca976c43955c9a49bccf2bc21c8b70d3c7194f936f13289f06acca737
ncen,PRINCIPAL_TRANSACTION.tsv,CRD_NUM,False,FUND_REPORTED_INFO.tsv,ncen_principal_transaction_raw,text_preserve_lexical,operating_and_governance,raw_and_typed_projection,source_rows_equal_raw_rows,e9ea96c869370e6618093f18afd0b30ccc1736ee39d53c6309336081e041af92;fb55228ca976c43955c9a49bccf2bc21c8b70d3c7194f936f13289f06acca737
ncen,PRINCIPAL_TRANSACTION.tsv,FILE_NUM,False,FUND_REPORTED_INFO.tsv,ncen_principal_transaction_raw,text_preserve_lexical,operating_and_governance,raw_and_typed_projection,source_rows_equal_raw_rows,e9ea96c869370e6618093f18afd0b30ccc1736ee39d53c6309336081e041af92;fb55228ca976c43955c9a49bccf2bc21c8b70d3c7194f936f13289f06acca737
ncen,PRINCIPAL_TRANSACTION.tsv,FUND_ID,False,FUND_REPORTED_INFO.tsv,ncen_principal_transaction_raw,text_preserve_lexical,operating_and_governance,raw_and_typed_projection,source_rows_equal_raw_rows,e9ea96c869370e6618093f18afd0b30ccc1736ee39d53c6309336081e041af92;fb55228ca976c43955c9a49bccf2bc21c8b70d3c7194f936f13289f06acca737
ncen,PRINCIPAL_TRANSACTION.tsv,PRINCIPAL_LEI,False,FUND_REPORTED_INFO.tsv,ncen_principal_transaction_raw,text_preserve_lexical,operating_and_governance,raw_and_typed_projection,source_rows_equal_raw_rows,e9ea96c869370e6618093f18afd0b30ccc1736ee39d53c6309336081e041af92;fb55228ca976c43955c9a49bccf2bc21c8b70d3c7194f936f13289f06acca737
ncen,PRINCIPAL_TRANSACTION.tsv,PRINCIPAL_NAME,False,FUND_REPORTED_INFO.tsv,ncen_principal_transaction_raw,text_preserve_lexical,operating_and_governance,raw_and_typed_projection,source_rows_equal_raw_rows,e9ea96c869370e6618093f18afd0b30ccc1736ee39d53c6309336081e041af92;fb55228ca976c43955c9a49bccf2bc21c8b70d3c7194f936f13289f06acca737
ncen,PRINCIPAL_TRANSACTION.tsv,PRINCIPAL_TOTAL_PURCHASE_SALE,False,FUND_REPORTED_INFO.tsv,ncen_principal_transaction_raw,decimal_preserve_lexical,operating_and_governance,raw_and_typed_projection,source_rows_equal_raw_rows,e9ea96c869370e6618093f18afd0b30ccc1736ee39d53c6309336081e041af92;fb55228ca976c43955c9a49bccf2bc21c8b70d3c7194f936f13289f06acca737
ncen,PRINCIPAL_TRANSACTION.tsv,STATE,False,FUND_REPORTED_INFO.tsv,ncen_principal_transaction_raw,text_preserve_lexical,operating_and_governance,raw_and_typed_projection,source_rows_equal_raw_rows,e9ea96c869370e6618093f18afd0b30ccc1736ee39d53c6309336081e041af92;fb55228ca976c43955c9a49bccf2bc21c8b70d3c7194f936f13289f06acca737
ncen,PRINCIPAL_UNDERWRITER.tsv,ACCESSION_NUMBER,False,SUBMISSION.tsv,ncen_principal_underwriter_raw,text_preserve_lexical,identity_and_lineage,raw_and_typed_projection,source_rows_equal_raw_rows,e9ea96c869370e6618093f18afd0b30ccc1736ee39d53c6309336081e041af92;fb55228ca976c43955c9a49bccf2bc21c8b70d3c7194f936f13289f06acca737
ncen,PRINCIPAL_UNDERWRITER.tsv,COUNTRY,False,SUBMISSION.tsv,ncen_principal_underwriter_raw,text_preserve_lexical,operating_and_governance,raw_and_typed_projection,source_rows_equal_raw_rows,e9ea96c869370e6618093f18afd0b30ccc1736ee39d53c6309336081e041af92;fb55228ca976c43955c9a49bccf2bc21c8b70d3c7194f936f13289f06acca737
ncen,PRINCIPAL_UNDERWRITER.tsv,CRD_NUM,False,SUBMISSION.tsv,ncen_principal_underwriter_raw,text_preserve_lexical,operating_and_governance,raw_and_typed_projection,source_rows_equal_raw_rows,e9ea96c869370e6618093f18afd0b30ccc1736ee39d53c6309336081e041af92;fb55228ca976c43955c9a49bccf2bc21c8b70d3c7194f936f13289f06acca737
ncen,PRINCIPAL_UNDERWRITER.tsv,FILE_NUM,False,SUBMISSION.tsv,ncen_principal_underwriter_raw,text_preserve_lexical,operating_and_governance,raw_and_typed_projection,source_rows_equal_raw_rows,e9ea96c869370e6618093f18afd0b30ccc1736ee39d53c6309336081e041af92;fb55228ca976c43955c9a49bccf2bc21c8b70d3c7194f936f13289f06acca737
ncen,PRINCIPAL_UNDERWRITER.tsv,IS_AFFILIATED,False,SUBMISSION.tsv,ncen_principal_underwriter_raw,text_preserve_lexical,operating_and_governance,raw_and_typed_projection,source_rows_equal_raw_rows,e9ea96c869370e6618093f18afd0b30ccc1736ee39d53c6309336081e041af92;fb55228ca976c43955c9a49bccf2bc21c8b70d3c7194f936f13289f06acca737
ncen,PRINCIPAL_UNDERWRITER.tsv,STATE,False,SUBMISSION.tsv,ncen_principal_underwriter_raw,text_preserve_lexical,operating_and_governance,raw_and_typed_projection,source_rows_equal_raw_rows,e9ea96c869370e6618093f18afd0b30ccc1736ee39d53c6309336081e041af92;fb55228ca976c43955c9a49bccf2bc21c8b70d3c7194f936f13289f06acca737
ncen,PRINCIPAL_UNDERWRITER.tsv,UNDERWRITER_LEI,False,SUBMISSION.tsv,ncen_principal_underwriter_raw,text_preserve_lexical,operating_and_governance,raw_and_typed_projection,source_rows_equal_raw_rows,e9ea96c869370e6618093f18afd0b30ccc1736ee39d53c6309336081e041af92;fb55228ca976c43955c9a49bccf2bc21c8b70d3c7194f936f13289f06acca737
ncen,PRINCIPAL_UNDERWRITER.tsv,UNDERWRITER_NAME,False,SUBMISSION.tsv,ncen_principal_underwriter_raw,text_preserve_lexical,operating_and_governance,raw_and_typed_projection,source_rows_equal_raw_rows,e9ea96c869370e6618093f18afd0b30ccc1736ee39d53c6309336081e041af92;fb55228ca976c43955c9a49bccf2bc21c8b70d3c7194f936f13289f06acca737
ncen,PUBLIC_ACCOUNTANT.tsv,ACCESSION_NUMBER,False,SUBMISSION.tsv,ncen_public_accountant_raw,text_preserve_lexical,identity_and_lineage,raw_and_typed_projection,source_rows_equal_raw_rows,e9ea96c869370e6618093f18afd0b30ccc1736ee39d53c6309336081e041af92;fb55228ca976c43955c9a49bccf2bc21c8b70d3c7194f936f13289f06acca737
ncen,PUBLIC_ACCOUNTANT.tsv,COUNTRY,False,SUBMISSION.tsv,ncen_public_accountant_raw,text_preserve_lexical,operating_and_governance,raw_and_typed_projection,source_rows_equal_raw_rows,e9ea96c869370e6618093f18afd0b30ccc1736ee39d53c6309336081e041af92;fb55228ca976c43955c9a49bccf2bc21c8b70d3c7194f936f13289f06acca737
ncen,PUBLIC_ACCOUNTANT.tsv,PCAOB_NUM,False,SUBMISSION.tsv,ncen_public_accountant_raw,text_preserve_lexical,operating_and_governance,raw_and_typed_projection,source_rows_equal_raw_rows,e9ea96c869370e6618093f18afd0b30ccc1736ee39d53c6309336081e041af92;fb55228ca976c43955c9a49bccf2bc21c8b70d3c7194f936f13289f06acca737
ncen,PUBLIC_ACCOUNTANT.tsv,PUB_ACCOUNTANT_LEI,False,SUBMISSION.tsv,ncen_public_accountant_raw,text_preserve_lexical,operating_and_governance,raw_and_typed_projection,source_rows_equal_raw_rows,e9ea96c869370e6618093f18afd0b30ccc1736ee39d53c6309336081e041af92;fb55228ca976c43955c9a49bccf2bc21c8b70d3c7194f936f13289f06acca737
ncen,PUBLIC_ACCOUNTANT.tsv,PUB_ACCOUNTANT_NAME,False,SUBMISSION.tsv,ncen_public_accountant_raw,text_preserve_lexical,operating_and_governance,raw_and_typed_projection,source_rows_equal_raw_rows,e9ea96c869370e6618093f18afd0b30ccc1736ee39d53c6309336081e041af92;fb55228ca976c43955c9a49bccf2bc21c8b70d3c7194f936f13289f06acca737
ncen,PUBLIC_ACCOUNTANT.tsv,STATE,False,SUBMISSION.tsv,ncen_public_accountant_raw,text_preserve_lexical,operating_and_governance,raw_and_typed_projection,source_rows_equal_raw_rows,e9ea96c869370e6618093f18afd0b30ccc1736ee39d53c6309336081e041af92;fb55228ca976c43955c9a49bccf2bc21c8b70d3c7194f936f13289f06acca737
ncen,REGISTRANT.tsv,ACCESSION_NUMBER,True,SUBMISSION.tsv,ncen_registrant_raw,text_preserve_lexical,identity_and_lineage,raw_and_typed_projection,source_rows_equal_raw_rows,e9ea96c869370e6618093f18afd0b30ccc1736ee39d53c6309336081e041af92;fb55228ca976c43955c9a49bccf2bc21c8b70d3c7194f936f13289f06acca737
ncen,REGISTRANT.tsv,ADDRESS1,False,SUBMISSION.tsv,ncen_registrant_raw,text_preserve_lexical,operating_and_governance,raw_and_typed_projection,source_rows_equal_raw_rows,e9ea96c869370e6618093f18afd0b30ccc1736ee39d53c6309336081e041af92;fb55228ca976c43955c9a49bccf2bc21c8b70d3c7194f936f13289f06acca737
ncen,REGISTRANT.tsv,ADDRESS2,False,SUBMISSION.tsv,ncen_registrant_raw,text_preserve_lexical,operating_and_governance,raw_and_typed_projection,source_rows_equal_raw_rows,e9ea96c869370e6618093f18afd0b30ccc1736ee39d53c6309336081e041af92;fb55228ca976c43955c9a49bccf2bc21c8b70d3c7194f936f13289f06acca737
ncen,REGISTRANT.tsv,ANY_DIVIDEND_PAYMENT,False,SUBMISSION.tsv,ncen_registrant_raw,text_preserve_lexical,operating_and_governance,raw_and_typed_projection,source_rows_equal_raw_rows,e9ea96c869370e6618093f18afd0b30ccc1736ee39d53c6309336081e041af92;fb55228ca976c43955c9a49bccf2bc21c8b70d3c7194f936f13289f06acca737
ncen,REGISTRANT.tsv,CIK,False,SUBMISSION.tsv,ncen_registrant_raw,text_preserve_lexical,identity_and_lineage,raw_and_typed_projection,source_rows_equal_raw_rows,e9ea96c869370e6618093f18afd0b30ccc1736ee39d53c6309336081e041af92;fb55228ca976c43955c9a49bccf2bc21c8b70d3c7194f936f13289f06acca737
ncen,REGISTRANT.tsv,CITY,False,SUBMISSION.tsv,ncen_registrant_raw,text_preserve_lexical,operating_and_governance,raw_and_typed_projection,source_rows_equal_raw_rows,e9ea96c869370e6618093f18afd0b30ccc1736ee39d53c6309336081e041af92;fb55228ca976c43955c9a49bccf2bc21c8b70d3c7194f936f13289f06acca737
ncen,REGISTRANT.tsv,COUNTRY,False,SUBMISSION.tsv,ncen_registrant_raw,text_preserve_lexical,operating_and_governance,raw_and_typed_projection,source_rows_equal_raw_rows,e9ea96c869370e6618093f18afd0b30ccc1736ee39d53c6309336081e041af92;fb55228ca976c43955c9a49bccf2bc21c8b70d3c7194f936f13289f06acca737
ncen,REGISTRANT.tsv,FAMILY_INVESTMENT_COMPANY_NAME,False,SUBMISSION.tsv,ncen_registrant_raw,text_preserve_lexical,operating_and_governance,raw_and_typed_projection,source_rows_equal_raw_rows,e9ea96c869370e6618093f18afd0b30ccc1736ee39d53c6309336081e041af92;fb55228ca976c43955c9a49bccf2bc21c8b70d3c7194f936f13289f06acca737
ncen,REGISTRANT.tsv,FIDELITY_BOND_CLAIMED_AMOUNT,False,SUBMISSION.tsv,ncen_registrant_raw,decimal_preserve_lexical,operating_and_governance,raw_and_typed_projection,source_rows_equal_raw_rows,e9ea96c869370e6618093f18afd0b30ccc1736ee39d53c6309336081e041af92;fb55228ca976c43955c9a49bccf2bc21c8b70d3c7194f936f13289f06acca737
ncen,REGISTRANT.tsv,FILE_NUM,False,SUBMISSION.tsv,ncen_registrant_raw,text_preserve_lexical,operating_and_governance,raw_and_typed_projection,source_rows_equal_raw_rows,e9ea96c869370e6618093f18afd0b30ccc1736ee39d53c6309336081e041af92;fb55228ca976c43955c9a49bccf2bc21c8b70d3c7194f936f13289f06acca737
ncen,REGISTRANT.tsv,FINANCIAL_SUPPORT_2REGISTRANT,False,SUBMISSION.tsv,ncen_registrant_raw,text_preserve_lexical,operating_and_governance,raw_and_typed_projection,source_rows_equal_raw_rows,e9ea96c869370e6618093f18afd0b30ccc1736ee39d53c6309336081e041af92;fb55228ca976c43955c9a49bccf2bc21c8b70d3c7194f936f13289f06acca737
ncen,REGISTRANT.tsv,HAS_DIRECTOR_FILED_CLAIM,False,SUBMISSION.tsv,ncen_registrant_raw,date_field_specific_fail_preserve_lexical,operating_and_governance,raw_and_typed_projection,source_rows_equal_raw_rows,e9ea96c869370e6618093f18afd0b30ccc1736ee39d53c6309336081e041af92;fb55228ca976c43955c9a49bccf2bc21c8b70d3c7194f936f13289f06acca737
ncen,REGISTRANT.tsv,HAS_DIRECTOR_INSURANCE_POLICY,False,SUBMISSION.tsv,ncen_registrant_raw,text_preserve_lexical,operating_and_governance,raw_and_typed_projection,source_rows_equal_raw_rows,e9ea96c869370e6618093f18afd0b30ccc1736ee39d53c6309336081e041af92;fb55228ca976c43955c9a49bccf2bc21c8b70d3c7194f936f13289f06acca737
ncen,REGISTRANT.tsv,HAS_LEGAL_PROCEEDING,False,SUBMISSION.tsv,ncen_registrant_raw,text_preserve_lexical,operating_and_governance,raw_and_typed_projection,source_rows_equal_raw_rows,e9ea96c869370e6618093f18afd0b30ccc1736ee39d53c6309336081e041af92;fb55228ca976c43955c9a49bccf2bc21c8b70d3c7194f936f13289f06acca737
ncen,REGISTRANT.tsv,HAS_SECURITY_HOLDER_VOTE,False,SUBMISSION.tsv,ncen_registrant_raw,text_preserve_lexical,operating_and_governance,raw_and_typed_projection,source_rows_equal_raw_rows,e9ea96c869370e6618093f18afd0b30ccc1736ee39d53c6309336081e041af92;fb55228ca976c43955c9a49bccf2bc21c8b70d3c7194f936f13289f06acca737
ncen,REGISTRANT.tsv,INVESTMENT_COMPANY_TYPE,False,SUBMISSION.tsv,ncen_registrant_raw,text_preserve_lexical,operating_and_governance,raw_and_typed_projection,source_rows_equal_raw_rows,e9ea96c869370e6618093f18afd0b30ccc1736ee39d53c6309336081e041af92;fb55228ca976c43955c9a49bccf2bc21c8b70d3c7194f936f13289f06acca737
ncen,REGISTRANT.tsv,IS_ACCT_OPINION_QUALIFIED,False,SUBMISSION.tsv,ncen_registrant_raw,text_preserve_lexical,operating_and_governance,raw_and_typed_projection,source_rows_equal_raw_rows,e9ea96c869370e6618093f18afd0b30ccc1736ee39d53c6309336081e041af92;fb55228ca976c43955c9a49bccf2bc21c8b70d3c7194f936f13289f06acca737
ncen,REGISTRANT.tsv,IS_ACCT_PRINCIPLE_CHANGED,False,SUBMISSION.tsv,ncen_registrant_raw,text_preserve_lexical,operating_and_governance,raw_and_typed_projection,source_rows_equal_raw_rows,e9ea96c869370e6618093f18afd0b30ccc1736ee39d53c6309336081e041af92;fb55228ca976c43955c9a49bccf2bc21c8b70d3c7194f936f13289f06acca737
ncen,REGISTRANT.tsv,IS_EXEMPTIVE_ORDER,False,SUBMISSION.tsv,ncen_registrant_raw,text_preserve_lexical,operating_and_governance,raw_and_typed_projection,source_rows_equal_raw_rows,e9ea96c869370e6618093f18afd0b30ccc1736ee39d53c6309336081e041af92;fb55228ca976c43955c9a49bccf2bc21c8b70d3c7194f936f13289f06acca737
ncen,REGISTRANT.tsv,IS_FAMILY_INVESTMENT_COMPANY,False,SUBMISSION.tsv,ncen_registrant_raw,text_preserve_lexical,operating_and_governance,raw_and_typed_projection,source_rows_equal_raw_rows,e9ea96c869370e6618093f18afd0b30ccc1736ee39d53c6309336081e041af92;fb55228ca976c43955c9a49bccf2bc21c8b70d3c7194f936f13289f06acca737
ncen,REGISTRANT.tsv,IS_FIDELITY_BOND_CLAIMED,False,SUBMISSION.tsv,ncen_registrant_raw,text_preserve_lexical,operating_and_governance,raw_and_typed_projection,source_rows_equal_raw_rows,e9ea96c869370e6618093f18afd0b30ccc1736ee39d53c6309336081e041af92;fb55228ca976c43955c9a49bccf2bc21c8b70d3c7194f936f13289f06acca737
ncen,REGISTRANT.tsv,IS_FIRST_FILING,False,SUBMISSION.tsv,ncen_registrant_raw,text_preserve_lexical,operating_and_governance,raw_and_typed_projection,source_rows_equal_raw_rows,e9ea96c869370e6618093f18afd0b30ccc1736ee39d53c6309336081e041af92;fb55228ca976c43955c9a49bccf2bc21c8b70d3c7194f936f13289f06acca737
ncen,REGISTRANT.tsv,IS_LAST_FILING,False,SUBMISSION.tsv,ncen_registrant_raw,text_preserve_lexical,operating_and_governance,raw_and_typed_projection,source_rows_equal_raw_rows,e9ea96c869370e6618093f18afd0b30ccc1736ee39d53c6309336081e041af92;fb55228ca976c43955c9a49bccf2bc21c8b70d3c7194f936f13289f06acca737
ncen,REGISTRANT.tsv,IS_MATERIAL_WEAKNESS_NOTED,False,SUBMISSION.tsv,ncen_registrant_raw,text_preserve_lexical,operating_and_governance,raw_and_typed_projection,source_rows_equal_raw_rows,e9ea96c869370e6618093f18afd0b30ccc1736ee39d53c6309336081e041af92;fb55228ca976c43955c9a49bccf2bc21c8b70d3c7194f936f13289f06acca737
ncen,REGISTRANT.tsv,IS_NAV_ERROR_CORRECTED,False,SUBMISSION.tsv,ncen_registrant_raw,text_preserve_lexical,operating_and_governance,raw_and_typed_projection,source_rows_equal_raw_rows,e9ea96c869370e6618093f18afd0b30ccc1736ee39d53c6309336081e041af92;fb55228ca976c43955c9a49bccf2bc21c8b70d3c7194f936f13289f06acca737
ncen,REGISTRANT.tsv,IS_PROCEEDING_TERMINATED,False,SUBMISSION.tsv,ncen_registrant_raw,text_preserve_lexical,operating_and_governance,raw_and_typed_projection,source_rows_equal_raw_rows,e9ea96c869370e6618093f18afd0b30ccc1736ee39d53c6309336081e041af92;fb55228ca976c43955c9a49bccf2bc21c8b70d3c7194f936f13289f06acca737
ncen,REGISTRANT.tsv,IS_PUB_ACCOUNTANT_CHANGED,False,SUBMISSION.tsv,ncen_registrant_raw,text_preserve_lexical,operating_and_governance,raw_and_typed_projection,source_rows_equal_raw_rows,e9ea96c869370e6618093f18afd0b30ccc1736ee39d53c6309336081e041af92;fb55228ca976c43955c9a49bccf2bc21c8b70d3c7194f936f13289f06acca737
ncen,REGISTRANT.tsv,IS_REGISTERED_UNDER_ACT_1933,False,SUBMISSION.tsv,ncen_registrant_raw,text_preserve_lexical,operating_and_governance,raw_and_typed_projection,source_rows_equal_raw_rows,e9ea96c869370e6618093f18afd0b30ccc1736ee39d53c6309336081e041af92;fb55228ca976c43955c9a49bccf2bc21c8b70d3c7194f936f13289f06acca737
ncen,REGISTRANT.tsv,IS_UNDERWRITER_HIRED_OR_FIRED,False,SUBMISSION.tsv,ncen_registrant_raw,text_preserve_lexical,operating_and_governance,raw_and_typed_projection,source_rows_equal_raw_rows,e9ea96c869370e6618093f18afd0b30ccc1736ee39d53c6309336081e041af92;fb55228ca976c43955c9a49bccf2bc21c8b70d3c7194f936f13289f06acca737
ncen,REGISTRANT.tsv,IS_VALUE_METHOD_CHANGED,False,SUBMISSION.tsv,ncen_registrant_raw,text_preserve_lexical,operating_and_governance,raw_and_typed_projection,source_rows_equal_raw_rows,e9ea96c869370e6618093f18afd0b30ccc1736ee39d53c6309336081e041af92;fb55228ca976c43955c9a49bccf2bc21c8b70d3c7194f936f13289f06acca737
ncen,REGISTRANT.tsv,LEI,False,SUBMISSION.tsv,ncen_registrant_raw,text_preserve_lexical,operating_and_governance,raw_and_typed_projection,source_rows_equal_raw_rows,e9ea96c869370e6618093f18afd0b30ccc1736ee39d53c6309336081e041af92;fb55228ca976c43955c9a49bccf2bc21c8b70d3c7194f936f13289f06acca737
ncen,REGISTRANT.tsv,PHONE,False,SUBMISSION.tsv,ncen_registrant_raw,text_preserve_lexical,operating_and_governance,raw_and_typed_projection,source_rows_equal_raw_rows,e9ea96c869370e6618093f18afd0b30ccc1736ee39d53c6309336081e041af92;fb55228ca976c43955c9a49bccf2bc21c8b70d3c7194f936f13289f06acca737
ncen,REGISTRANT.tsv,REGISTRANT_NAME,False,SUBMISSION.tsv,ncen_registrant_raw,text_preserve_lexical,operating_and_governance,raw_and_typed_projection,source_rows_equal_raw_rows,e9ea96c869370e6618093f18afd0b30ccc1736ee39d53c6309336081e041af92;fb55228ca976c43955c9a49bccf2bc21c8b70d3c7194f936f13289f06acca737
ncen,REGISTRANT.tsv,STATE,False,SUBMISSION.tsv,ncen_registrant_raw,text_preserve_lexical,operating_and_governance,raw_and_typed_projection,source_rows_equal_raw_rows,e9ea96c869370e6618093f18afd0b30ccc1736ee39d53c6309336081e041af92;fb55228ca976c43955c9a49bccf2bc21c8b70d3c7194f936f13289f06acca737
ncen,REGISTRANT.tsv,TOTAL_SERIES,False,SUBMISSION.tsv,ncen_registrant_raw,decimal_preserve_lexical,identity_and_lineage,raw_and_typed_projection,source_rows_equal_raw_rows,e9ea96c869370e6618093f18afd0b30ccc1736ee39d53c6309336081e041af92;fb55228ca976c43955c9a49bccf2bc21c8b70d3c7194f936f13289f06acca737
ncen,REGISTRANT.tsv,ZIP,False,SUBMISSION.tsv,ncen_registrant_raw,text_preserve_lexical,operating_and_governance,raw_and_typed_projection,source_rows_equal_raw_rows,e9ea96c869370e6618093f18afd0b30ccc1736ee39d53c6309336081e041af92;fb55228ca976c43955c9a49bccf2bc21c8b70d3c7194f936f13289f06acca737
ncen,REGISTRANT_HELDS_SECURITY.tsv,ACCESSION_NUMBER,False,SUBMISSION.tsv,ncen_registrant_helds_security_raw,text_preserve_lexical,identity_and_lineage,raw_and_typed_projection,source_rows_equal_raw_rows,e9ea96c869370e6618093f18afd0b30ccc1736ee39d53c6309336081e041af92;fb55228ca976c43955c9a49bccf2bc21c8b70d3c7194f936f13289f06acca737
ncen,REGISTRANT_HELDS_SECURITY.tsv,CUSIP,False,SUBMISSION.tsv,ncen_registrant_helds_security_raw,text_preserve_lexical,holdings_and_composition,raw_and_typed_projection,source_rows_equal_raw_rows,e9ea96c869370e6618093f18afd0b30ccc1736ee39d53c6309336081e041af92;fb55228ca976c43955c9a49bccf2bc21c8b70d3c7194f936f13289f06acca737
ncen,REGISTRANT_HELDS_SECURITY.tsv,TICKER,False,SUBMISSION.tsv,ncen_registrant_helds_security_raw,text_preserve_lexical,holdings_and_composition,raw_and_typed_projection,source_rows_equal_raw_rows,e9ea96c869370e6618093f18afd0b30ccc1736ee39d53c6309336081e041af92;fb55228ca976c43955c9a49bccf2bc21c8b70d3c7194f936f13289f06acca737
ncen,REGISTRANT_HELDS_SECURITY.tsv,TOTAL_NUM_SHARES,False,SUBMISSION.tsv,ncen_registrant_helds_security_raw,decimal_preserve_lexical,holdings_and_composition,raw_and_typed_projection,source_rows_equal_raw_rows,e9ea96c869370e6618093f18afd0b30ccc1736ee39d53c6309336081e041af92;fb55228ca976c43955c9a49bccf2bc21c8b70d3c7194f936f13289f06acca737
ncen,REGISTRANT_REPORTING_SERIES.tsv,ACCESSION_NUMBER,False,SUBMISSION.tsv,ncen_registrant_reporting_series_raw,text_preserve_lexical,identity_and_lineage,raw_and_typed_projection,source_rows_equal_raw_rows,e9ea96c869370e6618093f18afd0b30ccc1736ee39d53c6309336081e041af92;fb55228ca976c43955c9a49bccf2bc21c8b70d3c7194f936f13289f06acca737
ncen,REGISTRANT_REPORTING_SERIES.tsv,SERIES_ID,False,SUBMISSION.tsv,ncen_registrant_reporting_series_raw,text_preserve_lexical,identity_and_lineage,raw_and_typed_projection,source_rows_equal_raw_rows,e9ea96c869370e6618093f18afd0b30ccc1736ee39d53c6309336081e041af92;fb55228ca976c43955c9a49bccf2bc21c8b70d3c7194f936f13289f06acca737
ncen,REGISTRANT_REPORTING_SERIES.tsv,SERIES_NAME,False,SUBMISSION.tsv,ncen_registrant_reporting_series_raw,text_preserve_lexical,identity_and_lineage,raw_and_typed_projection,source_rows_equal_raw_rows,e9ea96c869370e6618093f18afd0b30ccc1736ee39d53c6309336081e041af92;fb55228ca976c43955c9a49bccf2bc21c8b70d3c7194f936f13289f06acca737
ncen,REGISTRANT_REPORTING_SERIES.tsv,SOURCE,False,SUBMISSION.tsv,ncen_registrant_reporting_series_raw,text_preserve_lexical,operating_and_governance,raw_and_typed_projection,source_rows_equal_raw_rows,e9ea96c869370e6618093f18afd0b30ccc1736ee39d53c6309336081e041af92;fb55228ca976c43955c9a49bccf2bc21c8b70d3c7194f936f13289f06acca737
ncen,REGISTRANT_WEBSITE.tsv,ACCESSION_NUMBER,False,SUBMISSION.tsv,ncen_registrant_website_raw,text_preserve_lexical,identity_and_lineage,raw_and_typed_projection,source_rows_equal_raw_rows,e9ea96c869370e6618093f18afd0b30ccc1736ee39d53c6309336081e041af92;fb55228ca976c43955c9a49bccf2bc21c8b70d3c7194f936f13289f06acca737
ncen,REGISTRANT_WEBSITE.tsv,WEBPAGE,False,SUBMISSION.tsv,ncen_registrant_website_raw,text_preserve_lexical,operating_and_governance,raw_and_typed_projection,source_rows_equal_raw_rows,e9ea96c869370e6618093f18afd0b30ccc1736ee39d53c6309336081e041af92;fb55228ca976c43955c9a49bccf2bc21c8b70d3c7194f936f13289f06acca737
ncen,RELEASE_NUMBER.tsv,ACCESSION_NUMBER,False,SUBMISSION.tsv,ncen_release_number_raw,text_preserve_lexical,identity_and_lineage,raw_and_typed_projection,source_rows_equal_raw_rows,e9ea96c869370e6618093f18afd0b30ccc1736ee39d53c6309336081e041af92;fb55228ca976c43955c9a49bccf2bc21c8b70d3c7194f936f13289f06acca737
ncen,RELEASE_NUMBER.tsv,RELEASE_NUMBER,False,SUBMISSION.tsv,ncen_release_number_raw,text_preserve_lexical,operating_and_governance,raw_and_typed_projection,source_rows_equal_raw_rows,e9ea96c869370e6618093f18afd0b30ccc1736ee39d53c6309336081e041af92;fb55228ca976c43955c9a49bccf2bc21c8b70d3c7194f936f13289f06acca737
ncen,RIGHTS_OFFERING_FUND.tsv,FUND_ID,False,FUND_REPORTED_INFO.tsv,ncen_rights_offering_fund_raw,text_preserve_lexical,operating_and_governance,raw_and_typed_projection,source_rows_equal_raw_rows,e9ea96c869370e6618093f18afd0b30ccc1736ee39d53c6309336081e041af92;fb55228ca976c43955c9a49bccf2bc21c8b70d3c7194f936f13289f06acca737
ncen,RIGHTS_OFFERING_FUND.tsv,IS_RIGHTS_OFFER_BONDS,False,FUND_REPORTED_INFO.tsv,ncen_rights_offering_fund_raw,text_preserve_lexical,operating_and_governance,raw_and_typed_projection,source_rows_equal_raw_rows,e9ea96c869370e6618093f18afd0b30ccc1736ee39d53c6309336081e041af92;fb55228ca976c43955c9a49bccf2bc21c8b70d3c7194f936f13289f06acca737
ncen,RIGHTS_OFFERING_FUND.tsv,IS_RIGHTS_OFFER_COMMON,False,FUND_REPORTED_INFO.tsv,ncen_rights_offering_fund_raw,text_preserve_lexical,operating_and_governance,raw_and_typed_projection,source_rows_equal_raw_rows,e9ea96c869370e6618093f18afd0b30ccc1736ee39d53c6309336081e041af92;fb55228ca976c43955c9a49bccf2bc21c8b70d3c7194f936f13289f06acca737
ncen,RIGHTS_OFFERING_FUND.tsv,IS_RIGHTS_OFFER_CONVERTIBLES,False,FUND_REPORTED_INFO.tsv,ncen_rights_offering_fund_raw,text_preserve_lexical,operating_and_governance,raw_and_typed_projection,source_rows_equal_raw_rows,e9ea96c869370e6618093f18afd0b30ccc1736ee39d53c6309336081e041af92;fb55228ca976c43955c9a49bccf2bc21c8b70d3c7194f936f13289f06acca737
ncen,RIGHTS_OFFERING_FUND.tsv,IS_RIGHTS_OFFER_OTHER,False,FUND_REPORTED_INFO.tsv,ncen_rights_offering_fund_raw,text_preserve_lexical,operating_and_governance,raw_and_typed_projection,source_rows_equal_raw_rows,e9ea96c869370e6618093f18afd0b30ccc1736ee39d53c6309336081e041af92;fb55228ca976c43955c9a49bccf2bc21c8b70d3c7194f936f13289f06acca737
ncen,RIGHTS_OFFERING_FUND.tsv,IS_RIGHTS_OFFER_PREFERRED,False,FUND_REPORTED_INFO.tsv,ncen_rights_offering_fund_raw,text_preserve_lexical,operating_and_governance,raw_and_typed_projection,source_rows_equal_raw_rows,e9ea96c869370e6618093f18afd0b30ccc1736ee39d53c6309336081e041af92;fb55228ca976c43955c9a49bccf2bc21c8b70d3c7194f936f13289f06acca737
ncen,RIGHTS_OFFERING_FUND.tsv,IS_RIGHTS_OFFER_WARRANTS,False,FUND_REPORTED_INFO.tsv,ncen_rights_offering_fund_raw,text_preserve_lexical,operating_and_governance,raw_and_typed_projection,source_rows_equal_raw_rows,e9ea96c869370e6618093f18afd0b30ccc1736ee39d53c6309336081e041af92;fb55228ca976c43955c9a49bccf2bc21c8b70d3c7194f936f13289f06acca737
ncen,RIGHTS_OFFERING_FUND.tsv,PCT_PARTCI_PRIMARY_OFFERING,False,FUND_REPORTED_INFO.tsv,ncen_rights_offering_fund_raw,decimal_preserve_lexical,operating_and_governance,raw_and_typed_projection,source_rows_equal_raw_rows,e9ea96c869370e6618093f18afd0b30ccc1736ee39d53c6309336081e041af92;fb55228ca976c43955c9a49bccf2bc21c8b70d3c7194f936f13289f06acca737
ncen,RIGHTS_OFFERING_FUND.tsv,RIGHTS_OFFER_DESC,False,FUND_REPORTED_INFO.tsv,ncen_rights_offering_fund_raw,text_preserve_lexical,operating_and_governance,raw_and_typed_projection,source_rows_equal_raw_rows,e9ea96c869370e6618093f18afd0b30ccc1736ee39d53c6309336081e041af92;fb55228ca976c43955c9a49bccf2bc21c8b70d3c7194f936f13289f06acca737
ncen,SECURITY_EXCHANGE.tsv,FUND_EXCHANGE,False,FUND_REPORTED_INFO.tsv,ncen_security_exchange_raw,text_preserve_lexical,holdings_and_composition,raw_and_typed_projection,source_rows_equal_raw_rows,e9ea96c869370e6618093f18afd0b30ccc1736ee39d53c6309336081e041af92;fb55228ca976c43955c9a49bccf2bc21c8b70d3c7194f936f13289f06acca737
ncen,SECURITY_EXCHANGE.tsv,FUND_ID,False,FUND_REPORTED_INFO.tsv,ncen_security_exchange_raw,text_preserve_lexical,holdings_and_composition,raw_and_typed_projection,source_rows_equal_raw_rows,e9ea96c869370e6618093f18afd0b30ccc1736ee39d53c6309336081e041af92;fb55228ca976c43955c9a49bccf2bc21c8b70d3c7194f936f13289f06acca737
ncen,SECURITY_EXCHANGE.tsv,FUND_TICKER_SYMBOL,False,FUND_REPORTED_INFO.tsv,ncen_security_exchange_raw,text_preserve_lexical,holdings_and_composition,raw_and_typed_projection,source_rows_equal_raw_rows,e9ea96c869370e6618093f18afd0b30ccc1736ee39d53c6309336081e041af92;fb55228ca976c43955c9a49bccf2bc21c8b70d3c7194f936f13289f06acca737
ncen,SECURITY_LENDING.tsv,DID_INDEMNIFICATION_RIGHTS,False,FUND_REPORTED_INFO.tsv,ncen_security_lending_raw,text_preserve_lexical,holdings_and_composition,raw_and_typed_projection,source_rows_equal_raw_rows,e9ea96c869370e6618093f18afd0b30ccc1736ee39d53c6309336081e041af92;fb55228ca976c43955c9a49bccf2bc21c8b70d3c7194f936f13289f06acca737
ncen,SECURITY_LENDING.tsv,FUND_ID,True,FUND_REPORTED_INFO.tsv,ncen_security_lending_raw,text_preserve_lexical,holdings_and_composition,raw_and_typed_projection,source_rows_equal_raw_rows,e9ea96c869370e6618093f18afd0b30ccc1736ee39d53c6309336081e041af92;fb55228ca976c43955c9a49bccf2bc21c8b70d3c7194f936f13289f06acca737
ncen,SECURITY_LENDING.tsv,IS_AFFILIATED,False,FUND_REPORTED_INFO.tsv,ncen_security_lending_raw,text_preserve_lexical,holdings_and_composition,raw_and_typed_projection,source_rows_equal_raw_rows,e9ea96c869370e6618093f18afd0b30ccc1736ee39d53c6309336081e041af92;fb55228ca976c43955c9a49bccf2bc21c8b70d3c7194f936f13289f06acca737
ncen,SECURITY_LENDING.tsv,SECURITIES_AGENT_LEI,False,FUND_REPORTED_INFO.tsv,ncen_security_lending_raw,text_preserve_lexical,holdings_and_composition,raw_and_typed_projection,source_rows_equal_raw_rows,e9ea96c869370e6618093f18afd0b30ccc1736ee39d53c6309336081e041af92;fb55228ca976c43955c9a49bccf2bc21c8b70d3c7194f936f13289f06acca737
ncen,SECURITY_LENDING.tsv,SECURITIES_AGENT_NAME,False,FUND_REPORTED_INFO.tsv,ncen_security_lending_raw,text_preserve_lexical,holdings_and_composition,raw_and_typed_projection,source_rows_equal_raw_rows,e9ea96c869370e6618093f18afd0b30ccc1736ee39d53c6309336081e041af92;fb55228ca976c43955c9a49bccf2bc21c8b70d3c7194f936f13289f06acca737
ncen,SECURITY_LENDING.tsv,SECURITY_AGENT_IDEMNITY,False,FUND_REPORTED_INFO.tsv,ncen_security_lending_raw,text_preserve_lexical,holdings_and_composition,raw_and_typed_projection,source_rows_equal_raw_rows,e9ea96c869370e6618093f18afd0b30ccc1736ee39d53c6309336081e041af92;fb55228ca976c43955c9a49bccf2bc21c8b70d3c7194f936f13289f06acca737
ncen,SECURITY_LENDING.tsv,SECURITY_LENDING_SEQNUM,True,FUND_REPORTED_INFO.tsv,ncen_security_lending_raw,decimal_preserve_lexical,holdings_and_composition,raw_and_typed_projection,source_rows_equal_raw_rows,e9ea96c869370e6618093f18afd0b30ccc1736ee39d53c6309336081e041af92;fb55228ca976c43955c9a49bccf2bc21c8b70d3c7194f936f13289f06acca737
ncen,SECURITY_RELATED_ITEM.tsv,DESCRIPTION,False,FUND_REPORTED_INFO.tsv,ncen_security_related_item_raw,text_preserve_lexical,holdings_and_composition,raw_and_typed_projection,source_rows_equal_raw_rows,e9ea96c869370e6618093f18afd0b30ccc1736ee39d53c6309336081e041af92;fb55228ca976c43955c9a49bccf2bc21c8b70d3c7194f936f13289f06acca737
ncen,SECURITY_RELATED_ITEM.tsv,EXCHANGE,False,FUND_REPORTED_INFO.tsv,ncen_security_related_item_raw,text_preserve_lexical,holdings_and_composition,raw_and_typed_projection,source_rows_equal_raw_rows,e9ea96c869370e6618093f18afd0b30ccc1736ee39d53c6309336081e041af92;fb55228ca976c43955c9a49bccf2bc21c8b70d3c7194f936f13289f06acca737
ncen,SECURITY_RELATED_ITEM.tsv,FUND_ID,True,FUND_REPORTED_INFO.tsv,ncen_security_related_item_raw,text_preserve_lexical,holdings_and_composition,raw_and_typed_projection,source_rows_equal_raw_rows,e9ea96c869370e6618093f18afd0b30ccc1736ee39d53c6309336081e041af92;fb55228ca976c43955c9a49bccf2bc21c8b70d3c7194f936f13289f06acca737
ncen,SECURITY_RELATED_ITEM.tsv,OTHER_SECURITY_DESCRIPTION,False,FUND_REPORTED_INFO.tsv,ncen_security_related_item_raw,text_preserve_lexical,holdings_and_composition,raw_and_typed_projection,source_rows_equal_raw_rows,e9ea96c869370e6618093f18afd0b30ccc1736ee39d53c6309336081e041af92;fb55228ca976c43955c9a49bccf2bc21c8b70d3c7194f936f13289f06acca737
ncen,SECURITY_RELATED_ITEM.tsv,SECURITY_CLASS_TITLE,False,FUND_REPORTED_INFO.tsv,ncen_security_related_item_raw,text_preserve_lexical,identity_and_lineage,raw_and_typed_projection,source_rows_equal_raw_rows,e9ea96c869370e6618093f18afd0b30ccc1736ee39d53c6309336081e041af92;fb55228ca976c43955c9a49bccf2bc21c8b70d3c7194f936f13289f06acca737
ncen,SECURITY_RELATED_ITEM.tsv,SECURITY_RELATED_ITEM_SEQNUM,True,FUND_REPORTED_INFO.tsv,ncen_security_related_item_raw,decimal_preserve_lexical,holdings_and_composition,raw_and_typed_projection,source_rows_equal_raw_rows,e9ea96c869370e6618093f18afd0b30ccc1736ee39d53c6309336081e041af92;fb55228ca976c43955c9a49bccf2bc21c8b70d3c7194f936f13289f06acca737
ncen,SECURITY_RELATED_ITEM.tsv,TICKER_SYMBOL,False,FUND_REPORTED_INFO.tsv,ncen_security_related_item_raw,text_preserve_lexical,holdings_and_composition,raw_and_typed_projection,source_rows_equal_raw_rows,e9ea96c869370e6618093f18afd0b30ccc1736ee39d53c6309336081e041af92;fb55228ca976c43955c9a49bccf2bc21c8b70d3c7194f936f13289f06acca737
ncen,SEC_LENDING_IDEMNITY_PROVIDER.tsv,FUND_ID,False,FUND_REPORTED_INFO.tsv,ncen_sec_lending_idemnity_provider_raw,text_preserve_lexical,operating_and_governance,raw_and_typed_projection,source_rows_equal_raw_rows,e9ea96c869370e6618093f18afd0b30ccc1736ee39d53c6309336081e041af92;fb55228ca976c43955c9a49bccf2bc21c8b70d3c7194f936f13289f06acca737
ncen,SEC_LENDING_IDEMNITY_PROVIDER.tsv,INDEMNITY_PROVIDER_LEI,False,FUND_REPORTED_INFO.tsv,ncen_sec_lending_idemnity_provider_raw,text_preserve_lexical,operating_and_governance,raw_and_typed_projection,source_rows_equal_raw_rows,e9ea96c869370e6618093f18afd0b30ccc1736ee39d53c6309336081e041af92;fb55228ca976c43955c9a49bccf2bc21c8b70d3c7194f936f13289f06acca737
ncen,SEC_LENDING_IDEMNITY_PROVIDER.tsv,INDEMNITY_PROVIDER_NAME,False,FUND_REPORTED_INFO.tsv,ncen_sec_lending_idemnity_provider_raw,text_preserve_lexical,operating_and_governance,raw_and_typed_projection,source_rows_equal_raw_rows,e9ea96c869370e6618093f18afd0b30ccc1736ee39d53c6309336081e041af92;fb55228ca976c43955c9a49bccf2bc21c8b70d3c7194f936f13289f06acca737
ncen,SEC_LENDING_IDEMNITY_PROVIDER.tsv,SECURITY_LENDING_SEQNUM,False,FUND_REPORTED_INFO.tsv,ncen_sec_lending_idemnity_provider_raw,decimal_preserve_lexical,operating_and_governance,raw_and_typed_projection,source_rows_equal_raw_rows,e9ea96c869370e6618093f18afd0b30ccc1736ee39d53c6309336081e041af92;fb55228ca976c43955c9a49bccf2bc21c8b70d3c7194f936f13289f06acca737
ncen,SERIES_CIK.tsv,ACCESSION_NUMBER,False,SUBMISSION.tsv,ncen_series_cik_raw,text_preserve_lexical,identity_and_lineage,raw_and_typed_projection,source_rows_equal_raw_rows,e9ea96c869370e6618093f18afd0b30ccc1736ee39d53c6309336081e041af92;fb55228ca976c43955c9a49bccf2bc21c8b70d3c7194f936f13289f06acca737
ncen,SERIES_CIK.tsv,SERIES_CIK,False,SUBMISSION.tsv,ncen_series_cik_raw,text_preserve_lexical,identity_and_lineage,raw_and_typed_projection,source_rows_equal_raw_rows,e9ea96c869370e6618093f18afd0b30ccc1736ee39d53c6309336081e041af92;fb55228ca976c43955c9a49bccf2bc21c8b70d3c7194f936f13289f06acca737
ncen,SHAREHOLDER_SERVICING_AGENT.tsv,AGENT_LEI,False,FUND_REPORTED_INFO.tsv,ncen_shareholder_servicing_agent_raw,text_preserve_lexical,operating_and_governance,raw_and_typed_projection,source_rows_equal_raw_rows,e9ea96c869370e6618093f18afd0b30ccc1736ee39d53c6309336081e041af92;fb55228ca976c43955c9a49bccf2bc21c8b70d3c7194f936f13289f06acca737
ncen,SHAREHOLDER_SERVICING_AGENT.tsv,AGENT_NAME,False,FUND_REPORTED_INFO.tsv,ncen_shareholder_servicing_agent_raw,text_preserve_lexical,operating_and_governance,raw_and_typed_projection,source_rows_equal_raw_rows,e9ea96c869370e6618093f18afd0b30ccc1736ee39d53c6309336081e041af92;fb55228ca976c43955c9a49bccf2bc21c8b70d3c7194f936f13289f06acca737
ncen,SHAREHOLDER_SERVICING_AGENT.tsv,COUNTRY,False,FUND_REPORTED_INFO.tsv,ncen_shareholder_servicing_agent_raw,text_preserve_lexical,operating_and_governance,raw_and_typed_projection,source_rows_equal_raw_rows,e9ea96c869370e6618093f18afd0b30ccc1736ee39d53c6309336081e041af92;fb55228ca976c43955c9a49bccf2bc21c8b70d3c7194f936f13289f06acca737
ncen,SHAREHOLDER_SERVICING_AGENT.tsv,FUND_ID,False,FUND_REPORTED_INFO.tsv,ncen_shareholder_servicing_agent_raw,text_preserve_lexical,operating_and_governance,raw_and_typed_projection,source_rows_equal_raw_rows,e9ea96c869370e6618093f18afd0b30ccc1736ee39d53c6309336081e041af92;fb55228ca976c43955c9a49bccf2bc21c8b70d3c7194f936f13289f06acca737
ncen,SHAREHOLDER_SERVICING_AGENT.tsv,IS_AFFILIATED,False,FUND_REPORTED_INFO.tsv,ncen_shareholder_servicing_agent_raw,text_preserve_lexical,operating_and_governance,raw_and_typed_projection,source_rows_equal_raw_rows,e9ea96c869370e6618093f18afd0b30ccc1736ee39d53c6309336081e041af92;fb55228ca976c43955c9a49bccf2bc21c8b70d3c7194f936f13289f06acca737
ncen,SHAREHOLDER_SERVICING_AGENT.tsv,IS_SUBSHARE,False,FUND_REPORTED_INFO.tsv,ncen_shareholder_servicing_agent_raw,text_preserve_lexical,operating_and_governance,raw_and_typed_projection,source_rows_equal_raw_rows,e9ea96c869370e6618093f18afd0b30ccc1736ee39d53c6309336081e041af92;fb55228ca976c43955c9a49bccf2bc21c8b70d3c7194f936f13289f06acca737
ncen,SHAREHOLDER_SERVICING_AGENT.tsv,OTHER_IDENTIFYING_NUM_DESC,False,FUND_REPORTED_INFO.tsv,ncen_shareholder_servicing_agent_raw,text_preserve_lexical,operating_and_governance,raw_and_typed_projection,source_rows_equal_raw_rows,e9ea96c869370e6618093f18afd0b30ccc1736ee39d53c6309336081e041af92;fb55228ca976c43955c9a49bccf2bc21c8b70d3c7194f936f13289f06acca737
ncen,SHAREHOLDER_SERVICING_AGENT.tsv,STATE,False,FUND_REPORTED_INFO.tsv,ncen_shareholder_servicing_agent_raw,text_preserve_lexical,operating_and_governance,raw_and_typed_projection,source_rows_equal_raw_rows,e9ea96c869370e6618093f18afd0b30ccc1736ee39d53c6309336081e041af92;fb55228ca976c43955c9a49bccf2bc21c8b70d3c7194f936f13289f06acca737
ncen,SHARES_OUTSTANDING.tsv,CLASS_ID,False,FUND_REPORTED_INFO.tsv,ncen_shares_outstanding_raw,text_preserve_lexical,identity_and_lineage,raw_and_typed_projection,source_rows_equal_raw_rows,e9ea96c869370e6618093f18afd0b30ccc1736ee39d53c6309336081e041af92;fb55228ca976c43955c9a49bccf2bc21c8b70d3c7194f936f13289f06acca737
ncen,SHARES_OUTSTANDING.tsv,CLASS_NAME,False,FUND_REPORTED_INFO.tsv,ncen_shares_outstanding_raw,text_preserve_lexical,identity_and_lineage,raw_and_typed_projection,source_rows_equal_raw_rows,e9ea96c869370e6618093f18afd0b30ccc1736ee39d53c6309336081e041af92;fb55228ca976c43955c9a49bccf2bc21c8b70d3c7194f936f13289f06acca737
ncen,SHARES_OUTSTANDING.tsv,FUND_ID,False,FUND_REPORTED_INFO.tsv,ncen_shares_outstanding_raw,text_preserve_lexical,operating_and_governance,raw_and_typed_projection,source_rows_equal_raw_rows,e9ea96c869370e6618093f18afd0b30ccc1736ee39d53c6309336081e041af92;fb55228ca976c43955c9a49bccf2bc21c8b70d3c7194f936f13289f06acca737
ncen,SHARES_OUTSTANDING.tsv,TICKER,False,FUND_REPORTED_INFO.tsv,ncen_shares_outstanding_raw,text_preserve_lexical,operating_and_governance,raw_and_typed_projection,source_rows_equal_raw_rows,e9ea96c869370e6618093f18afd0b30ccc1736ee39d53c6309336081e041af92;fb55228ca976c43955c9a49bccf2bc21c8b70d3c7194f936f13289f06acca737
ncen,SPONSOR.tsv,ACCESSION_NUMBER,False,SUBMISSION.tsv,ncen_sponsor_raw,text_preserve_lexical,identity_and_lineage,raw_and_typed_projection,source_rows_equal_raw_rows,e9ea96c869370e6618093f18afd0b30ccc1736ee39d53c6309336081e041af92;fb55228ca976c43955c9a49bccf2bc21c8b70d3c7194f936f13289f06acca737
ncen,SPONSOR.tsv,COUNTRY,False,SUBMISSION.tsv,ncen_sponsor_raw,text_preserve_lexical,operating_and_governance,raw_and_typed_projection,source_rows_equal_raw_rows,e9ea96c869370e6618093f18afd0b30ccc1736ee39d53c6309336081e041af92;fb55228ca976c43955c9a49bccf2bc21c8b70d3c7194f936f13289f06acca737
ncen,SPONSOR.tsv,CRD_NUM,False,SUBMISSION.tsv,ncen_sponsor_raw,text_preserve_lexical,operating_and_governance,raw_and_typed_projection,source_rows_equal_raw_rows,e9ea96c869370e6618093f18afd0b30ccc1736ee39d53c6309336081e041af92;fb55228ca976c43955c9a49bccf2bc21c8b70d3c7194f936f13289f06acca737
ncen,SPONSOR.tsv,SPONSOR_LEI,False,SUBMISSION.tsv,ncen_sponsor_raw,text_preserve_lexical,operating_and_governance,raw_and_typed_projection,source_rows_equal_raw_rows,e9ea96c869370e6618093f18afd0b30ccc1736ee39d53c6309336081e041af92;fb55228ca976c43955c9a49bccf2bc21c8b70d3c7194f936f13289f06acca737
ncen,SPONSOR.tsv,SPONSOR_NAME,False,SUBMISSION.tsv,ncen_sponsor_raw,text_preserve_lexical,operating_and_governance,raw_and_typed_projection,source_rows_equal_raw_rows,e9ea96c869370e6618093f18afd0b30ccc1736ee39d53c6309336081e041af92;fb55228ca976c43955c9a49bccf2bc21c8b70d3c7194f936f13289f06acca737
ncen,SPONSOR.tsv,STATE,False,SUBMISSION.tsv,ncen_sponsor_raw,text_preserve_lexical,operating_and_governance,raw_and_typed_projection,source_rows_equal_raw_rows,e9ea96c869370e6618093f18afd0b30ccc1736ee39d53c6309336081e041af92;fb55228ca976c43955c9a49bccf2bc21c8b70d3c7194f936f13289f06acca737
ncen,SUBMISSION.tsv,ACCESSION_NUMBER,True,,ncen_submission_raw,text_preserve_lexical,identity_and_lineage,raw_and_typed_projection,source_rows_equal_raw_rows,e9ea96c869370e6618093f18afd0b30ccc1736ee39d53c6309336081e041af92;fb55228ca976c43955c9a49bccf2bc21c8b70d3c7194f936f13289f06acca737
ncen,SUBMISSION.tsv,CIK,False,,ncen_submission_raw,text_preserve_lexical,identity_and_lineage,raw_and_typed_projection,source_rows_equal_raw_rows,e9ea96c869370e6618093f18afd0b30ccc1736ee39d53c6309336081e041af92;fb55228ca976c43955c9a49bccf2bc21c8b70d3c7194f936f13289f06acca737
ncen,SUBMISSION.tsv,DATE_SIGNED,False,,ncen_submission_raw,date_field_specific_fail_preserve_lexical,operating_and_governance,raw_and_typed_projection,source_rows_equal_raw_rows,e9ea96c869370e6618093f18afd0b30ccc1736ee39d53c6309336081e041af92;fb55228ca976c43955c9a49bccf2bc21c8b70d3c7194f936f13289f06acca737
ncen,SUBMISSION.tsv,FILE_NUM,False,,ncen_submission_raw,text_preserve_lexical,operating_and_governance,raw_and_typed_projection,source_rows_equal_raw_rows,e9ea96c869370e6618093f18afd0b30ccc1736ee39d53c6309336081e041af92;fb55228ca976c43955c9a49bccf2bc21c8b70d3c7194f936f13289f06acca737
ncen,SUBMISSION.tsv,FILING_DATE,False,,ncen_submission_raw,date_field_specific_fail_preserve_lexical,operating_and_governance,raw_and_typed_projection,source_rows_equal_raw_rows,e9ea96c869370e6618093f18afd0b30ccc1736ee39d53c6309336081e041af92;fb55228ca976c43955c9a49bccf2bc21c8b70d3c7194f936f13289f06acca737
ncen,SUBMISSION.tsv,IS_CHANGE_ACC_PRINCIPLES,False,,ncen_submission_raw,text_preserve_lexical,operating_and_governance,raw_and_typed_projection,source_rows_equal_raw_rows,e9ea96c869370e6618093f18afd0b30ccc1736ee39d53c6309336081e041af92;fb55228ca976c43955c9a49bccf2bc21c8b70d3c7194f936f13289f06acca737
ncen,SUBMISSION.tsv,IS_CODE_OF_ETHICS,False,,ncen_submission_raw,text_preserve_lexical,operating_and_governance,raw_and_typed_projection,source_rows_equal_raw_rows,e9ea96c869370e6618093f18afd0b30ccc1736ee39d53c6309336081e041af92;fb55228ca976c43955c9a49bccf2bc21c8b70d3c7194f936f13289f06acca737
ncen,SUBMISSION.tsv,IS_INFO_ITEM405,False,,ncen_submission_raw,text_preserve_lexical,operating_and_governance,raw_and_typed_projection,source_rows_equal_raw_rows,e9ea96c869370e6618093f18afd0b30ccc1736ee39d53c6309336081e041af92;fb55228ca976c43955c9a49bccf2bc21c8b70d3c7194f936f13289f06acca737
ncen,SUBMISSION.tsv,IS_INFO_REQUIRED_EO,False,,ncen_submission_raw,text_preserve_lexical,operating_and_governance,raw_and_typed_projection,source_rows_equal_raw_rows,e9ea96c869370e6618093f18afd0b30ccc1736ee39d53c6309336081e041af92;fb55228ca976c43955c9a49bccf2bc21c8b70d3c7194f936f13289f06acca737
ncen,SUBMISSION.tsv,IS_INST_DEFINING_RIGHTS,False,,ncen_submission_raw,text_preserve_lexical,operating_and_governance,raw_and_typed_projection,source_rows_equal_raw_rows,e9ea96c869370e6618093f18afd0b30ccc1736ee39d53c6309336081e041af92;fb55228ca976c43955c9a49bccf2bc21c8b70d3c7194f936f13289f06acca737
ncen,SUBMISSION.tsv,IS_IPA_REPORT_INTERNAL_CONTROL,False,,ncen_submission_raw,text_preserve_lexical,operating_and_governance,raw_and_typed_projection,source_rows_equal_raw_rows,e9ea96c869370e6618093f18afd0b30ccc1736ee39d53c6309336081e041af92;fb55228ca976c43955c9a49bccf2bc21c8b70d3c7194f936f13289f06acca737
ncen,SUBMISSION.tsv,IS_LEGAL_PROCEEDINGS,False,,ncen_submission_raw,text_preserve_lexical,operating_and_governance,raw_and_typed_projection,source_rows_equal_raw_rows,e9ea96c869370e6618093f18afd0b30ccc1736ee39d53c6309336081e041af92;fb55228ca976c43955c9a49bccf2bc21c8b70d3c7194f936f13289f06acca737
ncen,SUBMISSION.tsv,IS_MATERIAL_AMENDMENTS,False,,ncen_submission_raw,text_preserve_lexical,operating_and_governance,raw_and_typed_projection,source_rows_equal_raw_rows,e9ea96c869370e6618093f18afd0b30ccc1736ee39d53c6309336081e041af92;fb55228ca976c43955c9a49bccf2bc21c8b70d3c7194f936f13289f06acca737
ncen,SUBMISSION.tsv,IS_NEW_OR_AMENDED_INV_ADV_CONT,False,,ncen_submission_raw,text_preserve_lexical,operating_and_governance,raw_and_typed_projection,source_rows_equal_raw_rows,e9ea96c869370e6618093f18afd0b30ccc1736ee39d53c6309336081e041af92;fb55228ca976c43955c9a49bccf2bc21c8b70d3c7194f936f13289f06acca737
ncen,SUBMISSION.tsv,IS_OTHER_INFO_REQUIRED,False,,ncen_submission_raw,text_preserve_lexical,operating_and_governance,raw_and_typed_projection,source_rows_equal_raw_rows,e9ea96c869370e6618093f18afd0b30ccc1736ee39d53c6309336081e041af92;fb55228ca976c43955c9a49bccf2bc21c8b70d3c7194f936f13289f06acca737
ncen,SUBMISSION.tsv,IS_PROVISION_FINANCIAL_SUPPORT,False,,ncen_submission_raw,text_preserve_lexical,operating_and_governance,raw_and_typed_projection,source_rows_equal_raw_rows,e9ea96c869370e6618093f18afd0b30ccc1736ee39d53c6309336081e041af92;fb55228ca976c43955c9a49bccf2bc21c8b70d3c7194f936f13289f06acca737
ncen,SUBMISSION.tsv,IS_REPORT_PERIOD_LT_12MONTH,False,,ncen_submission_raw,date_field_specific_fail_preserve_lexical,operating_and_governance,raw_and_typed_projection,source_rows_equal_raw_rows,e9ea96c869370e6618093f18afd0b30ccc1736ee39d53c6309336081e041af92;fb55228ca976c43955c9a49bccf2bc21c8b70d3c7194f936f13289f06acca737
ncen,SUBMISSION.tsv,REGISTRANT_SIGNED_NAME,False,,ncen_submission_raw,text_preserve_lexical,operating_and_governance,raw_and_typed_projection,source_rows_equal_raw_rows,e9ea96c869370e6618093f18afd0b30ccc1736ee39d53c6309336081e041af92;fb55228ca976c43955c9a49bccf2bc21c8b70d3c7194f936f13289f06acca737
ncen,SUBMISSION.tsv,REPORT_ENDING_PERIOD,False,,ncen_submission_raw,date_field_specific_fail_preserve_lexical,operating_and_governance,raw_and_typed_projection,source_rows_equal_raw_rows,e9ea96c869370e6618093f18afd0b30ccc1736ee39d53c6309336081e041af92;fb55228ca976c43955c9a49bccf2bc21c8b70d3c7194f936f13289f06acca737
ncen,SUBMISSION.tsv,SIGNATURE,False,,ncen_submission_raw,text_preserve_lexical,operating_and_governance,raw_and_typed_projection,source_rows_equal_raw_rows,e9ea96c869370e6618093f18afd0b30ccc1736ee39d53c6309336081e041af92;fb55228ca976c43955c9a49bccf2bc21c8b70d3c7194f936f13289f06acca737
ncen,SUBMISSION.tsv,SUBMISSION_TYPE,False,,ncen_submission_raw,text_preserve_lexical,operating_and_governance,raw_and_typed_projection,source_rows_equal_raw_rows,e9ea96c869370e6618093f18afd0b30ccc1736ee39d53c6309336081e041af92;fb55228ca976c43955c9a49bccf2bc21c8b70d3c7194f936f13289f06acca737
ncen,SUBMISSION.tsv,TITLE,False,,ncen_submission_raw,text_preserve_lexical,operating_and_governance,raw_and_typed_projection,source_rows_equal_raw_rows,e9ea96c869370e6618093f18afd0b30ccc1736ee39d53c6309336081e041af92;fb55228ca976c43955c9a49bccf2bc21c8b70d3c7194f936f13289f06acca737
ncen,TERMINATED_ORGANIZATION.tsv,ACCESSION_NUMBER,False,SUBMISSION.tsv,ncen_terminated_organization_raw,text_preserve_lexical,identity_and_lineage,raw_and_typed_projection,source_rows_equal_raw_rows,e9ea96c869370e6618093f18afd0b30ccc1736ee39d53c6309336081e041af92;fb55228ca976c43955c9a49bccf2bc21c8b70d3c7194f936f13289f06acca737
ncen,TERMINATED_ORGANIZATION.tsv,SERIES_ID,False,SUBMISSION.tsv,ncen_terminated_organization_raw,text_preserve_lexical,identity_and_lineage,raw_and_typed_projection,source_rows_equal_raw_rows,e9ea96c869370e6618093f18afd0b30ccc1736ee39d53c6309336081e041af92;fb55228ca976c43955c9a49bccf2bc21c8b70d3c7194f936f13289f06acca737
ncen,TERMINATED_ORGANIZATION.tsv,SERIES_NAME,False,SUBMISSION.tsv,ncen_terminated_organization_raw,text_preserve_lexical,identity_and_lineage,raw_and_typed_projection,source_rows_equal_raw_rows,e9ea96c869370e6618093f18afd0b30ccc1736ee39d53c6309336081e041af92;fb55228ca976c43955c9a49bccf2bc21c8b70d3c7194f936f13289f06acca737
ncen,TERMINATED_ORGANIZATION.tsv,TERMINATION_DATE,False,SUBMISSION.tsv,ncen_terminated_organization_raw,date_field_specific_fail_preserve_lexical,operating_and_governance,raw_and_typed_projection,source_rows_equal_raw_rows,e9ea96c869370e6618093f18afd0b30ccc1736ee39d53c6309336081e041af92;fb55228ca976c43955c9a49bccf2bc21c8b70d3c7194f936f13289f06acca737
ncen,TRANSFER_AGENT.tsv,COUNTRY,False,FUND_REPORTED_INFO.tsv,ncen_transfer_agent_raw,text_preserve_lexical,operating_and_governance,raw_and_typed_projection,source_rows_equal_raw_rows,e9ea96c869370e6618093f18afd0b30ccc1736ee39d53c6309336081e041af92;fb55228ca976c43955c9a49bccf2bc21c8b70d3c7194f936f13289f06acca737
ncen,TRANSFER_AGENT.tsv,FILE_NUM,False,FUND_REPORTED_INFO.tsv,ncen_transfer_agent_raw,text_preserve_lexical,operating_and_governance,raw_and_typed_projection,source_rows_equal_raw_rows,e9ea96c869370e6618093f18afd0b30ccc1736ee39d53c6309336081e041af92;fb55228ca976c43955c9a49bccf2bc21c8b70d3c7194f936f13289f06acca737
ncen,TRANSFER_AGENT.tsv,FUND_ID,False,FUND_REPORTED_INFO.tsv,ncen_transfer_agent_raw,text_preserve_lexical,operating_and_governance,raw_and_typed_projection,source_rows_equal_raw_rows,e9ea96c869370e6618093f18afd0b30ccc1736ee39d53c6309336081e041af92;fb55228ca976c43955c9a49bccf2bc21c8b70d3c7194f936f13289f06acca737
ncen,TRANSFER_AGENT.tsv,IS_AFFILIATED,False,FUND_REPORTED_INFO.tsv,ncen_transfer_agent_raw,text_preserve_lexical,operating_and_governance,raw_and_typed_projection,source_rows_equal_raw_rows,e9ea96c869370e6618093f18afd0b30ccc1736ee39d53c6309336081e041af92;fb55228ca976c43955c9a49bccf2bc21c8b70d3c7194f936f13289f06acca737
ncen,TRANSFER_AGENT.tsv,IS_SUBTRANSFER_AGENT,False,FUND_REPORTED_INFO.tsv,ncen_transfer_agent_raw,text_preserve_lexical,operating_and_governance,raw_and_typed_projection,source_rows_equal_raw_rows,e9ea96c869370e6618093f18afd0b30ccc1736ee39d53c6309336081e041af92;fb55228ca976c43955c9a49bccf2bc21c8b70d3c7194f936f13289f06acca737
ncen,TRANSFER_AGENT.tsv,SOURCE,False,FUND_REPORTED_INFO.tsv,ncen_transfer_agent_raw,text_preserve_lexical,operating_and_governance,raw_and_typed_projection,source_rows_equal_raw_rows,e9ea96c869370e6618093f18afd0b30ccc1736ee39d53c6309336081e041af92;fb55228ca976c43955c9a49bccf2bc21c8b70d3c7194f936f13289f06acca737
ncen,TRANSFER_AGENT.tsv,STATE,False,FUND_REPORTED_INFO.tsv,ncen_transfer_agent_raw,text_preserve_lexical,operating_and_governance,raw_and_typed_projection,source_rows_equal_raw_rows,e9ea96c869370e6618093f18afd0b30ccc1736ee39d53c6309336081e041af92;fb55228ca976c43955c9a49bccf2bc21c8b70d3c7194f936f13289f06acca737
ncen,TRANSFER_AGENT.tsv,TRANSFERAGENT_LEI,False,FUND_REPORTED_INFO.tsv,ncen_transfer_agent_raw,text_preserve_lexical,operating_and_governance,raw_and_typed_projection,source_rows_equal_raw_rows,e9ea96c869370e6618093f18afd0b30ccc1736ee39d53c6309336081e041af92;fb55228ca976c43955c9a49bccf2bc21c8b70d3c7194f936f13289f06acca737
ncen,TRANSFER_AGENT.tsv,TRANSFERAGENT_NAME,False,FUND_REPORTED_INFO.tsv,ncen_transfer_agent_raw,text_preserve_lexical,operating_and_governance,raw_and_typed_projection,source_rows_equal_raw_rows,e9ea96c869370e6618093f18afd0b30ccc1736ee39d53c6309336081e041af92;fb55228ca976c43955c9a49bccf2bc21c8b70d3c7194f936f13289f06acca737
ncen,TRUSTEE.tsv,ACCESSION_NUMBER,False,SUBMISSION.tsv,ncen_trustee_raw,text_preserve_lexical,identity_and_lineage,raw_and_typed_projection,source_rows_equal_raw_rows,e9ea96c869370e6618093f18afd0b30ccc1736ee39d53c6309336081e041af92;fb55228ca976c43955c9a49bccf2bc21c8b70d3c7194f936f13289f06acca737
ncen,TRUSTEE.tsv,COUNTRY,False,SUBMISSION.tsv,ncen_trustee_raw,text_preserve_lexical,operating_and_governance,raw_and_typed_projection,source_rows_equal_raw_rows,e9ea96c869370e6618093f18afd0b30ccc1736ee39d53c6309336081e041af92;fb55228ca976c43955c9a49bccf2bc21c8b70d3c7194f936f13289f06acca737
ncen,TRUSTEE.tsv,STATE,False,SUBMISSION.tsv,ncen_trustee_raw,text_preserve_lexical,operating_and_governance,raw_and_typed_projection,source_rows_equal_raw_rows,e9ea96c869370e6618093f18afd0b30ccc1736ee39d53c6309336081e041af92;fb55228ca976c43955c9a49bccf2bc21c8b70d3c7194f936f13289f06acca737
ncen,TRUSTEE.tsv,TRUSTEE_NAME,False,SUBMISSION.tsv,ncen_trustee_raw,text_preserve_lexical,operating_and_governance,raw_and_typed_projection,source_rows_equal_raw_rows,e9ea96c869370e6618093f18afd0b30ccc1736ee39d53c6309336081e041af92;fb55228ca976c43955c9a49bccf2bc21c8b70d3c7194f936f13289f06acca737
ncen,UIT.tsv,ACCESSION_NUMBER,True,SUBMISSION.tsv,ncen_uit_raw,text_preserve_lexical,identity_and_lineage,raw_and_typed_projection,source_rows_equal_raw_rows,e9ea96c869370e6618093f18afd0b30ccc1736ee39d53c6309336081e041af92;fb55228ca976c43955c9a49bccf2bc21c8b70d3c7194f936f13289f06acca737
ncen,UIT.tsv,EXISTING_SERIES_CNT,False,SUBMISSION.tsv,ncen_uit_raw,decimal_preserve_lexical,identity_and_lineage,raw_and_typed_projection,source_rows_equal_raw_rows,e9ea96c869370e6618093f18afd0b30ccc1736ee39d53c6309336081e041af92;fb55228ca976c43955c9a49bccf2bc21c8b70d3c7194f936f13289f06acca737
ncen,UIT.tsv,IS_ADMIN_HIRED_FIRED,False,SUBMISSION.tsv,ncen_uit_raw,text_preserve_lexical,operating_and_governance,raw_and_typed_projection,source_rows_equal_raw_rows,e9ea96c869370e6618093f18afd0b30ccc1736ee39d53c6309336081e041af92;fb55228ca976c43955c9a49bccf2bc21c8b70d3c7194f936f13289f06acca737
ncen,UIT.tsv,IS_RELYON_RULE_11A_2,False,SUBMISSION.tsv,ncen_uit_raw,text_preserve_lexical,operating_and_governance,raw_and_typed_projection,source_rows_equal_raw_rows,e9ea96c869370e6618093f18afd0b30ccc1736ee39d53c6309336081e041af92;fb55228ca976c43955c9a49bccf2bc21c8b70d3c7194f936f13289f06acca737
ncen,UIT.tsv,IS_RELYON_RULE_12D1G,False,SUBMISSION.tsv,ncen_uit_raw,text_preserve_lexical,operating_and_governance,raw_and_typed_projection,source_rows_equal_raw_rows,e9ea96c869370e6618093f18afd0b30ccc1736ee39d53c6309336081e041af92;fb55228ca976c43955c9a49bccf2bc21c8b70d3c7194f936f13289f06acca737
ncen,UIT.tsv,IS_RELYON_RULE_12D1_4,False,SUBMISSION.tsv,ncen_uit_raw,text_preserve_lexical,operating_and_governance,raw_and_typed_projection,source_rows_equal_raw_rows,e9ea96c869370e6618093f18afd0b30ccc1736ee39d53c6309336081e041af92;fb55228ca976c43955c9a49bccf2bc21c8b70d3c7194f936f13289f06acca737
ncen,UIT.tsv,IS_RELYON_RULE_6C_7,False,SUBMISSION.tsv,ncen_uit_raw,text_preserve_lexical,operating_and_governance,raw_and_typed_projection,source_rows_equal_raw_rows,e9ea96c869370e6618093f18afd0b30ccc1736ee39d53c6309336081e041af92;fb55228ca976c43955c9a49bccf2bc21c8b70d3c7194f936f13289f06acca737
ncen,UIT.tsv,IS_SEPERATE_ACCT,False,SUBMISSION.tsv,ncen_uit_raw,text_preserve_lexical,operating_and_governance,raw_and_typed_projection,source_rows_equal_raw_rows,e9ea96c869370e6618093f18afd0b30ccc1736ee39d53c6309336081e041af92;fb55228ca976c43955c9a49bccf2bc21c8b70d3c7194f936f13289f06acca737
ncen,UIT.tsv,NEW_SERIES_AGG_VALUE,False,SUBMISSION.tsv,ncen_uit_raw,decimal_preserve_lexical,identity_and_lineage,raw_and_typed_projection,source_rows_equal_raw_rows,e9ea96c869370e6618093f18afd0b30ccc1736ee39d53c6309336081e041af92;fb55228ca976c43955c9a49bccf2bc21c8b70d3c7194f936f13289f06acca737
ncen,UIT.tsv,NEW_SERIES_CNT,False,SUBMISSION.tsv,ncen_uit_raw,decimal_preserve_lexical,identity_and_lineage,raw_and_typed_projection,source_rows_equal_raw_rows,e9ea96c869370e6618093f18afd0b30ccc1736ee39d53c6309336081e041af92;fb55228ca976c43955c9a49bccf2bc21c8b70d3c7194f936f13289f06acca737
ncen,UIT.tsv,NUM_CONTRACTS,False,SUBMISSION.tsv,ncen_uit_raw,decimal_preserve_lexical,operating_and_governance,raw_and_typed_projection,source_rows_equal_raw_rows,e9ea96c869370e6618093f18afd0b30ccc1736ee39d53c6309336081e041af92;fb55228ca976c43955c9a49bccf2bc21c8b70d3c7194f936f13289f06acca737
ncen,UIT.tsv,SERIES_CNT_ADDITIONAL_UNITS,False,SUBMISSION.tsv,ncen_uit_raw,decimal_preserve_lexical,identity_and_lineage,raw_and_typed_projection,source_rows_equal_raw_rows,e9ea96c869370e6618093f18afd0b30ccc1736ee39d53c6309336081e041af92;fb55228ca976c43955c9a49bccf2bc21c8b70d3c7194f936f13289f06acca737
ncen,UIT.tsv,SERIES_CURRENT_PROSPECTUS,False,SUBMISSION.tsv,ncen_uit_raw,decimal_preserve_lexical,identity_and_lineage,raw_and_typed_projection,source_rows_equal_raw_rows,e9ea96c869370e6618093f18afd0b30ccc1736ee39d53c6309336081e041af92;fb55228ca976c43955c9a49bccf2bc21c8b70d3c7194f936f13289f06acca737
ncen,UIT.tsv,SERIES_ID,False,SUBMISSION.tsv,ncen_uit_raw,text_preserve_lexical,identity_and_lineage,raw_and_typed_projection,source_rows_equal_raw_rows,e9ea96c869370e6618093f18afd0b30ccc1736ee39d53c6309336081e041af92;fb55228ca976c43955c9a49bccf2bc21c8b70d3c7194f936f13289f06acca737
ncen,UIT.tsv,TOTAL_ASSET_FOR_ALL_SERIES,False,SUBMISSION.tsv,ncen_uit_raw,decimal_preserve_lexical,identity_and_lineage,raw_and_typed_projection,source_rows_equal_raw_rows,e9ea96c869370e6618093f18afd0b30ccc1736ee39d53c6309336081e041af92;fb55228ca976c43955c9a49bccf2bc21c8b70d3c7194f936f13289f06acca737
ncen,UIT.tsv,TOTAL_VALUE_ADDITIONAL_UNIT,False,SUBMISSION.tsv,ncen_uit_raw,decimal_preserve_lexical,operating_and_governance,raw_and_typed_projection,source_rows_equal_raw_rows,e9ea96c869370e6618093f18afd0b30ccc1736ee39d53c6309336081e041af92;fb55228ca976c43955c9a49bccf2bc21c8b70d3c7194f936f13289f06acca737
ncen,UIT.tsv,VALUE_UNIT_PLACED_SUBSEQUENT,False,SUBMISSION.tsv,ncen_uit_raw,decimal_preserve_lexical,operating_and_governance,raw_and_typed_projection,source_rows_equal_raw_rows,e9ea96c869370e6618093f18afd0b30ccc1736ee39d53c6309336081e041af92;fb55228ca976c43955c9a49bccf2bc21c8b70d3c7194f936f13289f06acca737
ncen,UIT_ADMIN.tsv,ACCESSION_NUMBER,False,SUBMISSION.tsv,ncen_uit_admin_raw,text_preserve_lexical,identity_and_lineage,raw_and_typed_projection,source_rows_equal_raw_rows,e9ea96c869370e6618093f18afd0b30ccc1736ee39d53c6309336081e041af92;fb55228ca976c43955c9a49bccf2bc21c8b70d3c7194f936f13289f06acca737
ncen,UIT_ADMIN.tsv,COUNTRY,False,SUBMISSION.tsv,ncen_uit_admin_raw,text_preserve_lexical,operating_and_governance,raw_and_typed_projection,source_rows_equal_raw_rows,e9ea96c869370e6618093f18afd0b30ccc1736ee39d53c6309336081e041af92;fb55228ca976c43955c9a49bccf2bc21c8b70d3c7194f936f13289f06acca737
ncen,UIT_ADMIN.tsv,IS_AFFILIATED,False,SUBMISSION.tsv,ncen_uit_admin_raw,text_preserve_lexical,operating_and_governance,raw_and_typed_projection,source_rows_equal_raw_rows,e9ea96c869370e6618093f18afd0b30ccc1736ee39d53c6309336081e041af92;fb55228ca976c43955c9a49bccf2bc21c8b70d3c7194f936f13289f06acca737
ncen,UIT_ADMIN.tsv,IS_SUB_ADMIN,False,SUBMISSION.tsv,ncen_uit_admin_raw,text_preserve_lexical,operating_and_governance,raw_and_typed_projection,source_rows_equal_raw_rows,e9ea96c869370e6618093f18afd0b30ccc1736ee39d53c6309336081e041af92;fb55228ca976c43955c9a49bccf2bc21c8b70d3c7194f936f13289f06acca737
ncen,UIT_ADMIN.tsv,OTHER_IDENTIFYING_NUM,False,SUBMISSION.tsv,ncen_uit_admin_raw,text_preserve_lexical,operating_and_governance,raw_and_typed_projection,source_rows_equal_raw_rows,e9ea96c869370e6618093f18afd0b30ccc1736ee39d53c6309336081e041af92;fb55228ca976c43955c9a49bccf2bc21c8b70d3c7194f936f13289f06acca737
ncen,UIT_ADMIN.tsv,STATE,False,SUBMISSION.tsv,ncen_uit_admin_raw,text_preserve_lexical,operating_and_governance,raw_and_typed_projection,source_rows_equal_raw_rows,e9ea96c869370e6618093f18afd0b30ccc1736ee39d53c6309336081e041af92;fb55228ca976c43955c9a49bccf2bc21c8b70d3c7194f936f13289f06acca737
ncen,UIT_ADMIN.tsv,UIT_ADMIN_LEI,False,SUBMISSION.tsv,ncen_uit_admin_raw,text_preserve_lexical,operating_and_governance,raw_and_typed_projection,source_rows_equal_raw_rows,e9ea96c869370e6618093f18afd0b30ccc1736ee39d53c6309336081e041af92;fb55228ca976c43955c9a49bccf2bc21c8b70d3c7194f936f13289f06acca737
ncen,UIT_ADMIN.tsv,UIT_ADMIN_NAME,False,SUBMISSION.tsv,ncen_uit_admin_raw,text_preserve_lexical,operating_and_governance,raw_and_typed_projection,source_rows_equal_raw_rows,e9ea96c869370e6618093f18afd0b30ccc1736ee39d53c6309336081e041af92;fb55228ca976c43955c9a49bccf2bc21c8b70d3c7194f936f13289f06acca737
ncen,VALUATION_METHOD_CHANGE.tsv,ACCESSION_NUMBER,True,SUBMISSION.tsv,ncen_valuation_method_change_raw,text_preserve_lexical,identity_and_lineage,raw_and_typed_projection,source_rows_equal_raw_rows,e9ea96c869370e6618093f18afd0b30ccc1736ee39d53c6309336081e041af92;fb55228ca976c43955c9a49bccf2bc21c8b70d3c7194f936f13289f06acca737
ncen,VALUATION_METHOD_CHANGE.tsv,ASSET_TYPE,False,SUBMISSION.tsv,ncen_valuation_method_change_raw,text_preserve_lexical,operating_and_governance,raw_and_typed_projection,source_rows_equal_raw_rows,e9ea96c869370e6618093f18afd0b30ccc1736ee39d53c6309336081e041af92;fb55228ca976c43955c9a49bccf2bc21c8b70d3c7194f936f13289f06acca737
ncen,VALUATION_METHOD_CHANGE.tsv,ASSET_TYPE_OTHER_DESC,False,SUBMISSION.tsv,ncen_valuation_method_change_raw,text_preserve_lexical,operating_and_governance,raw_and_typed_projection,source_rows_equal_raw_rows,e9ea96c869370e6618093f18afd0b30ccc1736ee39d53c6309336081e041af92;fb55228ca976c43955c9a49bccf2bc21c8b70d3c7194f936f13289f06acca737
ncen,VALUATION_METHOD_CHANGE.tsv,CHANGE_EXPLANATION,False,SUBMISSION.tsv,ncen_valuation_method_change_raw,text_preserve_lexical,operating_and_governance,raw_and_typed_projection,source_rows_equal_raw_rows,e9ea96c869370e6618093f18afd0b30ccc1736ee39d53c6309336081e041af92;fb55228ca976c43955c9a49bccf2bc21c8b70d3c7194f936f13289f06acca737
ncen,VALUATION_METHOD_CHANGE.tsv,DATE_OF_CHANGE,False,SUBMISSION.tsv,ncen_valuation_method_change_raw,date_field_specific_fail_preserve_lexical,operating_and_governance,raw_and_typed_projection,source_rows_equal_raw_rows,e9ea96c869370e6618093f18afd0b30ccc1736ee39d53c6309336081e041af92;fb55228ca976c43955c9a49bccf2bc21c8b70d3c7194f936f13289f06acca737
ncen,VALUATION_METHOD_CHANGE.tsv,INVESTMENT_TYPE,False,SUBMISSION.tsv,ncen_valuation_method_change_raw,text_preserve_lexical,operating_and_governance,raw_and_typed_projection,source_rows_equal_raw_rows,e9ea96c869370e6618093f18afd0b30ccc1736ee39d53c6309336081e041af92;fb55228ca976c43955c9a49bccf2bc21c8b70d3c7194f936f13289f06acca737
ncen,VALUATION_METHOD_CHANGE.tsv,STATUTORY_REGULATORY_BASIS,False,SUBMISSION.tsv,ncen_valuation_method_change_raw,text_preserve_lexical,operating_and_governance,raw_and_typed_projection,source_rows_equal_raw_rows,e9ea96c869370e6618093f18afd0b30ccc1736ee39d53c6309336081e041af92;fb55228ca976c43955c9a49bccf2bc21c8b70d3c7194f936f13289f06acca737
ncen,VALUATION_METHOD_CHANGE.tsv,VALUATION_METHOD_CHANGE_SEQNUM,True,SUBMISSION.tsv,ncen_valuation_method_change_raw,decimal_preserve_lexical,operating_and_governance,raw_and_typed_projection,source_rows_equal_raw_rows,e9ea96c869370e6618093f18afd0b30ccc1736ee39d53c6309336081e041af92;fb55228ca976c43955c9a49bccf2bc21c8b70d3c7194f936f13289f06acca737
ncen,VALUATION_METHOD_CHANGE_SERIES.tsv,ACCESSION_NUMBER,False,VALUATION_METHOD_CHANGE.tsv,ncen_valuation_method_change_series_raw,text_preserve_lexical,identity_and_lineage,raw_and_typed_projection,source_rows_equal_raw_rows,e9ea96c869370e6618093f18afd0b30ccc1736ee39d53c6309336081e041af92;fb55228ca976c43955c9a49bccf2bc21c8b70d3c7194f936f13289f06acca737
ncen,VALUATION_METHOD_CHANGE_SERIES.tsv,SERIES_ID,False,VALUATION_METHOD_CHANGE.tsv,ncen_valuation_method_change_series_raw,text_preserve_lexical,identity_and_lineage,raw_and_typed_projection,source_rows_equal_raw_rows,e9ea96c869370e6618093f18afd0b30ccc1736ee39d53c6309336081e041af92;fb55228ca976c43955c9a49bccf2bc21c8b70d3c7194f936f13289f06acca737
ncen,VALUATION_METHOD_CHANGE_SERIES.tsv,SERIES_NAME,False,VALUATION_METHOD_CHANGE.tsv,ncen_valuation_method_change_series_raw,text_preserve_lexical,identity_and_lineage,raw_and_typed_projection,source_rows_equal_raw_rows,e9ea96c869370e6618093f18afd0b30ccc1736ee39d53c6309336081e041af92;fb55228ca976c43955c9a49bccf2bc21c8b70d3c7194f936f13289f06acca737
ncen,VALUATION_METHOD_CHANGE_SERIES.tsv,VALUATION_METHOD_CHANGE_SEQNUM,False,VALUATION_METHOD_CHANGE.tsv,ncen_valuation_method_change_series_raw,decimal_preserve_lexical,operating_and_governance,raw_and_typed_projection,source_rows_equal_raw_rows,e9ea96c869370e6618093f18afd0b30ccc1736ee39d53c6309336081e041af92;fb55228ca976c43955c9a49bccf2bc21c8b70d3c7194f936f13289f06acca737
nport,BORROWER.tsv,ACCESSION_NUMBER,True,SUBMISSION.tsv,nport_borrower_raw,text_preserve_lexical,identity_and_lineage,raw_and_typed_projection,source_rows_equal_raw_rows,7b9fb083ed7e64fc8216a3ea16853317403f7822526e87969fb8c402d85578d6
nport,BORROWER.tsv,AGGREGATE_VALUE,False,SUBMISSION.tsv,nport_borrower_raw,decimal_preserve_lexical,source_specific,raw_and_typed_projection,source_rows_equal_raw_rows,7b9fb083ed7e64fc8216a3ea16853317403f7822526e87969fb8c402d85578d6
nport,BORROWER.tsv,BORROWER_ID,True,SUBMISSION.tsv,nport_borrower_raw,decimal_preserve_lexical,source_specific,raw_and_typed_projection,source_rows_equal_raw_rows,7b9fb083ed7e64fc8216a3ea16853317403f7822526e87969fb8c402d85578d6
nport,BORROWER.tsv,LEI,False,SUBMISSION.tsv,nport_borrower_raw,text_preserve_lexical,source_specific,raw_and_typed_projection,source_rows_equal_raw_rows,7b9fb083ed7e64fc8216a3ea16853317403f7822526e87969fb8c402d85578d6
nport,BORROWER.tsv,NAME,False,SUBMISSION.tsv,nport_borrower_raw,text_preserve_lexical,source_specific,raw_and_typed_projection,source_rows_equal_raw_rows,7b9fb083ed7e64fc8216a3ea16853317403f7822526e87969fb8c402d85578d6
nport,BORROW_AGGREGATE.tsv,ACCESSION_NUMBER,True,SUBMISSION.tsv,nport_borrow_aggregate_raw,text_preserve_lexical,identity_and_lineage,raw_and_typed_projection,source_rows_equal_raw_rows,7b9fb083ed7e64fc8216a3ea16853317403f7822526e87969fb8c402d85578d6
nport,BORROW_AGGREGATE.tsv,AMOUNT,False,SUBMISSION.tsv,nport_borrow_aggregate_raw,decimal_preserve_lexical,source_specific,raw_and_typed_projection,source_rows_equal_raw_rows,7b9fb083ed7e64fc8216a3ea16853317403f7822526e87969fb8c402d85578d6
nport,BORROW_AGGREGATE.tsv,BORROW_AGGREGATE_ID,True,SUBMISSION.tsv,nport_borrow_aggregate_raw,decimal_preserve_lexical,source_specific,raw_and_typed_projection,source_rows_equal_raw_rows,7b9fb083ed7e64fc8216a3ea16853317403f7822526e87969fb8c402d85578d6
nport,BORROW_AGGREGATE.tsv,COLLATERAL,False,SUBMISSION.tsv,nport_borrow_aggregate_raw,decimal_preserve_lexical,source_specific,raw_and_typed_projection,source_rows_equal_raw_rows,7b9fb083ed7e64fc8216a3ea16853317403f7822526e87969fb8c402d85578d6
nport,BORROW_AGGREGATE.tsv,INVESTMENT_CAT,False,SUBMISSION.tsv,nport_borrow_aggregate_raw,text_preserve_lexical,source_specific,raw_and_typed_projection,source_rows_equal_raw_rows,7b9fb083ed7e64fc8216a3ea16853317403f7822526e87969fb8c402d85578d6
nport,BORROW_AGGREGATE.tsv,OTHER_DESC,False,SUBMISSION.tsv,nport_borrow_aggregate_raw,text_preserve_lexical,source_specific,raw_and_typed_projection,source_rows_equal_raw_rows,7b9fb083ed7e64fc8216a3ea16853317403f7822526e87969fb8c402d85578d6
nport,CONVERTIBLE_SECURITY_CURRENCY.tsv,CONVERSION_RATIO,False,FUND_REPORTED_HOLDING.tsv,nport_convertible_security_currency_raw,decimal_preserve_lexical,holdings_and_composition,raw_and_typed_projection,source_rows_equal_raw_rows,7b9fb083ed7e64fc8216a3ea16853317403f7822526e87969fb8c402d85578d6
nport,CONVERTIBLE_SECURITY_CURRENCY.tsv,CONVERTIBLE_SECURITY_ID,True,FUND_REPORTED_HOLDING.tsv,nport_convertible_security_currency_raw,decimal_preserve_lexical,holdings_and_composition,raw_and_typed_projection,source_rows_equal_raw_rows,7b9fb083ed7e64fc8216a3ea16853317403f7822526e87969fb8c402d85578d6
nport,CONVERTIBLE_SECURITY_CURRENCY.tsv,CURRENCY_CODE,False,FUND_REPORTED_HOLDING.tsv,nport_convertible_security_currency_raw,text_preserve_lexical,holdings_and_composition,raw_and_typed_projection,source_rows_equal_raw_rows,7b9fb083ed7e64fc8216a3ea16853317403f7822526e87969fb8c402d85578d6
nport,CONVERTIBLE_SECURITY_CURRENCY.tsv,HOLDING_ID,True,FUND_REPORTED_HOLDING.tsv,nport_convertible_security_currency_raw,decimal_preserve_lexical,holdings_and_composition,raw_and_typed_projection,source_rows_equal_raw_rows,7b9fb083ed7e64fc8216a3ea16853317403f7822526e87969fb8c402d85578d6
nport,DEBT_SECURITY.tsv,ANNUALIZED_RATE,False,FUND_REPORTED_HOLDING.tsv,nport_debt_security_raw,decimal_preserve_lexical,holdings_and_composition,raw_and_typed_projection,source_rows_equal_raw_rows,7b9fb083ed7e64fc8216a3ea16853317403f7822526e87969fb8c402d85578d6
nport,DEBT_SECURITY.tsv,ARE_ANY_INTEREST_PAYMENT,False,FUND_REPORTED_HOLDING.tsv,nport_debt_security_raw,text_preserve_lexical,holdings_and_composition,raw_and_typed_projection,source_rows_equal_raw_rows,7b9fb083ed7e64fc8216a3ea16853317403f7822526e87969fb8c402d85578d6
nport,DEBT_SECURITY.tsv,COUPON_TYPE,False,FUND_REPORTED_HOLDING.tsv,nport_debt_security_raw,text_preserve_lexical,risk_and_fixed_income,raw_and_typed_projection,source_rows_equal_raw_rows,7b9fb083ed7e64fc8216a3ea16853317403f7822526e87969fb8c402d85578d6
nport,DEBT_SECURITY.tsv,HOLDING_ID,False,FUND_REPORTED_HOLDING.tsv,nport_debt_security_raw,decimal_preserve_lexical,holdings_and_composition,raw_and_typed_projection,source_rows_equal_raw_rows,7b9fb083ed7e64fc8216a3ea16853317403f7822526e87969fb8c402d85578d6
nport,DEBT_SECURITY.tsv,IS_ANY_PORTION_INTEREST_PAID,False,FUND_REPORTED_HOLDING.tsv,nport_debt_security_raw,text_preserve_lexical,holdings_and_composition,raw_and_typed_projection,source_rows_equal_raw_rows,7b9fb083ed7e64fc8216a3ea16853317403f7822526e87969fb8c402d85578d6
nport,DEBT_SECURITY.tsv,IS_CONVTIBLE_CONTINGENT,False,FUND_REPORTED_HOLDING.tsv,nport_debt_security_raw,text_preserve_lexical,holdings_and_composition,raw_and_typed_projection,source_rows_equal_raw_rows,7b9fb083ed7e64fc8216a3ea16853317403f7822526e87969fb8c402d85578d6
nport,DEBT_SECURITY.tsv,IS_CONVTIBLE_MANDATORY,False,FUND_REPORTED_HOLDING.tsv,nport_debt_security_raw,text_preserve_lexical,holdings_and_composition,raw_and_typed_projection,source_rows_equal_raw_rows,7b9fb083ed7e64fc8216a3ea16853317403f7822526e87969fb8c402d85578d6
nport,DEBT_SECURITY.tsv,IS_DEFAULT,False,FUND_REPORTED_HOLDING.tsv,nport_debt_security_raw,text_preserve_lexical,holdings_and_composition,raw_and_typed_projection,source_rows_equal_raw_rows,7b9fb083ed7e64fc8216a3ea16853317403f7822526e87969fb8c402d85578d6
nport,DEBT_SECURITY.tsv,MATURITY_DATE,False,FUND_REPORTED_HOLDING.tsv,nport_debt_security_raw,date_field_specific_fail_preserve_lexical,risk_and_fixed_income,raw_and_typed_projection,source_rows_equal_raw_rows,7b9fb083ed7e64fc8216a3ea16853317403f7822526e87969fb8c402d85578d6
nport,DEBT_SECURITY_REF_INSTRUMENT.tsv,CURRENCY_CODE,False,FUND_REPORTED_HOLDING.tsv,nport_debt_security_ref_instrument_raw,text_preserve_lexical,holdings_and_composition,raw_and_typed_projection,source_rows_equal_raw_rows,7b9fb083ed7e64fc8216a3ea16853317403f7822526e87969fb8c402d85578d6
nport,DEBT_SECURITY_REF_INSTRUMENT.tsv,CUSIP,False,FUND_REPORTED_HOLDING.tsv,nport_debt_security_ref_instrument_raw,text_preserve_lexical,holdings_and_composition,raw_and_typed_projection,source_rows_equal_raw_rows,7b9fb083ed7e64fc8216a3ea16853317403f7822526e87969fb8c402d85578d6
nport,DEBT_SECURITY_REF_INSTRUMENT.tsv,DEBT_SECURITY_REF_ID,True,FUND_REPORTED_HOLDING.tsv,nport_debt_security_ref_instrument_raw,decimal_preserve_lexical,holdings_and_composition,raw_and_typed_projection,source_rows_equal_raw_rows,7b9fb083ed7e64fc8216a3ea16853317403f7822526e87969fb8c402d85578d6
nport,DEBT_SECURITY_REF_INSTRUMENT.tsv,HOLDING_ID,True,FUND_REPORTED_HOLDING.tsv,nport_debt_security_ref_instrument_raw,decimal_preserve_lexical,holdings_and_composition,raw_and_typed_projection,source_rows_equal_raw_rows,7b9fb083ed7e64fc8216a3ea16853317403f7822526e87969fb8c402d85578d6
nport,DEBT_SECURITY_REF_INSTRUMENT.tsv,ISIN,False,FUND_REPORTED_HOLDING.tsv,nport_debt_security_ref_instrument_raw,text_preserve_lexical,holdings_and_composition,raw_and_typed_projection,source_rows_equal_raw_rows,7b9fb083ed7e64fc8216a3ea16853317403f7822526e87969fb8c402d85578d6
nport,DEBT_SECURITY_REF_INSTRUMENT.tsv,ISSUER_NAME,False,FUND_REPORTED_HOLDING.tsv,nport_debt_security_ref_instrument_raw,text_preserve_lexical,holdings_and_composition,raw_and_typed_projection,source_rows_equal_raw_rows,7b9fb083ed7e64fc8216a3ea16853317403f7822526e87969fb8c402d85578d6
nport,DEBT_SECURITY_REF_INSTRUMENT.tsv,ISSUE_TITLE,False,FUND_REPORTED_HOLDING.tsv,nport_debt_security_ref_instrument_raw,text_preserve_lexical,holdings_and_composition,raw_and_typed_projection,source_rows_equal_raw_rows,7b9fb083ed7e64fc8216a3ea16853317403f7822526e87969fb8c402d85578d6
nport,DEBT_SECURITY_REF_INSTRUMENT.tsv,OTHER_DESC,False,FUND_REPORTED_HOLDING.tsv,nport_debt_security_ref_instrument_raw,text_preserve_lexical,holdings_and_composition,raw_and_typed_projection,source_rows_equal_raw_rows,7b9fb083ed7e64fc8216a3ea16853317403f7822526e87969fb8c402d85578d6
nport,DEBT_SECURITY_REF_INSTRUMENT.tsv,OTHER_IDENTIFIER,False,FUND_REPORTED_HOLDING.tsv,nport_debt_security_ref_instrument_raw,text_preserve_lexical,holdings_and_composition,raw_and_typed_projection,source_rows_equal_raw_rows,7b9fb083ed7e64fc8216a3ea16853317403f7822526e87969fb8c402d85578d6
nport,DEBT_SECURITY_REF_INSTRUMENT.tsv,TICKER,False,FUND_REPORTED_HOLDING.tsv,nport_debt_security_ref_instrument_raw,text_preserve_lexical,holdings_and_composition,raw_and_typed_projection,source_rows_equal_raw_rows,7b9fb083ed7e64fc8216a3ea16853317403f7822526e87969fb8c402d85578d6
nport,DERIVATIVE_COUNTERPARTY.tsv,DERIVATIVE_COUNTERPARTY_ID,True,FUND_REPORTED_HOLDING.tsv,nport_derivative_counterparty_raw,decimal_preserve_lexical,source_specific,raw_and_typed_projection,source_rows_equal_raw_rows,7b9fb083ed7e64fc8216a3ea16853317403f7822526e87969fb8c402d85578d6
nport,DERIVATIVE_COUNTERPARTY.tsv,DERIVATIVE_COUNTERPARTY_LEI,False,FUND_REPORTED_HOLDING.tsv,nport_derivative_counterparty_raw,text_preserve_lexical,source_specific,raw_and_typed_projection,source_rows_equal_raw_rows,7b9fb083ed7e64fc8216a3ea16853317403f7822526e87969fb8c402d85578d6
nport,DERIVATIVE_COUNTERPARTY.tsv,DERIVATIVE_COUNTERPARTY_NAME,False,FUND_REPORTED_HOLDING.tsv,nport_derivative_counterparty_raw,text_preserve_lexical,source_specific,raw_and_typed_projection,source_rows_equal_raw_rows,7b9fb083ed7e64fc8216a3ea16853317403f7822526e87969fb8c402d85578d6
nport,DERIVATIVE_COUNTERPARTY.tsv,HOLDING_ID,True,FUND_REPORTED_HOLDING.tsv,nport_derivative_counterparty_raw,decimal_preserve_lexical,source_specific,raw_and_typed_projection,source_rows_equal_raw_rows,7b9fb083ed7e64fc8216a3ea16853317403f7822526e87969fb8c402d85578d6
nport,DESC_REF_INDEX_BASKET.tsv,HOLDING_ID,True,FUND_REPORTED_HOLDING.tsv,nport_desc_ref_index_basket_raw,decimal_preserve_lexical,source_specific,raw_and_typed_projection,source_rows_equal_raw_rows,7b9fb083ed7e64fc8216a3ea16853317403f7822526e87969fb8c402d85578d6
nport,DESC_REF_INDEX_BASKET.tsv,INDEX_IDENTIFIER,False,FUND_REPORTED_HOLDING.tsv,nport_desc_ref_index_basket_raw,text_preserve_lexical,source_specific,raw_and_typed_projection,source_rows_equal_raw_rows,7b9fb083ed7e64fc8216a3ea16853317403f7822526e87969fb8c402d85578d6
nport,DESC_REF_INDEX_BASKET.tsv,INDEX_NAME,False,FUND_REPORTED_HOLDING.tsv,nport_desc_ref_index_basket_raw,text_preserve_lexical,source_specific,raw_and_typed_projection,source_rows_equal_raw_rows,7b9fb083ed7e64fc8216a3ea16853317403f7822526e87969fb8c402d85578d6
nport,DESC_REF_INDEX_BASKET.tsv,NARRATIVE_DESC,False,FUND_REPORTED_HOLDING.tsv,nport_desc_ref_index_basket_raw,text_preserve_lexical,source_specific,raw_and_typed_projection,source_rows_equal_raw_rows,7b9fb083ed7e64fc8216a3ea16853317403f7822526e87969fb8c402d85578d6
nport,DESC_REF_INDEX_COMPONENT.tsv,CURRENCY_CODE,False,FUND_REPORTED_HOLDING.tsv,nport_desc_ref_index_component_raw,text_preserve_lexical,source_specific,raw_and_typed_projection,source_rows_equal_raw_rows,7b9fb083ed7e64fc8216a3ea16853317403f7822526e87969fb8c402d85578d6
nport,DESC_REF_INDEX_COMPONENT.tsv,CUSIP,False,FUND_REPORTED_HOLDING.tsv,nport_desc_ref_index_component_raw,text_preserve_lexical,source_specific,raw_and_typed_projection,source_rows_equal_raw_rows,7b9fb083ed7e64fc8216a3ea16853317403f7822526e87969fb8c402d85578d6
nport,DESC_REF_INDEX_COMPONENT.tsv,DESC_REF_INDEX_COMPONENT_ID,True,FUND_REPORTED_HOLDING.tsv,nport_desc_ref_index_component_raw,decimal_preserve_lexical,source_specific,raw_and_typed_projection,source_rows_equal_raw_rows,7b9fb083ed7e64fc8216a3ea16853317403f7822526e87969fb8c402d85578d6
nport,DESC_REF_INDEX_COMPONENT.tsv,HOLDING_ID,True,FUND_REPORTED_HOLDING.tsv,nport_desc_ref_index_component_raw,decimal_preserve_lexical,source_specific,raw_and_typed_projection,source_rows_equal_raw_rows,7b9fb083ed7e64fc8216a3ea16853317403f7822526e87969fb8c402d85578d6
nport,DESC_REF_INDEX_COMPONENT.tsv,ISIN,False,FUND_REPORTED_HOLDING.tsv,nport_desc_ref_index_component_raw,text_preserve_lexical,source_specific,raw_and_typed_projection,source_rows_equal_raw_rows,7b9fb083ed7e64fc8216a3ea16853317403f7822526e87969fb8c402d85578d6
nport,DESC_REF_INDEX_COMPONENT.tsv,ISSUER_CURRENCY_CODE,False,FUND_REPORTED_HOLDING.tsv,nport_desc_ref_index_component_raw,text_preserve_lexical,source_specific,raw_and_typed_projection,source_rows_equal_raw_rows,7b9fb083ed7e64fc8216a3ea16853317403f7822526e87969fb8c402d85578d6
nport,DESC_REF_INDEX_COMPONENT.tsv,NAME,False,FUND_REPORTED_HOLDING.tsv,nport_desc_ref_index_component_raw,text_preserve_lexical,source_specific,raw_and_typed_projection,source_rows_equal_raw_rows,7b9fb083ed7e64fc8216a3ea16853317403f7822526e87969fb8c402d85578d6
nport,DESC_REF_INDEX_COMPONENT.tsv,NOTIONAL_AMOUNT,False,FUND_REPORTED_HOLDING.tsv,nport_desc_ref_index_component_raw,decimal_preserve_lexical,source_specific,raw_and_typed_projection,source_rows_equal_raw_rows,7b9fb083ed7e64fc8216a3ea16853317403f7822526e87969fb8c402d85578d6
nport,DESC_REF_INDEX_COMPONENT.tsv,OTHER_DESC,False,FUND_REPORTED_HOLDING.tsv,nport_desc_ref_index_component_raw,text_preserve_lexical,source_specific,raw_and_typed_projection,source_rows_equal_raw_rows,7b9fb083ed7e64fc8216a3ea16853317403f7822526e87969fb8c402d85578d6
nport,DESC_REF_INDEX_COMPONENT.tsv,OTHER_IDENTIFIER,False,FUND_REPORTED_HOLDING.tsv,nport_desc_ref_index_component_raw,text_preserve_lexical,source_specific,raw_and_typed_projection,source_rows_equal_raw_rows,7b9fb083ed7e64fc8216a3ea16853317403f7822526e87969fb8c402d85578d6
nport,DESC_REF_INDEX_COMPONENT.tsv,TICKER,False,FUND_REPORTED_HOLDING.tsv,nport_desc_ref_index_component_raw,text_preserve_lexical,source_specific,raw_and_typed_projection,source_rows_equal_raw_rows,7b9fb083ed7e64fc8216a3ea16853317403f7822526e87969fb8c402d85578d6
nport,DESC_REF_INDEX_COMPONENT.tsv,VALUE,False,FUND_REPORTED_HOLDING.tsv,nport_desc_ref_index_component_raw,decimal_preserve_lexical,source_specific,raw_and_typed_projection,source_rows_equal_raw_rows,7b9fb083ed7e64fc8216a3ea16853317403f7822526e87969fb8c402d85578d6
nport,DESC_REF_OTHER.tsv,CUSIP,False,FUND_REPORTED_HOLDING.tsv,nport_desc_ref_other_raw,text_preserve_lexical,source_specific,raw_and_typed_projection,source_rows_equal_raw_rows,7b9fb083ed7e64fc8216a3ea16853317403f7822526e87969fb8c402d85578d6
nport,DESC_REF_OTHER.tsv,DESC_REF_OTHER_ID,True,FUND_REPORTED_HOLDING.tsv,nport_desc_ref_other_raw,decimal_preserve_lexical,source_specific,raw_and_typed_projection,source_rows_equal_raw_rows,7b9fb083ed7e64fc8216a3ea16853317403f7822526e87969fb8c402d85578d6
nport,DESC_REF_OTHER.tsv,HOLDING_ID,True,FUND_REPORTED_HOLDING.tsv,nport_desc_ref_other_raw,decimal_preserve_lexical,source_specific,raw_and_typed_projection,source_rows_equal_raw_rows,7b9fb083ed7e64fc8216a3ea16853317403f7822526e87969fb8c402d85578d6
nport,DESC_REF_OTHER.tsv,ISIN,False,FUND_REPORTED_HOLDING.tsv,nport_desc_ref_other_raw,text_preserve_lexical,source_specific,raw_and_typed_projection,source_rows_equal_raw_rows,7b9fb083ed7e64fc8216a3ea16853317403f7822526e87969fb8c402d85578d6
nport,DESC_REF_OTHER.tsv,ISSUER_NAME,False,FUND_REPORTED_HOLDING.tsv,nport_desc_ref_other_raw,text_preserve_lexical,source_specific,raw_and_typed_projection,source_rows_equal_raw_rows,7b9fb083ed7e64fc8216a3ea16853317403f7822526e87969fb8c402d85578d6
nport,DESC_REF_OTHER.tsv,ISSUE_TITLE,False,FUND_REPORTED_HOLDING.tsv,nport_desc_ref_other_raw,text_preserve_lexical,source_specific,raw_and_typed_projection,source_rows_equal_raw_rows,7b9fb083ed7e64fc8216a3ea16853317403f7822526e87969fb8c402d85578d6
nport,DESC_REF_OTHER.tsv,OTHER_DESC,False,FUND_REPORTED_HOLDING.tsv,nport_desc_ref_other_raw,text_preserve_lexical,source_specific,raw_and_typed_projection,source_rows_equal_raw_rows,7b9fb083ed7e64fc8216a3ea16853317403f7822526e87969fb8c402d85578d6
nport,DESC_REF_OTHER.tsv,OTHER_IDENTIFIER,False,FUND_REPORTED_HOLDING.tsv,nport_desc_ref_other_raw,text_preserve_lexical,source_specific,raw_and_typed_projection,source_rows_equal_raw_rows,7b9fb083ed7e64fc8216a3ea16853317403f7822526e87969fb8c402d85578d6
nport,DESC_REF_OTHER.tsv,TICKER,False,FUND_REPORTED_HOLDING.tsv,nport_desc_ref_other_raw,text_preserve_lexical,source_specific,raw_and_typed_projection,source_rows_equal_raw_rows,7b9fb083ed7e64fc8216a3ea16853317403f7822526e87969fb8c402d85578d6
nport,EXPLANATORY_NOTE.tsv,ACCESSION_NUMBER,True,SUBMISSION.tsv,nport_explanatory_note_raw,text_preserve_lexical,identity_and_lineage,raw_and_typed_projection,source_rows_equal_raw_rows,7b9fb083ed7e64fc8216a3ea16853317403f7822526e87969fb8c402d85578d6
nport,EXPLANATORY_NOTE.tsv,EXPLANATORY_NOTE,False,SUBMISSION.tsv,nport_explanatory_note_raw,text_preserve_lexical,source_specific,raw_and_typed_projection,source_rows_equal_raw_rows,7b9fb083ed7e64fc8216a3ea16853317403f7822526e87969fb8c402d85578d6
nport,EXPLANATORY_NOTE.tsv,EXPLANATORY_NOTE_ID,True,SUBMISSION.tsv,nport_explanatory_note_raw,decimal_preserve_lexical,source_specific,raw_and_typed_projection,source_rows_equal_raw_rows,7b9fb083ed7e64fc8216a3ea16853317403f7822526e87969fb8c402d85578d6
nport,EXPLANATORY_NOTE.tsv,ITEM_NO,False,SUBMISSION.tsv,nport_explanatory_note_raw,text_preserve_lexical,source_specific,raw_and_typed_projection,source_rows_equal_raw_rows,7b9fb083ed7e64fc8216a3ea16853317403f7822526e87969fb8c402d85578d6
nport,FLOATING_RATE_RESET_TENOR.tsv,HOLDING_ID,True,FUND_REPORTED_HOLDING.tsv,nport_floating_rate_reset_tenor_raw,decimal_preserve_lexical,source_specific,raw_and_typed_projection,source_rows_equal_raw_rows,7b9fb083ed7e64fc8216a3ea16853317403f7822526e87969fb8c402d85578d6
nport,FLOATING_RATE_RESET_TENOR.tsv,RATE_RESET_TENOR_ID,True,FUND_REPORTED_HOLDING.tsv,nport_floating_rate_reset_tenor_raw,decimal_preserve_lexical,source_specific,raw_and_typed_projection,source_rows_equal_raw_rows,7b9fb083ed7e64fc8216a3ea16853317403f7822526e87969fb8c402d85578d6
nport,FLOATING_RATE_RESET_TENOR.tsv,RATE_TENOR,False,FUND_REPORTED_HOLDING.tsv,nport_floating_rate_reset_tenor_raw,text_preserve_lexical,source_specific,raw_and_typed_projection,source_rows_equal_raw_rows,7b9fb083ed7e64fc8216a3ea16853317403f7822526e87969fb8c402d85578d6
nport,FLOATING_RATE_RESET_TENOR.tsv,RATE_TENOR_UNIT,False,FUND_REPORTED_HOLDING.tsv,nport_floating_rate_reset_tenor_raw,decimal_preserve_lexical,source_specific,raw_and_typed_projection,source_rows_equal_raw_rows,7b9fb083ed7e64fc8216a3ea16853317403f7822526e87969fb8c402d85578d6
nport,FLOATING_RATE_RESET_TENOR.tsv,RECEIPT_OR_PAYMENT,False,FUND_REPORTED_HOLDING.tsv,nport_floating_rate_reset_tenor_raw,text_preserve_lexical,source_specific,raw_and_typed_projection,source_rows_equal_raw_rows,7b9fb083ed7e64fc8216a3ea16853317403f7822526e87969fb8c402d85578d6
nport,FLOATING_RATE_RESET_TENOR.tsv,RESET_DATE,False,FUND_REPORTED_HOLDING.tsv,nport_floating_rate_reset_tenor_raw,date_field_specific_fail_preserve_lexical,source_specific,raw_and_typed_projection,source_rows_equal_raw_rows,7b9fb083ed7e64fc8216a3ea16853317403f7822526e87969fb8c402d85578d6
nport,FLOATING_RATE_RESET_TENOR.tsv,RESET_DATE_UNIT,False,FUND_REPORTED_HOLDING.tsv,nport_floating_rate_reset_tenor_raw,date_field_specific_fail_preserve_lexical,source_specific,raw_and_typed_projection,source_rows_equal_raw_rows,7b9fb083ed7e64fc8216a3ea16853317403f7822526e87969fb8c402d85578d6
nport,FUND_REPORTED_HOLDING.tsv,ACCESSION_NUMBER,True,SUBMISSION.tsv,nport_fund_reported_holding_raw,text_preserve_lexical,identity_and_lineage,raw_and_typed_projection,source_rows_equal_raw_rows,7b9fb083ed7e64fc8216a3ea16853317403f7822526e87969fb8c402d85578d6
nport,FUND_REPORTED_HOLDING.tsv,ASSET_CAT,False,SUBMISSION.tsv,nport_fund_reported_holding_raw,text_preserve_lexical,holdings_and_composition,raw_and_typed_projection,source_rows_equal_raw_rows,7b9fb083ed7e64fc8216a3ea16853317403f7822526e87969fb8c402d85578d6
nport,FUND_REPORTED_HOLDING.tsv,BALANCE,False,SUBMISSION.tsv,nport_fund_reported_holding_raw,decimal_preserve_lexical,holdings_and_composition,raw_and_typed_projection,source_rows_equal_raw_rows,7b9fb083ed7e64fc8216a3ea16853317403f7822526e87969fb8c402d85578d6
nport,FUND_REPORTED_HOLDING.tsv,CURRENCY_CODE,False,SUBMISSION.tsv,nport_fund_reported_holding_raw,text_preserve_lexical,holdings_and_composition,raw_and_typed_projection,source_rows_equal_raw_rows,7b9fb083ed7e64fc8216a3ea16853317403f7822526e87969fb8c402d85578d6
nport,FUND_REPORTED_HOLDING.tsv,CURRENCY_VALUE,False,SUBMISSION.tsv,nport_fund_reported_holding_raw,decimal_preserve_lexical,holdings_and_composition,raw_and_typed_projection,source_rows_equal_raw_rows,7b9fb083ed7e64fc8216a3ea16853317403f7822526e87969fb8c402d85578d6
nport,FUND_REPORTED_HOLDING.tsv,DERIVATIVE_CAT,False,SUBMISSION.tsv,nport_fund_reported_holding_raw,text_preserve_lexical,holdings_and_composition,raw_and_typed_projection,source_rows_equal_raw_rows,7b9fb083ed7e64fc8216a3ea16853317403f7822526e87969fb8c402d85578d6
nport,FUND_REPORTED_HOLDING.tsv,EXCHANGE_RATE,False,SUBMISSION.tsv,nport_fund_reported_holding_raw,decimal_preserve_lexical,holdings_and_composition,raw_and_typed_projection,source_rows_equal_raw_rows,7b9fb083ed7e64fc8216a3ea16853317403f7822526e87969fb8c402d85578d6
nport,FUND_REPORTED_HOLDING.tsv,FAIR_VALUE_LEVEL,False,SUBMISSION.tsv,nport_fund_reported_holding_raw,text_preserve_lexical,holdings_and_composition,raw_and_typed_projection,source_rows_equal_raw_rows,7b9fb083ed7e64fc8216a3ea16853317403f7822526e87969fb8c402d85578d6
nport,FUND_REPORTED_HOLDING.tsv,HOLDING_ID,True,SUBMISSION.tsv,nport_fund_reported_holding_raw,decimal_preserve_lexical,holdings_and_composition,raw_and_typed_projection,source_rows_equal_raw_rows,7b9fb083ed7e64fc8216a3ea16853317403f7822526e87969fb8c402d85578d6
nport,FUND_REPORTED_HOLDING.tsv,INVESTMENT_COUNTRY,False,SUBMISSION.tsv,nport_fund_reported_holding_raw,text_preserve_lexical,holdings_and_composition,raw_and_typed_projection,source_rows_equal_raw_rows,7b9fb083ed7e64fc8216a3ea16853317403f7822526e87969fb8c402d85578d6
nport,FUND_REPORTED_HOLDING.tsv,ISSUER_CUSIP,False,SUBMISSION.tsv,nport_fund_reported_holding_raw,text_preserve_lexical,holdings_and_composition,raw_and_typed_projection,source_rows_equal_raw_rows,7b9fb083ed7e64fc8216a3ea16853317403f7822526e87969fb8c402d85578d6
nport,FUND_REPORTED_HOLDING.tsv,ISSUER_LEI,False,SUBMISSION.tsv,nport_fund_reported_holding_raw,text_preserve_lexical,holdings_and_composition,raw_and_typed_projection,source_rows_equal_raw_rows,7b9fb083ed7e64fc8216a3ea16853317403f7822526e87969fb8c402d85578d6
nport,FUND_REPORTED_HOLDING.tsv,ISSUER_NAME,False,SUBMISSION.tsv,nport_fund_reported_holding_raw,text_preserve_lexical,holdings_and_composition,raw_and_typed_projection,source_rows_equal_raw_rows,7b9fb083ed7e64fc8216a3ea16853317403f7822526e87969fb8c402d85578d6
nport,FUND_REPORTED_HOLDING.tsv,ISSUER_TITLE,False,SUBMISSION.tsv,nport_fund_reported_holding_raw,text_preserve_lexical,holdings_and_composition,raw_and_typed_projection,source_rows_equal_raw_rows,7b9fb083ed7e64fc8216a3ea16853317403f7822526e87969fb8c402d85578d6
nport,FUND_REPORTED_HOLDING.tsv,ISSUER_TYPE,False,SUBMISSION.tsv,nport_fund_reported_holding_raw,text_preserve_lexical,holdings_and_composition,raw_and_typed_projection,source_rows_equal_raw_rows,7b9fb083ed7e64fc8216a3ea16853317403f7822526e87969fb8c402d85578d6
nport,FUND_REPORTED_HOLDING.tsv,IS_RESTRICTED_SECURITY,False,SUBMISSION.tsv,nport_fund_reported_holding_raw,text_preserve_lexical,holdings_and_composition,raw_and_typed_projection,source_rows_equal_raw_rows,7b9fb083ed7e64fc8216a3ea16853317403f7822526e87969fb8c402d85578d6
nport,FUND_REPORTED_HOLDING.tsv,OTHER_ASSET,False,SUBMISSION.tsv,nport_fund_reported_holding_raw,text_preserve_lexical,holdings_and_composition,raw_and_typed_projection,source_rows_equal_raw_rows,7b9fb083ed7e64fc8216a3ea16853317403f7822526e87969fb8c402d85578d6
nport,FUND_REPORTED_HOLDING.tsv,OTHER_ISSUER,False,SUBMISSION.tsv,nport_fund_reported_holding_raw,text_preserve_lexical,holdings_and_composition,raw_and_typed_projection,source_rows_equal_raw_rows,7b9fb083ed7e64fc8216a3ea16853317403f7822526e87969fb8c402d85578d6
nport,FUND_REPORTED_HOLDING.tsv,OTHER_UNIT_DESC,False,SUBMISSION.tsv,nport_fund_reported_holding_raw,text_preserve_lexical,holdings_and_composition,raw_and_typed_projection,source_rows_equal_raw_rows,7b9fb083ed7e64fc8216a3ea16853317403f7822526e87969fb8c402d85578d6
nport,FUND_REPORTED_HOLDING.tsv,PAYOFF_PROFILE,False,SUBMISSION.tsv,nport_fund_reported_holding_raw,text_preserve_lexical,holdings_and_composition,raw_and_typed_projection,source_rows_equal_raw_rows,7b9fb083ed7e64fc8216a3ea16853317403f7822526e87969fb8c402d85578d6
nport,FUND_REPORTED_HOLDING.tsv,PERCENTAGE,False,SUBMISSION.tsv,nport_fund_reported_holding_raw,decimal_preserve_lexical,holdings_and_composition,raw_and_typed_projection,source_rows_equal_raw_rows,7b9fb083ed7e64fc8216a3ea16853317403f7822526e87969fb8c402d85578d6
nport,FUND_REPORTED_HOLDING.tsv,UNIT,False,SUBMISSION.tsv,nport_fund_reported_holding_raw,text_preserve_lexical,holdings_and_composition,raw_and_typed_projection,source_rows_equal_raw_rows,7b9fb083ed7e64fc8216a3ea16853317403f7822526e87969fb8c402d85578d6
nport,FUND_REPORTED_INFO.tsv,ACCESSION_NUMBER,True,SUBMISSION.tsv,nport_fund_reported_info_raw,text_preserve_lexical,identity_and_lineage,raw_and_typed_projection,source_rows_equal_raw_rows,7b9fb083ed7e64fc8216a3ea16853317403f7822526e87969fb8c402d85578d6
nport,FUND_REPORTED_INFO.tsv,ASSETS_ATTRBT_TO_MISC_SECURITY,False,SUBMISSION.tsv,nport_fund_reported_info_raw,decimal_preserve_lexical,source_specific,raw_and_typed_projection,source_rows_equal_raw_rows,7b9fb083ed7e64fc8216a3ea16853317403f7822526e87969fb8c402d85578d6
nport,FUND_REPORTED_INFO.tsv,ASSETS_INVESTED,False,SUBMISSION.tsv,nport_fund_reported_info_raw,decimal_preserve_lexical,source_specific,raw_and_typed_projection,source_rows_equal_raw_rows,7b9fb083ed7e64fc8216a3ea16853317403f7822526e87969fb8c402d85578d6
nport,FUND_REPORTED_INFO.tsv,BORROWING_PAY_AFTER_1YR,False,SUBMISSION.tsv,nport_fund_reported_info_raw,decimal_preserve_lexical,source_specific,raw_and_typed_projection,source_rows_equal_raw_rows,7b9fb083ed7e64fc8216a3ea16853317403f7822526e87969fb8c402d85578d6
nport,FUND_REPORTED_INFO.tsv,BORROWING_PAY_WITHIN_1YR,False,SUBMISSION.tsv,nport_fund_reported_info_raw,decimal_preserve_lexical,source_specific,raw_and_typed_projection,source_rows_equal_raw_rows,7b9fb083ed7e64fc8216a3ea16853317403f7822526e87969fb8c402d85578d6
nport,FUND_REPORTED_INFO.tsv,CASH_NOT_RPTD_IN_C_OR_D,False,SUBMISSION.tsv,nport_fund_reported_info_raw,decimal_preserve_lexical,source_specific,raw_and_typed_projection,source_rows_equal_raw_rows,7b9fb083ed7e64fc8216a3ea16853317403f7822526e87969fb8c402d85578d6
nport,FUND_REPORTED_INFO.tsv,CREDIT_SPREAD_10YR_INVEST,False,SUBMISSION.tsv,nport_fund_reported_info_raw,decimal_preserve_lexical,source_specific,raw_and_typed_projection,source_rows_equal_raw_rows,7b9fb083ed7e64fc8216a3ea16853317403f7822526e87969fb8c402d85578d6
nport,FUND_REPORTED_INFO.tsv,CREDIT_SPREAD_10YR_NONINVEST,False,SUBMISSION.tsv,nport_fund_reported_info_raw,decimal_preserve_lexical,source_specific,raw_and_typed_projection,source_rows_equal_raw_rows,7b9fb083ed7e64fc8216a3ea16853317403f7822526e87969fb8c402d85578d6
nport,FUND_REPORTED_INFO.tsv,CREDIT_SPREAD_1YR_INVEST,False,SUBMISSION.tsv,nport_fund_reported_info_raw,decimal_preserve_lexical,source_specific,raw_and_typed_projection,source_rows_equal_raw_rows,7b9fb083ed7e64fc8216a3ea16853317403f7822526e87969fb8c402d85578d6
nport,FUND_REPORTED_INFO.tsv,CREDIT_SPREAD_1YR_NONINVEST,False,SUBMISSION.tsv,nport_fund_reported_info_raw,decimal_preserve_lexical,source_specific,raw_and_typed_projection,source_rows_equal_raw_rows,7b9fb083ed7e64fc8216a3ea16853317403f7822526e87969fb8c402d85578d6
nport,FUND_REPORTED_INFO.tsv,CREDIT_SPREAD_30YR_INVEST,False,SUBMISSION.tsv,nport_fund_reported_info_raw,decimal_preserve_lexical,source_specific,raw_and_typed_projection,source_rows_equal_raw_rows,7b9fb083ed7e64fc8216a3ea16853317403f7822526e87969fb8c402d85578d6
nport,FUND_REPORTED_INFO.tsv,CREDIT_SPREAD_30YR_NONINVEST,False,SUBMISSION.tsv,nport_fund_reported_info_raw,decimal_preserve_lexical,source_specific,raw_and_typed_projection,source_rows_equal_raw_rows,7b9fb083ed7e64fc8216a3ea16853317403f7822526e87969fb8c402d85578d6
nport,FUND_REPORTED_INFO.tsv,CREDIT_SPREAD_3MON_INVEST,False,SUBMISSION.tsv,nport_fund_reported_info_raw,decimal_preserve_lexical,source_specific,raw_and_typed_projection,source_rows_equal_raw_rows,7b9fb083ed7e64fc8216a3ea16853317403f7822526e87969fb8c402d85578d6
nport,FUND_REPORTED_INFO.tsv,CREDIT_SPREAD_3MON_NONINVEST,False,SUBMISSION.tsv,nport_fund_reported_info_raw,decimal_preserve_lexical,source_specific,raw_and_typed_projection,source_rows_equal_raw_rows,7b9fb083ed7e64fc8216a3ea16853317403f7822526e87969fb8c402d85578d6
nport,FUND_REPORTED_INFO.tsv,CREDIT_SPREAD_5YR_INVEST,False,SUBMISSION.tsv,nport_fund_reported_info_raw,decimal_preserve_lexical,source_specific,raw_and_typed_projection,source_rows_equal_raw_rows,7b9fb083ed7e64fc8216a3ea16853317403f7822526e87969fb8c402d85578d6
nport,FUND_REPORTED_INFO.tsv,CREDIT_SPREAD_5YR_NONINVEST,False,SUBMISSION.tsv,nport_fund_reported_info_raw,decimal_preserve_lexical,source_specific,raw_and_typed_projection,source_rows_equal_raw_rows,7b9fb083ed7e64fc8216a3ea16853317403f7822526e87969fb8c402d85578d6
nport,FUND_REPORTED_INFO.tsv,CTRLD_COMPANIES_PAY_AFTER_1YR,False,SUBMISSION.tsv,nport_fund_reported_info_raw,decimal_preserve_lexical,source_specific,raw_and_typed_projection,source_rows_equal_raw_rows,7b9fb083ed7e64fc8216a3ea16853317403f7822526e87969fb8c402d85578d6
nport,FUND_REPORTED_INFO.tsv,CTRLD_COMPANIES_PAY_WITHIN_1YR,False,SUBMISSION.tsv,nport_fund_reported_info_raw,decimal_preserve_lexical,source_specific,raw_and_typed_projection,source_rows_equal_raw_rows,7b9fb083ed7e64fc8216a3ea16853317403f7822526e87969fb8c402d85578d6
nport,FUND_REPORTED_INFO.tsv,DELAYED_DELIVERY,False,SUBMISSION.tsv,nport_fund_reported_info_raw,decimal_preserve_lexical,source_specific,raw_and_typed_projection,source_rows_equal_raw_rows,7b9fb083ed7e64fc8216a3ea16853317403f7822526e87969fb8c402d85578d6
nport,FUND_REPORTED_INFO.tsv,IS_NON_CASH_COLLATERAL,False,SUBMISSION.tsv,nport_fund_reported_info_raw,text_preserve_lexical,source_specific,raw_and_typed_projection,source_rows_equal_raw_rows,7b9fb083ed7e64fc8216a3ea16853317403f7822526e87969fb8c402d85578d6
nport,FUND_REPORTED_INFO.tsv,LIQUIDATION_PREFERENCE,False,SUBMISSION.tsv,nport_fund_reported_info_raw,decimal_preserve_lexical,source_specific,raw_and_typed_projection,source_rows_equal_raw_rows,7b9fb083ed7e64fc8216a3ea16853317403f7822526e87969fb8c402d85578d6
nport,FUND_REPORTED_INFO.tsv,NET_ASSETS,False,SUBMISSION.tsv,nport_fund_reported_info_raw,decimal_preserve_lexical,source_specific,raw_and_typed_projection,source_rows_equal_raw_rows,7b9fb083ed7e64fc8216a3ea16853317403f7822526e87969fb8c402d85578d6
nport,FUND_REPORTED_INFO.tsv,NET_REALIZE_GAIN_NONDERIV_MON1,False,SUBMISSION.tsv,nport_fund_reported_info_raw,decimal_preserve_lexical,source_specific,raw_and_typed_projection,source_rows_equal_raw_rows,7b9fb083ed7e64fc8216a3ea16853317403f7822526e87969fb8c402d85578d6
nport,FUND_REPORTED_INFO.tsv,NET_REALIZE_GAIN_NONDERIV_MON2,False,SUBMISSION.tsv,nport_fund_reported_info_raw,decimal_preserve_lexical,source_specific,raw_and_typed_projection,source_rows_equal_raw_rows,7b9fb083ed7e64fc8216a3ea16853317403f7822526e87969fb8c402d85578d6
nport,FUND_REPORTED_INFO.tsv,NET_REALIZE_GAIN_NONDERIV_MON3,False,SUBMISSION.tsv,nport_fund_reported_info_raw,decimal_preserve_lexical,source_specific,raw_and_typed_projection,source_rows_equal_raw_rows,7b9fb083ed7e64fc8216a3ea16853317403f7822526e87969fb8c402d85578d6
nport,FUND_REPORTED_INFO.tsv,NET_UNREALIZE_AP_NONDERIV_MON1,False,SUBMISSION.tsv,nport_fund_reported_info_raw,decimal_preserve_lexical,source_specific,raw_and_typed_projection,source_rows_equal_raw_rows,7b9fb083ed7e64fc8216a3ea16853317403f7822526e87969fb8c402d85578d6
nport,FUND_REPORTED_INFO.tsv,NET_UNREALIZE_AP_NONDERIV_MON2,False,SUBMISSION.tsv,nport_fund_reported_info_raw,decimal_preserve_lexical,source_specific,raw_and_typed_projection,source_rows_equal_raw_rows,7b9fb083ed7e64fc8216a3ea16853317403f7822526e87969fb8c402d85578d6
nport,FUND_REPORTED_INFO.tsv,NET_UNREALIZE_AP_NONDERIV_MON3,False,SUBMISSION.tsv,nport_fund_reported_info_raw,decimal_preserve_lexical,source_specific,raw_and_typed_projection,source_rows_equal_raw_rows,7b9fb083ed7e64fc8216a3ea16853317403f7822526e87969fb8c402d85578d6
nport,FUND_REPORTED_INFO.tsv,OTHER_AFFILIA_PAY_AFTER_1YR,False,SUBMISSION.tsv,nport_fund_reported_info_raw,decimal_preserve_lexical,source_specific,raw_and_typed_projection,source_rows_equal_raw_rows,7b9fb083ed7e64fc8216a3ea16853317403f7822526e87969fb8c402d85578d6
nport,FUND_REPORTED_INFO.tsv,OTHER_AFFILIA_PAY_WITHIN_1YR,False,SUBMISSION.tsv,nport_fund_reported_info_raw,decimal_preserve_lexical,source_specific,raw_and_typed_projection,source_rows_equal_raw_rows,7b9fb083ed7e64fc8216a3ea16853317403f7822526e87969fb8c402d85578d6
nport,FUND_REPORTED_INFO.tsv,OTHER_PAY_AFTER_1YR,False,SUBMISSION.tsv,nport_fund_reported_info_raw,decimal_preserve_lexical,source_specific,raw_and_typed_projection,source_rows_equal_raw_rows,7b9fb083ed7e64fc8216a3ea16853317403f7822526e87969fb8c402d85578d6
nport,FUND_REPORTED_INFO.tsv,OTHER_PAY_WITHIN_1YR,False,SUBMISSION.tsv,nport_fund_reported_info_raw,decimal_preserve_lexical,source_specific,raw_and_typed_projection,source_rows_equal_raw_rows,7b9fb083ed7e64fc8216a3ea16853317403f7822526e87969fb8c402d85578d6
nport,FUND_REPORTED_INFO.tsv,REDEMPTION_FLOW_MON1,False,SUBMISSION.tsv,nport_fund_reported_info_raw,decimal_preserve_lexical,source_specific,raw_and_typed_projection,source_rows_equal_raw_rows,7b9fb083ed7e64fc8216a3ea16853317403f7822526e87969fb8c402d85578d6
nport,FUND_REPORTED_INFO.tsv,REDEMPTION_FLOW_MON2,False,SUBMISSION.tsv,nport_fund_reported_info_raw,decimal_preserve_lexical,source_specific,raw_and_typed_projection,source_rows_equal_raw_rows,7b9fb083ed7e64fc8216a3ea16853317403f7822526e87969fb8c402d85578d6
nport,FUND_REPORTED_INFO.tsv,REDEMPTION_FLOW_MON3,False,SUBMISSION.tsv,nport_fund_reported_info_raw,decimal_preserve_lexical,source_specific,raw_and_typed_projection,source_rows_equal_raw_rows,7b9fb083ed7e64fc8216a3ea16853317403f7822526e87969fb8c402d85578d6
nport,FUND_REPORTED_INFO.tsv,REINVESTMENT_FLOW_MON1,False,SUBMISSION.tsv,nport_fund_reported_info_raw,decimal_preserve_lexical,source_specific,raw_and_typed_projection,source_rows_equal_raw_rows,7b9fb083ed7e64fc8216a3ea16853317403f7822526e87969fb8c402d85578d6
nport,FUND_REPORTED_INFO.tsv,REINVESTMENT_FLOW_MON2,False,SUBMISSION.tsv,nport_fund_reported_info_raw,decimal_preserve_lexical,source_specific,raw_and_typed_projection,source_rows_equal_raw_rows,7b9fb083ed7e64fc8216a3ea16853317403f7822526e87969fb8c402d85578d6
nport,FUND_REPORTED_INFO.tsv,REINVESTMENT_FLOW_MON3,False,SUBMISSION.tsv,nport_fund_reported_info_raw,decimal_preserve_lexical,source_specific,raw_and_typed_projection,source_rows_equal_raw_rows,7b9fb083ed7e64fc8216a3ea16853317403f7822526e87969fb8c402d85578d6
nport,FUND_REPORTED_INFO.tsv,SALES_FLOW_MON1,False,SUBMISSION.tsv,nport_fund_reported_info_raw,decimal_preserve_lexical,source_specific,raw_and_typed_projection,source_rows_equal_raw_rows,7b9fb083ed7e64fc8216a3ea16853317403f7822526e87969fb8c402d85578d6
nport,FUND_REPORTED_INFO.tsv,SALES_FLOW_MON2,False,SUBMISSION.tsv,nport_fund_reported_info_raw,decimal_preserve_lexical,source_specific,raw_and_typed_projection,source_rows_equal_raw_rows,7b9fb083ed7e64fc8216a3ea16853317403f7822526e87969fb8c402d85578d6
nport,FUND_REPORTED_INFO.tsv,SALES_FLOW_MON3,False,SUBMISSION.tsv,nport_fund_reported_info_raw,decimal_preserve_lexical,source_specific,raw_and_typed_projection,source_rows_equal_raw_rows,7b9fb083ed7e64fc8216a3ea16853317403f7822526e87969fb8c402d85578d6
nport,FUND_REPORTED_INFO.tsv,SERIES_ID,False,SUBMISSION.tsv,nport_fund_reported_info_raw,text_preserve_lexical,identity_and_lineage,raw_and_typed_projection,source_rows_equal_raw_rows,7b9fb083ed7e64fc8216a3ea16853317403f7822526e87969fb8c402d85578d6
nport,FUND_REPORTED_INFO.tsv,SERIES_LEI,False,SUBMISSION.tsv,nport_fund_reported_info_raw,text_preserve_lexical,identity_and_lineage,raw_and_typed_projection,source_rows_equal_raw_rows,7b9fb083ed7e64fc8216a3ea16853317403f7822526e87969fb8c402d85578d6
nport,FUND_REPORTED_INFO.tsv,SERIES_NAME,False,SUBMISSION.tsv,nport_fund_reported_info_raw,text_preserve_lexical,identity_and_lineage,raw_and_typed_projection,source_rows_equal_raw_rows,7b9fb083ed7e64fc8216a3ea16853317403f7822526e87969fb8c402d85578d6
nport,FUND_REPORTED_INFO.tsv,STANDBY_COMMITMENT,False,SUBMISSION.tsv,nport_fund_reported_info_raw,decimal_preserve_lexical,source_specific,raw_and_typed_projection,source_rows_equal_raw_rows,7b9fb083ed7e64fc8216a3ea16853317403f7822526e87969fb8c402d85578d6
nport,FUND_REPORTED_INFO.tsv,TOTAL_ASSETS,False,SUBMISSION.tsv,nport_fund_reported_info_raw,decimal_preserve_lexical,source_specific,raw_and_typed_projection,source_rows_equal_raw_rows,7b9fb083ed7e64fc8216a3ea16853317403f7822526e87969fb8c402d85578d6
nport,FUND_REPORTED_INFO.tsv,TOTAL_LIABILITIES,False,SUBMISSION.tsv,nport_fund_reported_info_raw,decimal_preserve_lexical,source_specific,raw_and_typed_projection,source_rows_equal_raw_rows,7b9fb083ed7e64fc8216a3ea16853317403f7822526e87969fb8c402d85578d6
nport,FUND_VAR_INFO.tsv,ACCESSION_NUMBER,True,SUBMISSION.tsv,nport_fund_var_info_raw,text_preserve_lexical,identity_and_lineage,raw_and_typed_projection,source_rows_equal_raw_rows,7b9fb083ed7e64fc8216a3ea16853317403f7822526e87969fb8c402d85578d6
nport,FUND_VAR_INFO.tsv,DESIGNATED_INDEX_IDENTIFIER,False,SUBMISSION.tsv,nport_fund_var_info_raw,text_preserve_lexical,source_specific,raw_and_typed_projection,source_rows_equal_raw_rows,7b9fb083ed7e64fc8216a3ea16853317403f7822526e87969fb8c402d85578d6
nport,FUND_VAR_INFO.tsv,DESIGNATED_INDEX_NAME,False,SUBMISSION.tsv,nport_fund_var_info_raw,text_preserve_lexical,source_specific,raw_and_typed_projection,source_rows_equal_raw_rows,7b9fb083ed7e64fc8216a3ea16853317403f7822526e87969fb8c402d85578d6
nport,FUT_FWD_NONFOREIGNCUR_CONTRACT.tsv,CURRENCY_CODE,False,FUND_REPORTED_HOLDING.tsv,nport_fut_fwd_nonforeigncur_contract_raw,text_preserve_lexical,source_specific,raw_and_typed_projection,source_rows_equal_raw_rows,7b9fb083ed7e64fc8216a3ea16853317403f7822526e87969fb8c402d85578d6
nport,FUT_FWD_NONFOREIGNCUR_CONTRACT.tsv,EXPIRATION_DATE,False,FUND_REPORTED_HOLDING.tsv,nport_fut_fwd_nonforeigncur_contract_raw,date_field_specific_fail_preserve_lexical,source_specific,raw_and_typed_projection,source_rows_equal_raw_rows,7b9fb083ed7e64fc8216a3ea16853317403f7822526e87969fb8c402d85578d6
nport,FUT_FWD_NONFOREIGNCUR_CONTRACT.tsv,HOLDING_ID,True,FUND_REPORTED_HOLDING.tsv,nport_fut_fwd_nonforeigncur_contract_raw,decimal_preserve_lexical,source_specific,raw_and_typed_projection,source_rows_equal_raw_rows,7b9fb083ed7e64fc8216a3ea16853317403f7822526e87969fb8c402d85578d6
nport,FUT_FWD_NONFOREIGNCUR_CONTRACT.tsv,NOTIONAL_AMOUNT,False,FUND_REPORTED_HOLDING.tsv,nport_fut_fwd_nonforeigncur_contract_raw,decimal_preserve_lexical,source_specific,raw_and_typed_projection,source_rows_equal_raw_rows,7b9fb083ed7e64fc8216a3ea16853317403f7822526e87969fb8c402d85578d6
nport,FUT_FWD_NONFOREIGNCUR_CONTRACT.tsv,PAYOFF_PROFILE,False,FUND_REPORTED_HOLDING.tsv,nport_fut_fwd_nonforeigncur_contract_raw,text_preserve_lexical,source_specific,raw_and_typed_projection,source_rows_equal_raw_rows,7b9fb083ed7e64fc8216a3ea16853317403f7822526e87969fb8c402d85578d6
nport,FUT_FWD_NONFOREIGNCUR_CONTRACT.tsv,UNREALIZED_APPRECIATION,False,FUND_REPORTED_HOLDING.tsv,nport_fut_fwd_nonforeigncur_contract_raw,decimal_preserve_lexical,source_specific,raw_and_typed_projection,source_rows_equal_raw_rows,7b9fb083ed7e64fc8216a3ea16853317403f7822526e87969fb8c402d85578d6
nport,FWD_FOREIGNCUR_CONTRACT_SWAP.tsv,CURRENCY_PURCHASED_AMOUNT,False,FUND_REPORTED_HOLDING.tsv,nport_fwd_foreigncur_contract_swap_raw,decimal_preserve_lexical,source_specific,raw_and_typed_projection,source_rows_equal_raw_rows,7b9fb083ed7e64fc8216a3ea16853317403f7822526e87969fb8c402d85578d6
nport,FWD_FOREIGNCUR_CONTRACT_SWAP.tsv,CURRENCY_SOLD_AMOUNT,False,FUND_REPORTED_HOLDING.tsv,nport_fwd_foreigncur_contract_swap_raw,decimal_preserve_lexical,source_specific,raw_and_typed_projection,source_rows_equal_raw_rows,7b9fb083ed7e64fc8216a3ea16853317403f7822526e87969fb8c402d85578d6
nport,FWD_FOREIGNCUR_CONTRACT_SWAP.tsv,DESC_CURRENCY_PURCHASED,False,FUND_REPORTED_HOLDING.tsv,nport_fwd_foreigncur_contract_swap_raw,text_preserve_lexical,source_specific,raw_and_typed_projection,source_rows_equal_raw_rows,7b9fb083ed7e64fc8216a3ea16853317403f7822526e87969fb8c402d85578d6
nport,FWD_FOREIGNCUR_CONTRACT_SWAP.tsv,DESC_CURRENCY_SOLD,False,FUND_REPORTED_HOLDING.tsv,nport_fwd_foreigncur_contract_swap_raw,text_preserve_lexical,source_specific,raw_and_typed_projection,source_rows_equal_raw_rows,7b9fb083ed7e64fc8216a3ea16853317403f7822526e87969fb8c402d85578d6
nport,FWD_FOREIGNCUR_CONTRACT_SWAP.tsv,HOLDING_ID,True,FUND_REPORTED_HOLDING.tsv,nport_fwd_foreigncur_contract_swap_raw,decimal_preserve_lexical,source_specific,raw_and_typed_projection,source_rows_equal_raw_rows,7b9fb083ed7e64fc8216a3ea16853317403f7822526e87969fb8c402d85578d6
nport,FWD_FOREIGNCUR_CONTRACT_SWAP.tsv,SETTLEMENT_DATE,False,FUND_REPORTED_HOLDING.tsv,nport_fwd_foreigncur_contract_swap_raw,date_field_specific_fail_preserve_lexical,source_specific,raw_and_typed_projection,source_rows_equal_raw_rows,7b9fb083ed7e64fc8216a3ea16853317403f7822526e87969fb8c402d85578d6
nport,FWD_FOREIGNCUR_CONTRACT_SWAP.tsv,UNREALIZED_APPRECIATION,False,FUND_REPORTED_HOLDING.tsv,nport_fwd_foreigncur_contract_swap_raw,decimal_preserve_lexical,source_specific,raw_and_typed_projection,source_rows_equal_raw_rows,7b9fb083ed7e64fc8216a3ea16853317403f7822526e87969fb8c402d85578d6
nport,IDENTIFIERS.tsv,HOLDING_ID,True,FUND_REPORTED_HOLDING.tsv,nport_identifiers_raw,decimal_preserve_lexical,holdings_and_composition,raw_and_typed_projection,source_rows_equal_raw_rows,7b9fb083ed7e64fc8216a3ea16853317403f7822526e87969fb8c402d85578d6
nport,IDENTIFIERS.tsv,IDENTIFIERS_ID,True,FUND_REPORTED_HOLDING.tsv,nport_identifiers_raw,decimal_preserve_lexical,holdings_and_composition,raw_and_typed_projection,source_rows_equal_raw_rows,7b9fb083ed7e64fc8216a3ea16853317403f7822526e87969fb8c402d85578d6
nport,IDENTIFIERS.tsv,IDENTIFIER_ISIN,False,FUND_REPORTED_HOLDING.tsv,nport_identifiers_raw,text_preserve_lexical,holdings_and_composition,raw_and_typed_projection,source_rows_equal_raw_rows,7b9fb083ed7e64fc8216a3ea16853317403f7822526e87969fb8c402d85578d6
nport,IDENTIFIERS.tsv,IDENTIFIER_TICKER,False,FUND_REPORTED_HOLDING.tsv,nport_identifiers_raw,text_preserve_lexical,holdings_and_composition,raw_and_typed_projection,source_rows_equal_raw_rows,7b9fb083ed7e64fc8216a3ea16853317403f7822526e87969fb8c402d85578d6
nport,IDENTIFIERS.tsv,OTHER_IDENTIFIER,False,FUND_REPORTED_HOLDING.tsv,nport_identifiers_raw,text_preserve_lexical,holdings_and_composition,raw_and_typed_projection,source_rows_equal_raw_rows,7b9fb083ed7e64fc8216a3ea16853317403f7822526e87969fb8c402d85578d6
nport,IDENTIFIERS.tsv,OTHER_IDENTIFIER_DESC,False,FUND_REPORTED_HOLDING.tsv,nport_identifiers_raw,text_preserve_lexical,holdings_and_composition,raw_and_typed_projection,source_rows_equal_raw_rows,7b9fb083ed7e64fc8216a3ea16853317403f7822526e87969fb8c402d85578d6
nport,INTEREST_RATE_RISK.tsv,ACCESSION_NUMBER,True,SUBMISSION.tsv,nport_interest_rate_risk_raw,text_preserve_lexical,identity_and_lineage,raw_and_typed_projection,source_rows_equal_raw_rows,7b9fb083ed7e64fc8216a3ea16853317403f7822526e87969fb8c402d85578d6
nport,INTEREST_RATE_RISK.tsv,CURRENCY_CODE,False,SUBMISSION.tsv,nport_interest_rate_risk_raw,text_preserve_lexical,risk_and_fixed_income,raw_and_typed_projection,source_rows_equal_raw_rows,7b9fb083ed7e64fc8216a3ea16853317403f7822526e87969fb8c402d85578d6
nport,INTEREST_RATE_RISK.tsv,INTEREST_RATE_RISK_ID,True,SUBMISSION.tsv,nport_interest_rate_risk_raw,decimal_preserve_lexical,risk_and_fixed_income,raw_and_typed_projection,source_rows_equal_raw_rows,7b9fb083ed7e64fc8216a3ea16853317403f7822526e87969fb8c402d85578d6
nport,INTEREST_RATE_RISK.tsv,INTRST_RATE_CHANGE_10YR_DV01,False,SUBMISSION.tsv,nport_interest_rate_risk_raw,decimal_preserve_lexical,risk_and_fixed_income,raw_and_typed_projection,source_rows_equal_raw_rows,7b9fb083ed7e64fc8216a3ea16853317403f7822526e87969fb8c402d85578d6
nport,INTEREST_RATE_RISK.tsv,INTRST_RATE_CHANGE_10YR_DV100,False,SUBMISSION.tsv,nport_interest_rate_risk_raw,decimal_preserve_lexical,risk_and_fixed_income,raw_and_typed_projection,source_rows_equal_raw_rows,7b9fb083ed7e64fc8216a3ea16853317403f7822526e87969fb8c402d85578d6
nport,INTEREST_RATE_RISK.tsv,INTRST_RATE_CHANGE_1YR_DV01,False,SUBMISSION.tsv,nport_interest_rate_risk_raw,decimal_preserve_lexical,risk_and_fixed_income,raw_and_typed_projection,source_rows_equal_raw_rows,7b9fb083ed7e64fc8216a3ea16853317403f7822526e87969fb8c402d85578d6
nport,INTEREST_RATE_RISK.tsv,INTRST_RATE_CHANGE_1YR_DV100,False,SUBMISSION.tsv,nport_interest_rate_risk_raw,decimal_preserve_lexical,risk_and_fixed_income,raw_and_typed_projection,source_rows_equal_raw_rows,7b9fb083ed7e64fc8216a3ea16853317403f7822526e87969fb8c402d85578d6
nport,INTEREST_RATE_RISK.tsv,INTRST_RATE_CHANGE_30YR_DV01,False,SUBMISSION.tsv,nport_interest_rate_risk_raw,decimal_preserve_lexical,risk_and_fixed_income,raw_and_typed_projection,source_rows_equal_raw_rows,7b9fb083ed7e64fc8216a3ea16853317403f7822526e87969fb8c402d85578d6
nport,INTEREST_RATE_RISK.tsv,INTRST_RATE_CHANGE_30YR_DV100,False,SUBMISSION.tsv,nport_interest_rate_risk_raw,decimal_preserve_lexical,risk_and_fixed_income,raw_and_typed_projection,source_rows_equal_raw_rows,7b9fb083ed7e64fc8216a3ea16853317403f7822526e87969fb8c402d85578d6
nport,INTEREST_RATE_RISK.tsv,INTRST_RATE_CHANGE_3MON_DV01,False,SUBMISSION.tsv,nport_interest_rate_risk_raw,decimal_preserve_lexical,risk_and_fixed_income,raw_and_typed_projection,source_rows_equal_raw_rows,7b9fb083ed7e64fc8216a3ea16853317403f7822526e87969fb8c402d85578d6
nport,INTEREST_RATE_RISK.tsv,INTRST_RATE_CHANGE_3MON_DV100,False,SUBMISSION.tsv,nport_interest_rate_risk_raw,decimal_preserve_lexical,risk_and_fixed_income,raw_and_typed_projection,source_rows_equal_raw_rows,7b9fb083ed7e64fc8216a3ea16853317403f7822526e87969fb8c402d85578d6
nport,INTEREST_RATE_RISK.tsv,INTRST_RATE_CHANGE_5YR_DV01,False,SUBMISSION.tsv,nport_interest_rate_risk_raw,decimal_preserve_lexical,risk_and_fixed_income,raw_and_typed_projection,source_rows_equal_raw_rows,7b9fb083ed7e64fc8216a3ea16853317403f7822526e87969fb8c402d85578d6
nport,INTEREST_RATE_RISK.tsv,INTRST_RATE_CHANGE_5YR_DV100,False,SUBMISSION.tsv,nport_interest_rate_risk_raw,decimal_preserve_lexical,risk_and_fixed_income,raw_and_typed_projection,source_rows_equal_raw_rows,7b9fb083ed7e64fc8216a3ea16853317403f7822526e87969fb8c402d85578d6
nport,MONTHLY_RETURN_CAT_INSTRUMENT.tsv,ACCESSION_NUMBER,True,SUBMISSION.tsv,nport_monthly_return_cat_instrument_raw,text_preserve_lexical,identity_and_lineage,raw_and_typed_projection,source_rows_equal_raw_rows,7b9fb083ed7e64fc8216a3ea16853317403f7822526e87969fb8c402d85578d6
nport,MONTHLY_RETURN_CAT_INSTRUMENT.tsv,ASSET_CAT,True,SUBMISSION.tsv,nport_monthly_return_cat_instrument_raw,text_preserve_lexical,source_specific,raw_and_typed_projection,source_rows_equal_raw_rows,7b9fb083ed7e64fc8216a3ea16853317403f7822526e87969fb8c402d85578d6
nport,MONTHLY_RETURN_CAT_INSTRUMENT.tsv,INSTRUMENT_KIND,True,SUBMISSION.tsv,nport_monthly_return_cat_instrument_raw,text_preserve_lexical,source_specific,raw_and_typed_projection,source_rows_equal_raw_rows,7b9fb083ed7e64fc8216a3ea16853317403f7822526e87969fb8c402d85578d6
nport,MONTHLY_RETURN_CAT_INSTRUMENT.tsv,NET_REALIZED_GAIN_MON1,False,SUBMISSION.tsv,nport_monthly_return_cat_instrument_raw,decimal_preserve_lexical,source_specific,raw_and_typed_projection,source_rows_equal_raw_rows,7b9fb083ed7e64fc8216a3ea16853317403f7822526e87969fb8c402d85578d6
nport,MONTHLY_RETURN_CAT_INSTRUMENT.tsv,NET_REALIZED_GAIN_MON2,False,SUBMISSION.tsv,nport_monthly_return_cat_instrument_raw,decimal_preserve_lexical,source_specific,raw_and_typed_projection,source_rows_equal_raw_rows,7b9fb083ed7e64fc8216a3ea16853317403f7822526e87969fb8c402d85578d6
nport,MONTHLY_RETURN_CAT_INSTRUMENT.tsv,NET_REALIZED_GAIN_MON3,False,SUBMISSION.tsv,nport_monthly_return_cat_instrument_raw,decimal_preserve_lexical,source_specific,raw_and_typed_projection,source_rows_equal_raw_rows,7b9fb083ed7e64fc8216a3ea16853317403f7822526e87969fb8c402d85578d6
nport,MONTHLY_RETURN_CAT_INSTRUMENT.tsv,NET_UNREALIZED_AP_MON1,False,SUBMISSION.tsv,nport_monthly_return_cat_instrument_raw,decimal_preserve_lexical,source_specific,raw_and_typed_projection,source_rows_equal_raw_rows,7b9fb083ed7e64fc8216a3ea16853317403f7822526e87969fb8c402d85578d6
nport,MONTHLY_RETURN_CAT_INSTRUMENT.tsv,NET_UNREALIZED_AP_MON2,False,SUBMISSION.tsv,nport_monthly_return_cat_instrument_raw,decimal_preserve_lexical,source_specific,raw_and_typed_projection,source_rows_equal_raw_rows,7b9fb083ed7e64fc8216a3ea16853317403f7822526e87969fb8c402d85578d6
nport,MONTHLY_RETURN_CAT_INSTRUMENT.tsv,NET_UNREALIZED_AP_MON3,False,SUBMISSION.tsv,nport_monthly_return_cat_instrument_raw,decimal_preserve_lexical,source_specific,raw_and_typed_projection,source_rows_equal_raw_rows,7b9fb083ed7e64fc8216a3ea16853317403f7822526e87969fb8c402d85578d6
nport,MONTHLY_TOTAL_RETURN.tsv,ACCESSION_NUMBER,True,SUBMISSION.tsv,nport_monthly_total_return_raw,text_preserve_lexical,identity_and_lineage,raw_and_typed_projection,source_rows_equal_raw_rows,7b9fb083ed7e64fc8216a3ea16853317403f7822526e87969fb8c402d85578d6
nport,MONTHLY_TOTAL_RETURN.tsv,CLASS_ID,False,SUBMISSION.tsv,nport_monthly_total_return_raw,text_preserve_lexical,identity_and_lineage,raw_and_typed_projection,source_rows_equal_raw_rows,7b9fb083ed7e64fc8216a3ea16853317403f7822526e87969fb8c402d85578d6
nport,MONTHLY_TOTAL_RETURN.tsv,MONTHLY_TOTAL_RETURN1,False,SUBMISSION.tsv,nport_monthly_total_return_raw,decimal_preserve_lexical,source_specific,raw_and_typed_projection,source_rows_equal_raw_rows,7b9fb083ed7e64fc8216a3ea16853317403f7822526e87969fb8c402d85578d6
nport,MONTHLY_TOTAL_RETURN.tsv,MONTHLY_TOTAL_RETURN2,False,SUBMISSION.tsv,nport_monthly_total_return_raw,decimal_preserve_lexical,source_specific,raw_and_typed_projection,source_rows_equal_raw_rows,7b9fb083ed7e64fc8216a3ea16853317403f7822526e87969fb8c402d85578d6
nport,MONTHLY_TOTAL_RETURN.tsv,MONTHLY_TOTAL_RETURN3,False,SUBMISSION.tsv,nport_monthly_total_return_raw,decimal_preserve_lexical,source_specific,raw_and_typed_projection,source_rows_equal_raw_rows,7b9fb083ed7e64fc8216a3ea16853317403f7822526e87969fb8c402d85578d6
nport,MONTHLY_TOTAL_RETURN.tsv,MONTHLY_TOTAL_RETURN_ID,True,SUBMISSION.tsv,nport_monthly_total_return_raw,decimal_preserve_lexical,source_specific,raw_and_typed_projection,source_rows_equal_raw_rows,7b9fb083ed7e64fc8216a3ea16853317403f7822526e87969fb8c402d85578d6
nport,NONFOREIGN_EXCHANGE_SWAP.tsv,AMOUNT_PAYMENT,False,FUND_REPORTED_HOLDING.tsv,nport_nonforeign_exchange_swap_raw,decimal_preserve_lexical,source_specific,raw_and_typed_projection,source_rows_equal_raw_rows,7b9fb083ed7e64fc8216a3ea16853317403f7822526e87969fb8c402d85578d6
nport,NONFOREIGN_EXCHANGE_SWAP.tsv,AMOUNT_RECEIPT,False,FUND_REPORTED_HOLDING.tsv,nport_nonforeign_exchange_swap_raw,decimal_preserve_lexical,source_specific,raw_and_typed_projection,source_rows_equal_raw_rows,7b9fb083ed7e64fc8216a3ea16853317403f7822526e87969fb8c402d85578d6
nport,NONFOREIGN_EXCHANGE_SWAP.tsv,CURRENCY_CODE,False,FUND_REPORTED_HOLDING.tsv,nport_nonforeign_exchange_swap_raw,text_preserve_lexical,source_specific,raw_and_typed_projection,source_rows_equal_raw_rows,7b9fb083ed7e64fc8216a3ea16853317403f7822526e87969fb8c402d85578d6
nport,NONFOREIGN_EXCHANGE_SWAP.tsv,CURRENCY_CODE_PAYMENT,False,FUND_REPORTED_HOLDING.tsv,nport_nonforeign_exchange_swap_raw,text_preserve_lexical,source_specific,raw_and_typed_projection,source_rows_equal_raw_rows,7b9fb083ed7e64fc8216a3ea16853317403f7822526e87969fb8c402d85578d6
nport,NONFOREIGN_EXCHANGE_SWAP.tsv,CURRENCY_CODE_RECEIPT,False,FUND_REPORTED_HOLDING.tsv,nport_nonforeign_exchange_swap_raw,text_preserve_lexical,source_specific,raw_and_typed_projection,source_rows_equal_raw_rows,7b9fb083ed7e64fc8216a3ea16853317403f7822526e87969fb8c402d85578d6
nport,NONFOREIGN_EXCHANGE_SWAP.tsv,FIXED_OR_FLOATING_PAYMENT,False,FUND_REPORTED_HOLDING.tsv,nport_nonforeign_exchange_swap_raw,text_preserve_lexical,source_specific,raw_and_typed_projection,source_rows_equal_raw_rows,7b9fb083ed7e64fc8216a3ea16853317403f7822526e87969fb8c402d85578d6
nport,NONFOREIGN_EXCHANGE_SWAP.tsv,FIXED_OR_FLOATING_RECEIPT,False,FUND_REPORTED_HOLDING.tsv,nport_nonforeign_exchange_swap_raw,text_preserve_lexical,source_specific,raw_and_typed_projection,source_rows_equal_raw_rows,7b9fb083ed7e64fc8216a3ea16853317403f7822526e87969fb8c402d85578d6
nport,NONFOREIGN_EXCHANGE_SWAP.tsv,FIXED_RATE_PAYMENT,False,FUND_REPORTED_HOLDING.tsv,nport_nonforeign_exchange_swap_raw,decimal_preserve_lexical,source_specific,raw_and_typed_projection,source_rows_equal_raw_rows,7b9fb083ed7e64fc8216a3ea16853317403f7822526e87969fb8c402d85578d6
nport,NONFOREIGN_EXCHANGE_SWAP.tsv,FIXED_RATE_RECEIPT,False,FUND_REPORTED_HOLDING.tsv,nport_nonforeign_exchange_swap_raw,decimal_preserve_lexical,source_specific,raw_and_typed_projection,source_rows_equal_raw_rows,7b9fb083ed7e64fc8216a3ea16853317403f7822526e87969fb8c402d85578d6
nport,NONFOREIGN_EXCHANGE_SWAP.tsv,FLOATING_RATE_INDEX_PAYMENT,False,FUND_REPORTED_HOLDING.tsv,nport_nonforeign_exchange_swap_raw,text_preserve_lexical,source_specific,raw_and_typed_projection,source_rows_equal_raw_rows,7b9fb083ed7e64fc8216a3ea16853317403f7822526e87969fb8c402d85578d6
nport,NONFOREIGN_EXCHANGE_SWAP.tsv,FLOATING_RATE_INDEX_RECEIPT,False,FUND_REPORTED_HOLDING.tsv,nport_nonforeign_exchange_swap_raw,text_preserve_lexical,source_specific,raw_and_typed_projection,source_rows_equal_raw_rows,7b9fb083ed7e64fc8216a3ea16853317403f7822526e87969fb8c402d85578d6
nport,NONFOREIGN_EXCHANGE_SWAP.tsv,FLOATING_RATE_SPREAD_PAYMENT,False,FUND_REPORTED_HOLDING.tsv,nport_nonforeign_exchange_swap_raw,decimal_preserve_lexical,source_specific,raw_and_typed_projection,source_rows_equal_raw_rows,7b9fb083ed7e64fc8216a3ea16853317403f7822526e87969fb8c402d85578d6
nport,NONFOREIGN_EXCHANGE_SWAP.tsv,FLOATING_RATE_SPREAD_RECEIPT,False,FUND_REPORTED_HOLDING.tsv,nport_nonforeign_exchange_swap_raw,decimal_preserve_lexical,source_specific,raw_and_typed_projection,source_rows_equal_raw_rows,7b9fb083ed7e64fc8216a3ea16853317403f7822526e87969fb8c402d85578d6
nport,NONFOREIGN_EXCHANGE_SWAP.tsv,HOLDING_ID,True,FUND_REPORTED_HOLDING.tsv,nport_nonforeign_exchange_swap_raw,decimal_preserve_lexical,source_specific,raw_and_typed_projection,source_rows_equal_raw_rows,7b9fb083ed7e64fc8216a3ea16853317403f7822526e87969fb8c402d85578d6
nport,NONFOREIGN_EXCHANGE_SWAP.tsv,NOTIONAL_AMOUNT,False,FUND_REPORTED_HOLDING.tsv,nport_nonforeign_exchange_swap_raw,decimal_preserve_lexical,source_specific,raw_and_typed_projection,source_rows_equal_raw_rows,7b9fb083ed7e64fc8216a3ea16853317403f7822526e87969fb8c402d85578d6
nport,NONFOREIGN_EXCHANGE_SWAP.tsv,PMNT_CURRENCY_CODE,False,FUND_REPORTED_HOLDING.tsv,nport_nonforeign_exchange_swap_raw,text_preserve_lexical,source_specific,raw_and_typed_projection,source_rows_equal_raw_rows,7b9fb083ed7e64fc8216a3ea16853317403f7822526e87969fb8c402d85578d6
nport,NONFOREIGN_EXCHANGE_SWAP.tsv,RCPT_CURRENCY_CODE,False,FUND_REPORTED_HOLDING.tsv,nport_nonforeign_exchange_swap_raw,text_preserve_lexical,source_specific,raw_and_typed_projection,source_rows_equal_raw_rows,7b9fb083ed7e64fc8216a3ea16853317403f7822526e87969fb8c402d85578d6
nport,NONFOREIGN_EXCHANGE_SWAP.tsv,SWAP_FLAG,False,FUND_REPORTED_HOLDING.tsv,nport_nonforeign_exchange_swap_raw,text_preserve_lexical,source_specific,raw_and_typed_projection,source_rows_equal_raw_rows,7b9fb083ed7e64fc8216a3ea16853317403f7822526e87969fb8c402d85578d6
nport,NONFOREIGN_EXCHANGE_SWAP.tsv,TERMINATION_DATE,False,FUND_REPORTED_HOLDING.tsv,nport_nonforeign_exchange_swap_raw,date_field_specific_fail_preserve_lexical,source_specific,raw_and_typed_projection,source_rows_equal_raw_rows,7b9fb083ed7e64fc8216a3ea16853317403f7822526e87969fb8c402d85578d6
nport,NONFOREIGN_EXCHANGE_SWAP.tsv,UNREALIZED_APPRECIATION,False,FUND_REPORTED_HOLDING.tsv,nport_nonforeign_exchange_swap_raw,decimal_preserve_lexical,source_specific,raw_and_typed_projection,source_rows_equal_raw_rows,7b9fb083ed7e64fc8216a3ea16853317403f7822526e87969fb8c402d85578d6
nport,NONFOREIGN_EXCHANGE_SWAP.tsv,UPFRONT_PAYMENT,False,FUND_REPORTED_HOLDING.tsv,nport_nonforeign_exchange_swap_raw,decimal_preserve_lexical,source_specific,raw_and_typed_projection,source_rows_equal_raw_rows,7b9fb083ed7e64fc8216a3ea16853317403f7822526e87969fb8c402d85578d6
nport,NONFOREIGN_EXCHANGE_SWAP.tsv,UPFRONT_RECEIPT,False,FUND_REPORTED_HOLDING.tsv,nport_nonforeign_exchange_swap_raw,decimal_preserve_lexical,source_specific,raw_and_typed_projection,source_rows_equal_raw_rows,7b9fb083ed7e64fc8216a3ea16853317403f7822526e87969fb8c402d85578d6
nport,OTHER_DERIV.tsv,HOLDING_ID,True,FUND_REPORTED_HOLDING.tsv,nport_other_deriv_raw,decimal_preserve_lexical,source_specific,raw_and_typed_projection,source_rows_equal_raw_rows,7b9fb083ed7e64fc8216a3ea16853317403f7822526e87969fb8c402d85578d6
nport,OTHER_DERIV.tsv,OTHER_DESC,False,FUND_REPORTED_HOLDING.tsv,nport_other_deriv_raw,text_preserve_lexical,source_specific,raw_and_typed_projection,source_rows_equal_raw_rows,7b9fb083ed7e64fc8216a3ea16853317403f7822526e87969fb8c402d85578d6
nport,OTHER_DERIV.tsv,TERMINATION_DATE,False,FUND_REPORTED_HOLDING.tsv,nport_other_deriv_raw,date_field_specific_fail_preserve_lexical,source_specific,raw_and_typed_projection,source_rows_equal_raw_rows,7b9fb083ed7e64fc8216a3ea16853317403f7822526e87969fb8c402d85578d6
nport,OTHER_DERIV.tsv,UNREALIZED_APPRECIATION,False,FUND_REPORTED_HOLDING.tsv,nport_other_deriv_raw,decimal_preserve_lexical,source_specific,raw_and_typed_projection,source_rows_equal_raw_rows,7b9fb083ed7e64fc8216a3ea16853317403f7822526e87969fb8c402d85578d6
nport,OTHER_DERIV_NOTIONAL_AMOUNT.tsv,CURRENCY_CODE,False,FUND_REPORTED_HOLDING.tsv,nport_other_deriv_notional_amount_raw,text_preserve_lexical,source_specific,raw_and_typed_projection,source_rows_equal_raw_rows,7b9fb083ed7e64fc8216a3ea16853317403f7822526e87969fb8c402d85578d6
nport,OTHER_DERIV_NOTIONAL_AMOUNT.tsv,HOLDING_ID,True,FUND_REPORTED_HOLDING.tsv,nport_other_deriv_notional_amount_raw,decimal_preserve_lexical,source_specific,raw_and_typed_projection,source_rows_equal_raw_rows,7b9fb083ed7e64fc8216a3ea16853317403f7822526e87969fb8c402d85578d6
nport,OTHER_DERIV_NOTIONAL_AMOUNT.tsv,NOTIONAL_AMOUNT,False,FUND_REPORTED_HOLDING.tsv,nport_other_deriv_notional_amount_raw,decimal_preserve_lexical,source_specific,raw_and_typed_projection,source_rows_equal_raw_rows,7b9fb083ed7e64fc8216a3ea16853317403f7822526e87969fb8c402d85578d6
nport,OTHER_DERIV_NOTIONAL_AMOUNT.tsv,OTHER_DERIV_NOTIONAL_AMOUNT_ID,True,FUND_REPORTED_HOLDING.tsv,nport_other_deriv_notional_amount_raw,decimal_preserve_lexical,source_specific,raw_and_typed_projection,source_rows_equal_raw_rows,7b9fb083ed7e64fc8216a3ea16853317403f7822526e87969fb8c402d85578d6
nport,REGISTRANT.tsv,ACCESSION_NUMBER,True,SUBMISSION.tsv,nport_registrant_raw,text_preserve_lexical,identity_and_lineage,raw_and_typed_projection,source_rows_equal_raw_rows,7b9fb083ed7e64fc8216a3ea16853317403f7822526e87969fb8c402d85578d6
nport,REGISTRANT.tsv,ADDRESS1,False,SUBMISSION.tsv,nport_registrant_raw,text_preserve_lexical,source_specific,raw_and_typed_projection,source_rows_equal_raw_rows,7b9fb083ed7e64fc8216a3ea16853317403f7822526e87969fb8c402d85578d6
nport,REGISTRANT.tsv,ADDRESS2,False,SUBMISSION.tsv,nport_registrant_raw,text_preserve_lexical,source_specific,raw_and_typed_projection,source_rows_equal_raw_rows,7b9fb083ed7e64fc8216a3ea16853317403f7822526e87969fb8c402d85578d6
nport,REGISTRANT.tsv,CIK,False,SUBMISSION.tsv,nport_registrant_raw,text_preserve_lexical,identity_and_lineage,raw_and_typed_projection,source_rows_equal_raw_rows,7b9fb083ed7e64fc8216a3ea16853317403f7822526e87969fb8c402d85578d6
nport,REGISTRANT.tsv,CITY,False,SUBMISSION.tsv,nport_registrant_raw,text_preserve_lexical,source_specific,raw_and_typed_projection,source_rows_equal_raw_rows,7b9fb083ed7e64fc8216a3ea16853317403f7822526e87969fb8c402d85578d6
nport,REGISTRANT.tsv,COUNTRY,False,SUBMISSION.tsv,nport_registrant_raw,text_preserve_lexical,source_specific,raw_and_typed_projection,source_rows_equal_raw_rows,7b9fb083ed7e64fc8216a3ea16853317403f7822526e87969fb8c402d85578d6
nport,REGISTRANT.tsv,FILE_NUM,False,SUBMISSION.tsv,nport_registrant_raw,text_preserve_lexical,source_specific,raw_and_typed_projection,source_rows_equal_raw_rows,7b9fb083ed7e64fc8216a3ea16853317403f7822526e87969fb8c402d85578d6
nport,REGISTRANT.tsv,LEI,False,SUBMISSION.tsv,nport_registrant_raw,text_preserve_lexical,source_specific,raw_and_typed_projection,source_rows_equal_raw_rows,7b9fb083ed7e64fc8216a3ea16853317403f7822526e87969fb8c402d85578d6
nport,REGISTRANT.tsv,PHONE,False,SUBMISSION.tsv,nport_registrant_raw,text_preserve_lexical,source_specific,raw_and_typed_projection,source_rows_equal_raw_rows,7b9fb083ed7e64fc8216a3ea16853317403f7822526e87969fb8c402d85578d6
nport,REGISTRANT.tsv,REGISTRANT_NAME,False,SUBMISSION.tsv,nport_registrant_raw,text_preserve_lexical,source_specific,raw_and_typed_projection,source_rows_equal_raw_rows,7b9fb083ed7e64fc8216a3ea16853317403f7822526e87969fb8c402d85578d6
nport,REGISTRANT.tsv,STATE,False,SUBMISSION.tsv,nport_registrant_raw,text_preserve_lexical,source_specific,raw_and_typed_projection,source_rows_equal_raw_rows,7b9fb083ed7e64fc8216a3ea16853317403f7822526e87969fb8c402d85578d6
nport,REGISTRANT.tsv,ZIP,False,SUBMISSION.tsv,nport_registrant_raw,text_preserve_lexical,source_specific,raw_and_typed_projection,source_rows_equal_raw_rows,7b9fb083ed7e64fc8216a3ea16853317403f7822526e87969fb8c402d85578d6
nport,REPURCHASE_AGREEMENT.tsv,CENTRAL_COUNTER_PARTY,False,FUND_REPORTED_HOLDING.tsv,nport_repurchase_agreement_raw,text_preserve_lexical,source_specific,raw_and_typed_projection,source_rows_equal_raw_rows,7b9fb083ed7e64fc8216a3ea16853317403f7822526e87969fb8c402d85578d6
nport,REPURCHASE_AGREEMENT.tsv,HOLDING_ID,True,FUND_REPORTED_HOLDING.tsv,nport_repurchase_agreement_raw,decimal_preserve_lexical,source_specific,raw_and_typed_projection,source_rows_equal_raw_rows,7b9fb083ed7e64fc8216a3ea16853317403f7822526e87969fb8c402d85578d6
nport,REPURCHASE_AGREEMENT.tsv,IS_CLEARED,False,FUND_REPORTED_HOLDING.tsv,nport_repurchase_agreement_raw,text_preserve_lexical,source_specific,raw_and_typed_projection,source_rows_equal_raw_rows,7b9fb083ed7e64fc8216a3ea16853317403f7822526e87969fb8c402d85578d6
nport,REPURCHASE_AGREEMENT.tsv,IS_TRIPARTY,False,FUND_REPORTED_HOLDING.tsv,nport_repurchase_agreement_raw,text_preserve_lexical,source_specific,raw_and_typed_projection,source_rows_equal_raw_rows,7b9fb083ed7e64fc8216a3ea16853317403f7822526e87969fb8c402d85578d6
nport,REPURCHASE_AGREEMENT.tsv,MATURITY_DATE,False,FUND_REPORTED_HOLDING.tsv,nport_repurchase_agreement_raw,date_field_specific_fail_preserve_lexical,risk_and_fixed_income,raw_and_typed_projection,source_rows_equal_raw_rows,7b9fb083ed7e64fc8216a3ea16853317403f7822526e87969fb8c402d85578d6
nport,REPURCHASE_AGREEMENT.tsv,REPURCHASE_RATE,False,FUND_REPORTED_HOLDING.tsv,nport_repurchase_agreement_raw,decimal_preserve_lexical,source_specific,raw_and_typed_projection,source_rows_equal_raw_rows,7b9fb083ed7e64fc8216a3ea16853317403f7822526e87969fb8c402d85578d6
nport,REPURCHASE_AGREEMENT.tsv,TRANSACTION_TYPE,False,FUND_REPORTED_HOLDING.tsv,nport_repurchase_agreement_raw,text_preserve_lexical,source_specific,raw_and_typed_projection,source_rows_equal_raw_rows,7b9fb083ed7e64fc8216a3ea16853317403f7822526e87969fb8c402d85578d6
nport,REPURCHASE_COLLATERAL.tsv,COLLATERAL_AMOUNT,False,FUND_REPORTED_HOLDING.tsv,nport_repurchase_collateral_raw,decimal_preserve_lexical,source_specific,raw_and_typed_projection,source_rows_equal_raw_rows,7b9fb083ed7e64fc8216a3ea16853317403f7822526e87969fb8c402d85578d6
nport,REPURCHASE_COLLATERAL.tsv,COLLATERAL_CURRENCY_CODE,False,FUND_REPORTED_HOLDING.tsv,nport_repurchase_collateral_raw,text_preserve_lexical,source_specific,raw_and_typed_projection,source_rows_equal_raw_rows,7b9fb083ed7e64fc8216a3ea16853317403f7822526e87969fb8c402d85578d6
nport,REPURCHASE_COLLATERAL.tsv,HOLDING_ID,True,FUND_REPORTED_HOLDING.tsv,nport_repurchase_collateral_raw,decimal_preserve_lexical,source_specific,raw_and_typed_projection,source_rows_equal_raw_rows,7b9fb083ed7e64fc8216a3ea16853317403f7822526e87969fb8c402d85578d6
nport,REPURCHASE_COLLATERAL.tsv,INVESTMENT_CAT,False,FUND_REPORTED_HOLDING.tsv,nport_repurchase_collateral_raw,text_preserve_lexical,source_specific,raw_and_typed_projection,source_rows_equal_raw_rows,7b9fb083ed7e64fc8216a3ea16853317403f7822526e87969fb8c402d85578d6
nport,REPURCHASE_COLLATERAL.tsv,OTHER_INTRUMENT_DESC,False,FUND_REPORTED_HOLDING.tsv,nport_repurchase_collateral_raw,text_preserve_lexical,source_specific,raw_and_typed_projection,source_rows_equal_raw_rows,7b9fb083ed7e64fc8216a3ea16853317403f7822526e87969fb8c402d85578d6
nport,REPURCHASE_COLLATERAL.tsv,PRINCIPAL_AMOUNT,False,FUND_REPORTED_HOLDING.tsv,nport_repurchase_collateral_raw,decimal_preserve_lexical,source_specific,raw_and_typed_projection,source_rows_equal_raw_rows,7b9fb083ed7e64fc8216a3ea16853317403f7822526e87969fb8c402d85578d6
nport,REPURCHASE_COLLATERAL.tsv,PRINCIPAL_CURRENCY_CODE,False,FUND_REPORTED_HOLDING.tsv,nport_repurchase_collateral_raw,text_preserve_lexical,source_specific,raw_and_typed_projection,source_rows_equal_raw_rows,7b9fb083ed7e64fc8216a3ea16853317403f7822526e87969fb8c402d85578d6
nport,REPURCHASE_COLLATERAL.tsv,REPURCHASE_COLLATERAL_ID,True,FUND_REPORTED_HOLDING.tsv,nport_repurchase_collateral_raw,decimal_preserve_lexical,source_specific,raw_and_typed_projection,source_rows_equal_raw_rows,7b9fb083ed7e64fc8216a3ea16853317403f7822526e87969fb8c402d85578d6
nport,REPURCHASE_COUNTERPARTY.tsv,HOLDING_ID,True,FUND_REPORTED_HOLDING.tsv,nport_repurchase_counterparty_raw,decimal_preserve_lexical,source_specific,raw_and_typed_projection,source_rows_equal_raw_rows,7b9fb083ed7e64fc8216a3ea16853317403f7822526e87969fb8c402d85578d6
nport,REPURCHASE_COUNTERPARTY.tsv,LEI,False,FUND_REPORTED_HOLDING.tsv,nport_repurchase_counterparty_raw,text_preserve_lexical,source_specific,raw_and_typed_projection,source_rows_equal_raw_rows,7b9fb083ed7e64fc8216a3ea16853317403f7822526e87969fb8c402d85578d6
nport,REPURCHASE_COUNTERPARTY.tsv,NAME,False,FUND_REPORTED_HOLDING.tsv,nport_repurchase_counterparty_raw,text_preserve_lexical,source_specific,raw_and_typed_projection,source_rows_equal_raw_rows,7b9fb083ed7e64fc8216a3ea16853317403f7822526e87969fb8c402d85578d6
nport,REPURCHASE_COUNTERPARTY.tsv,REPURCHASE_COUNTERPARTY_ID,True,FUND_REPORTED_HOLDING.tsv,nport_repurchase_counterparty_raw,decimal_preserve_lexical,source_specific,raw_and_typed_projection,source_rows_equal_raw_rows,7b9fb083ed7e64fc8216a3ea16853317403f7822526e87969fb8c402d85578d6
nport,SECURITIES_LENDING.tsv,CASH_COLLATERAL_AMOUNT,False,FUND_REPORTED_HOLDING.tsv,nport_securities_lending_raw,decimal_preserve_lexical,source_specific,raw_and_typed_projection,source_rows_equal_raw_rows,7b9fb083ed7e64fc8216a3ea16853317403f7822526e87969fb8c402d85578d6
nport,SECURITIES_LENDING.tsv,HOLDING_ID,True,FUND_REPORTED_HOLDING.tsv,nport_securities_lending_raw,decimal_preserve_lexical,source_specific,raw_and_typed_projection,source_rows_equal_raw_rows,7b9fb083ed7e64fc8216a3ea16853317403f7822526e87969fb8c402d85578d6
nport,SECURITIES_LENDING.tsv,IS_CASH_COLLATERAL,False,FUND_REPORTED_HOLDING.tsv,nport_securities_lending_raw,text_preserve_lexical,source_specific,raw_and_typed_projection,source_rows_equal_raw_rows,7b9fb083ed7e64fc8216a3ea16853317403f7822526e87969fb8c402d85578d6
nport,SECURITIES_LENDING.tsv,IS_LOAN_BY_FUND,False,FUND_REPORTED_HOLDING.tsv,nport_securities_lending_raw,text_preserve_lexical,source_specific,raw_and_typed_projection,source_rows_equal_raw_rows,7b9fb083ed7e64fc8216a3ea16853317403f7822526e87969fb8c402d85578d6
nport,SECURITIES_LENDING.tsv,IS_NON_CASH_COLLATERAL,False,FUND_REPORTED_HOLDING.tsv,nport_securities_lending_raw,text_preserve_lexical,source_specific,raw_and_typed_projection,source_rows_equal_raw_rows,7b9fb083ed7e64fc8216a3ea16853317403f7822526e87969fb8c402d85578d6
nport,SECURITIES_LENDING.tsv,LOAN_VALUE,False,FUND_REPORTED_HOLDING.tsv,nport_securities_lending_raw,decimal_preserve_lexical,source_specific,raw_and_typed_projection,source_rows_equal_raw_rows,7b9fb083ed7e64fc8216a3ea16853317403f7822526e87969fb8c402d85578d6
nport,SECURITIES_LENDING.tsv,NON_CASH_COLLATERAL_VALUE,False,FUND_REPORTED_HOLDING.tsv,nport_securities_lending_raw,decimal_preserve_lexical,source_specific,raw_and_typed_projection,source_rows_equal_raw_rows,7b9fb083ed7e64fc8216a3ea16853317403f7822526e87969fb8c402d85578d6
nport,SUBMISSION.tsv,ACCESSION_NUMBER,True,,nport_submission_raw,text_preserve_lexical,identity_and_lineage,raw_and_typed_projection,source_rows_equal_raw_rows,7b9fb083ed7e64fc8216a3ea16853317403f7822526e87969fb8c402d85578d6
nport,SUBMISSION.tsv,FILE_NUM,False,,nport_submission_raw,text_preserve_lexical,source_specific,raw_and_typed_projection,source_rows_equal_raw_rows,7b9fb083ed7e64fc8216a3ea16853317403f7822526e87969fb8c402d85578d6
nport,SUBMISSION.tsv,FILING_DATE,False,,nport_submission_raw,date_field_specific_fail_preserve_lexical,source_specific,raw_and_typed_projection,source_rows_equal_raw_rows,7b9fb083ed7e64fc8216a3ea16853317403f7822526e87969fb8c402d85578d6
nport,SUBMISSION.tsv,IS_LAST_FILING,False,,nport_submission_raw,text_preserve_lexical,source_specific,raw_and_typed_projection,source_rows_equal_raw_rows,7b9fb083ed7e64fc8216a3ea16853317403f7822526e87969fb8c402d85578d6
nport,SUBMISSION.tsv,REPORT_DATE,False,,nport_submission_raw,date_field_specific_fail_preserve_lexical,source_specific,raw_and_typed_projection,source_rows_equal_raw_rows,7b9fb083ed7e64fc8216a3ea16853317403f7822526e87969fb8c402d85578d6
nport,SUBMISSION.tsv,REPORT_ENDING_PERIOD,False,,nport_submission_raw,date_field_specific_fail_preserve_lexical,source_specific,raw_and_typed_projection,source_rows_equal_raw_rows,7b9fb083ed7e64fc8216a3ea16853317403f7822526e87969fb8c402d85578d6
nport,SUBMISSION.tsv,SUB_TYPE,False,,nport_submission_raw,text_preserve_lexical,source_specific,raw_and_typed_projection,source_rows_equal_raw_rows,7b9fb083ed7e64fc8216a3ea16853317403f7822526e87969fb8c402d85578d6
nport,SWAPTION_OPTION_WARNT_DERIV.tsv,CURRENCY_CODE,False,FUND_REPORTED_HOLDING.tsv,nport_swaption_option_warnt_deriv_raw,text_preserve_lexical,source_specific,raw_and_typed_projection,source_rows_equal_raw_rows,7b9fb083ed7e64fc8216a3ea16853317403f7822526e87969fb8c402d85578d6
nport,SWAPTION_OPTION_WARNT_DERIV.tsv,EXERCISE_PRICE,False,FUND_REPORTED_HOLDING.tsv,nport_swaption_option_warnt_deriv_raw,decimal_preserve_lexical,source_specific,raw_and_typed_projection,source_rows_equal_raw_rows,7b9fb083ed7e64fc8216a3ea16853317403f7822526e87969fb8c402d85578d6
nport,SWAPTION_OPTION_WARNT_DERIV.tsv,EXPIRATION_DATE,False,FUND_REPORTED_HOLDING.tsv,nport_swaption_option_warnt_deriv_raw,date_field_specific_fail_preserve_lexical,source_specific,raw_and_typed_projection,source_rows_equal_raw_rows,7b9fb083ed7e64fc8216a3ea16853317403f7822526e87969fb8c402d85578d6
nport,SWAPTION_OPTION_WARNT_DERIV.tsv,HOLDING_ID,True,FUND_REPORTED_HOLDING.tsv,nport_swaption_option_warnt_deriv_raw,decimal_preserve_lexical,source_specific,raw_and_typed_projection,source_rows_equal_raw_rows,7b9fb083ed7e64fc8216a3ea16853317403f7822526e87969fb8c402d85578d6
nport,SWAPTION_OPTION_WARNT_DERIV.tsv,PRINCIPAL_AMOUNT,False,FUND_REPORTED_HOLDING.tsv,nport_swaption_option_warnt_deriv_raw,decimal_preserve_lexical,source_specific,raw_and_typed_projection,source_rows_equal_raw_rows,7b9fb083ed7e64fc8216a3ea16853317403f7822526e87969fb8c402d85578d6
nport,SWAPTION_OPTION_WARNT_DERIV.tsv,PUT_OR_CALL,False,FUND_REPORTED_HOLDING.tsv,nport_swaption_option_warnt_deriv_raw,text_preserve_lexical,source_specific,raw_and_typed_projection,source_rows_equal_raw_rows,7b9fb083ed7e64fc8216a3ea16853317403f7822526e87969fb8c402d85578d6
nport,SWAPTION_OPTION_WARNT_DERIV.tsv,SHARES_CNT,False,FUND_REPORTED_HOLDING.tsv,nport_swaption_option_warnt_deriv_raw,decimal_preserve_lexical,source_specific,raw_and_typed_projection,source_rows_equal_raw_rows,7b9fb083ed7e64fc8216a3ea16853317403f7822526e87969fb8c402d85578d6
nport,SWAPTION_OPTION_WARNT_DERIV.tsv,UNREALIZED_APPRECIATION,False,FUND_REPORTED_HOLDING.tsv,nport_swaption_option_warnt_deriv_raw,decimal_preserve_lexical,source_specific,raw_and_typed_projection,source_rows_equal_raw_rows,7b9fb083ed7e64fc8216a3ea16853317403f7822526e87969fb8c402d85578d6
nport,SWAPTION_OPTION_WARNT_DERIV.tsv,WRITTEN_OR_PURCHASED,False,FUND_REPORTED_HOLDING.tsv,nport_swaption_option_warnt_deriv_raw,text_preserve_lexical,source_specific,raw_and_typed_projection,source_rows_equal_raw_rows,7b9fb083ed7e64fc8216a3ea16853317403f7822526e87969fb8c402d85578d6
rr1,cal.tsv,adsh,True,sub.tsv;tag.tsv,rr1_cal_raw,text_preserve_lexical,identity_and_lineage,raw_and_typed_projection,source_rows_equal_raw_rows,2196a3843eb45a9369f2165baa760c157b0efe0e4d52f0d5d7458fae8a0a412f;327edcb278408a20fb141c170a66606ba4e62b9f92fd6bf85a0fd7cdcb175248;41b01adfbfd3b404ea71202a127ad9af1837a0e7762d0051632ba93e42c3e6ba;662208201be85603ab18172f375bbba957bdf7fb8d315694dde863790ee3e637;88e29e3505ae5fa36d5bb2df174fac2780d3f746c5f6a84234d8dcd439d64c4c;cbdf8ac1971b531874eb87fb11e0126440b704f12886fa989c067fc666c08783
rr1,cal.tsv,arc,True,sub.tsv;tag.tsv,rr1_cal_raw,decimal_preserve_lexical,disclosures_and_xbrl_context,raw_and_typed_projection,source_rows_equal_raw_rows,2196a3843eb45a9369f2165baa760c157b0efe0e4d52f0d5d7458fae8a0a412f;327edcb278408a20fb141c170a66606ba4e62b9f92fd6bf85a0fd7cdcb175248;41b01adfbfd3b404ea71202a127ad9af1837a0e7762d0051632ba93e42c3e6ba;662208201be85603ab18172f375bbba957bdf7fb8d315694dde863790ee3e637;88e29e3505ae5fa36d5bb2df174fac2780d3f746c5f6a84234d8dcd439d64c4c;cbdf8ac1971b531874eb87fb11e0126440b704f12886fa989c067fc666c08783
rr1,cal.tsv,ctag,False,sub.tsv;tag.tsv,rr1_cal_raw,text_preserve_lexical,disclosures_and_xbrl_context,raw_and_typed_projection,source_rows_equal_raw_rows,2196a3843eb45a9369f2165baa760c157b0efe0e4d52f0d5d7458fae8a0a412f;327edcb278408a20fb141c170a66606ba4e62b9f92fd6bf85a0fd7cdcb175248;41b01adfbfd3b404ea71202a127ad9af1837a0e7762d0051632ba93e42c3e6ba;662208201be85603ab18172f375bbba957bdf7fb8d315694dde863790ee3e637;88e29e3505ae5fa36d5bb2df174fac2780d3f746c5f6a84234d8dcd439d64c4c;cbdf8ac1971b531874eb87fb11e0126440b704f12886fa989c067fc666c08783
rr1,cal.tsv,cversion,False,sub.tsv;tag.tsv,rr1_cal_raw,text_preserve_lexical,disclosures_and_xbrl_context,raw_and_typed_projection,source_rows_equal_raw_rows,2196a3843eb45a9369f2165baa760c157b0efe0e4d52f0d5d7458fae8a0a412f;327edcb278408a20fb141c170a66606ba4e62b9f92fd6bf85a0fd7cdcb175248;41b01adfbfd3b404ea71202a127ad9af1837a0e7762d0051632ba93e42c3e6ba;662208201be85603ab18172f375bbba957bdf7fb8d315694dde863790ee3e637;88e29e3505ae5fa36d5bb2df174fac2780d3f746c5f6a84234d8dcd439d64c4c;cbdf8ac1971b531874eb87fb11e0126440b704f12886fa989c067fc666c08783
rr1,cal.tsv,grp,True,sub.tsv;tag.tsv,rr1_cal_raw,decimal_preserve_lexical,disclosures_and_xbrl_context,raw_and_typed_projection,source_rows_equal_raw_rows,2196a3843eb45a9369f2165baa760c157b0efe0e4d52f0d5d7458fae8a0a412f;327edcb278408a20fb141c170a66606ba4e62b9f92fd6bf85a0fd7cdcb175248;41b01adfbfd3b404ea71202a127ad9af1837a0e7762d0051632ba93e42c3e6ba;662208201be85603ab18172f375bbba957bdf7fb8d315694dde863790ee3e637;88e29e3505ae5fa36d5bb2df174fac2780d3f746c5f6a84234d8dcd439d64c4c;cbdf8ac1971b531874eb87fb11e0126440b704f12886fa989c067fc666c08783
rr1,cal.tsv,negative,False,sub.tsv;tag.tsv,rr1_cal_raw,decimal_preserve_lexical,disclosures_and_xbrl_context,raw_and_typed_projection,source_rows_equal_raw_rows,2196a3843eb45a9369f2165baa760c157b0efe0e4d52f0d5d7458fae8a0a412f;327edcb278408a20fb141c170a66606ba4e62b9f92fd6bf85a0fd7cdcb175248;41b01adfbfd3b404ea71202a127ad9af1837a0e7762d0051632ba93e42c3e6ba;662208201be85603ab18172f375bbba957bdf7fb8d315694dde863790ee3e637;88e29e3505ae5fa36d5bb2df174fac2780d3f746c5f6a84234d8dcd439d64c4c;cbdf8ac1971b531874eb87fb11e0126440b704f12886fa989c067fc666c08783
rr1,cal.tsv,ptag,False,sub.tsv;tag.tsv,rr1_cal_raw,text_preserve_lexical,disclosures_and_xbrl_context,raw_and_typed_projection,source_rows_equal_raw_rows,2196a3843eb45a9369f2165baa760c157b0efe0e4d52f0d5d7458fae8a0a412f;327edcb278408a20fb141c170a66606ba4e62b9f92fd6bf85a0fd7cdcb175248;41b01adfbfd3b404ea71202a127ad9af1837a0e7762d0051632ba93e42c3e6ba;662208201be85603ab18172f375bbba957bdf7fb8d315694dde863790ee3e637;88e29e3505ae5fa36d5bb2df174fac2780d3f746c5f6a84234d8dcd439d64c4c;cbdf8ac1971b531874eb87fb11e0126440b704f12886fa989c067fc666c08783
rr1,cal.tsv,pversion,False,sub.tsv;tag.tsv,rr1_cal_raw,text_preserve_lexical,disclosures_and_xbrl_context,raw_and_typed_projection,source_rows_equal_raw_rows,2196a3843eb45a9369f2165baa760c157b0efe0e4d52f0d5d7458fae8a0a412f;327edcb278408a20fb141c170a66606ba4e62b9f92fd6bf85a0fd7cdcb175248;41b01adfbfd3b404ea71202a127ad9af1837a0e7762d0051632ba93e42c3e6ba;662208201be85603ab18172f375bbba957bdf7fb8d315694dde863790ee3e637;88e29e3505ae5fa36d5bb2df174fac2780d3f746c5f6a84234d8dcd439d64c4c;cbdf8ac1971b531874eb87fb11e0126440b704f12886fa989c067fc666c08783
rr1,lab.tsv,adsh,True,sub.tsv;tag.tsv,rr1_lab_raw,text_preserve_lexical,identity_and_lineage,raw_and_typed_projection,source_rows_equal_raw_rows,2196a3843eb45a9369f2165baa760c157b0efe0e4d52f0d5d7458fae8a0a412f;327edcb278408a20fb141c170a66606ba4e62b9f92fd6bf85a0fd7cdcb175248;41b01adfbfd3b404ea71202a127ad9af1837a0e7762d0051632ba93e42c3e6ba;662208201be85603ab18172f375bbba957bdf7fb8d315694dde863790ee3e637;88e29e3505ae5fa36d5bb2df174fac2780d3f746c5f6a84234d8dcd439d64c4c;cbdf8ac1971b531874eb87fb11e0126440b704f12886fa989c067fc666c08783
rr1,lab.tsv,negated,False,sub.tsv;tag.tsv,rr1_lab_raw,text_preserve_lexical,disclosures_and_xbrl_context,raw_and_typed_projection,source_rows_equal_raw_rows,2196a3843eb45a9369f2165baa760c157b0efe0e4d52f0d5d7458fae8a0a412f;327edcb278408a20fb141c170a66606ba4e62b9f92fd6bf85a0fd7cdcb175248;41b01adfbfd3b404ea71202a127ad9af1837a0e7762d0051632ba93e42c3e6ba;662208201be85603ab18172f375bbba957bdf7fb8d315694dde863790ee3e637;88e29e3505ae5fa36d5bb2df174fac2780d3f746c5f6a84234d8dcd439d64c4c;cbdf8ac1971b531874eb87fb11e0126440b704f12886fa989c067fc666c08783
rr1,lab.tsv,negatedTerse,False,sub.tsv;tag.tsv,rr1_lab_raw,text_preserve_lexical,disclosures_and_xbrl_context,raw_and_typed_projection,source_rows_equal_raw_rows,2196a3843eb45a9369f2165baa760c157b0efe0e4d52f0d5d7458fae8a0a412f;327edcb278408a20fb141c170a66606ba4e62b9f92fd6bf85a0fd7cdcb175248;41b01adfbfd3b404ea71202a127ad9af1837a0e7762d0051632ba93e42c3e6ba;662208201be85603ab18172f375bbba957bdf7fb8d315694dde863790ee3e637;88e29e3505ae5fa36d5bb2df174fac2780d3f746c5f6a84234d8dcd439d64c4c;cbdf8ac1971b531874eb87fb11e0126440b704f12886fa989c067fc666c08783
rr1,lab.tsv,std,False,sub.tsv;tag.tsv,rr1_lab_raw,text_preserve_lexical,disclosures_and_xbrl_context,raw_and_typed_projection,source_rows_equal_raw_rows,2196a3843eb45a9369f2165baa760c157b0efe0e4d52f0d5d7458fae8a0a412f;327edcb278408a20fb141c170a66606ba4e62b9f92fd6bf85a0fd7cdcb175248;41b01adfbfd3b404ea71202a127ad9af1837a0e7762d0051632ba93e42c3e6ba;662208201be85603ab18172f375bbba957bdf7fb8d315694dde863790ee3e637;88e29e3505ae5fa36d5bb2df174fac2780d3f746c5f6a84234d8dcd439d64c4c;cbdf8ac1971b531874eb87fb11e0126440b704f12886fa989c067fc666c08783
rr1,lab.tsv,tag,True,sub.tsv;tag.tsv,rr1_lab_raw,text_preserve_lexical,disclosures_and_xbrl_context,raw_and_typed_projection,source_rows_equal_raw_rows,2196a3843eb45a9369f2165baa760c157b0efe0e4d52f0d5d7458fae8a0a412f;327edcb278408a20fb141c170a66606ba4e62b9f92fd6bf85a0fd7cdcb175248;41b01adfbfd3b404ea71202a127ad9af1837a0e7762d0051632ba93e42c3e6ba;662208201be85603ab18172f375bbba957bdf7fb8d315694dde863790ee3e637;88e29e3505ae5fa36d5bb2df174fac2780d3f746c5f6a84234d8dcd439d64c4c;cbdf8ac1971b531874eb87fb11e0126440b704f12886fa989c067fc666c08783
rr1,lab.tsv,terse,False,sub.tsv;tag.tsv,rr1_lab_raw,text_preserve_lexical,disclosures_and_xbrl_context,raw_and_typed_projection,source_rows_equal_raw_rows,2196a3843eb45a9369f2165baa760c157b0efe0e4d52f0d5d7458fae8a0a412f;327edcb278408a20fb141c170a66606ba4e62b9f92fd6bf85a0fd7cdcb175248;41b01adfbfd3b404ea71202a127ad9af1837a0e7762d0051632ba93e42c3e6ba;662208201be85603ab18172f375bbba957bdf7fb8d315694dde863790ee3e637;88e29e3505ae5fa36d5bb2df174fac2780d3f746c5f6a84234d8dcd439d64c4c;cbdf8ac1971b531874eb87fb11e0126440b704f12886fa989c067fc666c08783
rr1,lab.tsv,total,False,sub.tsv;tag.tsv,rr1_lab_raw,text_preserve_lexical,disclosures_and_xbrl_context,raw_and_typed_projection,source_rows_equal_raw_rows,2196a3843eb45a9369f2165baa760c157b0efe0e4d52f0d5d7458fae8a0a412f;327edcb278408a20fb141c170a66606ba4e62b9f92fd6bf85a0fd7cdcb175248;41b01adfbfd3b404ea71202a127ad9af1837a0e7762d0051632ba93e42c3e6ba;662208201be85603ab18172f375bbba957bdf7fb8d315694dde863790ee3e637;88e29e3505ae5fa36d5bb2df174fac2780d3f746c5f6a84234d8dcd439d64c4c;cbdf8ac1971b531874eb87fb11e0126440b704f12886fa989c067fc666c08783
rr1,lab.tsv,verbose,False,sub.tsv;tag.tsv,rr1_lab_raw,text_preserve_lexical,disclosures_and_xbrl_context,raw_and_typed_projection,source_rows_equal_raw_rows,2196a3843eb45a9369f2165baa760c157b0efe0e4d52f0d5d7458fae8a0a412f;327edcb278408a20fb141c170a66606ba4e62b9f92fd6bf85a0fd7cdcb175248;41b01adfbfd3b404ea71202a127ad9af1837a0e7762d0051632ba93e42c3e6ba;662208201be85603ab18172f375bbba957bdf7fb8d315694dde863790ee3e637;88e29e3505ae5fa36d5bb2df174fac2780d3f746c5f6a84234d8dcd439d64c4c;cbdf8ac1971b531874eb87fb11e0126440b704f12886fa989c067fc666c08783
rr1,lab.tsv,version,True,sub.tsv;tag.tsv,rr1_lab_raw,text_preserve_lexical,disclosures_and_xbrl_context,raw_and_typed_projection,source_rows_equal_raw_rows,2196a3843eb45a9369f2165baa760c157b0efe0e4d52f0d5d7458fae8a0a412f;327edcb278408a20fb141c170a66606ba4e62b9f92fd6bf85a0fd7cdcb175248;41b01adfbfd3b404ea71202a127ad9af1837a0e7762d0051632ba93e42c3e6ba;662208201be85603ab18172f375bbba957bdf7fb8d315694dde863790ee3e637;88e29e3505ae5fa36d5bb2df174fac2780d3f746c5f6a84234d8dcd439d64c4c;cbdf8ac1971b531874eb87fb11e0126440b704f12886fa989c067fc666c08783
rr1,num.tsv,adsh,True,sub.tsv;tag.tsv,rr1_num_raw,text_preserve_lexical,identity_and_lineage,raw_and_typed_projection,source_rows_equal_raw_rows,2196a3843eb45a9369f2165baa760c157b0efe0e4d52f0d5d7458fae8a0a412f;327edcb278408a20fb141c170a66606ba4e62b9f92fd6bf85a0fd7cdcb175248;41b01adfbfd3b404ea71202a127ad9af1837a0e7762d0051632ba93e42c3e6ba;662208201be85603ab18172f375bbba957bdf7fb8d315694dde863790ee3e637;88e29e3505ae5fa36d5bb2df174fac2780d3f746c5f6a84234d8dcd439d64c4c;cbdf8ac1971b531874eb87fb11e0126440b704f12886fa989c067fc666c08783
rr1,num.tsv,class,True,sub.tsv;tag.tsv,rr1_num_raw,text_preserve_lexical,identity_and_lineage,raw_and_typed_projection,source_rows_equal_raw_rows,2196a3843eb45a9369f2165baa760c157b0efe0e4d52f0d5d7458fae8a0a412f;327edcb278408a20fb141c170a66606ba4e62b9f92fd6bf85a0fd7cdcb175248;41b01adfbfd3b404ea71202a127ad9af1837a0e7762d0051632ba93e42c3e6ba;662208201be85603ab18172f375bbba957bdf7fb8d315694dde863790ee3e637;88e29e3505ae5fa36d5bb2df174fac2780d3f746c5f6a84234d8dcd439d64c4c;cbdf8ac1971b531874eb87fb11e0126440b704f12886fa989c067fc666c08783
rr1,num.tsv,dcml,False,sub.tsv;tag.tsv,rr1_num_raw,decimal_preserve_lexical,source_specific,raw_and_typed_projection,source_rows_equal_raw_rows,2196a3843eb45a9369f2165baa760c157b0efe0e4d52f0d5d7458fae8a0a412f;327edcb278408a20fb141c170a66606ba4e62b9f92fd6bf85a0fd7cdcb175248;41b01adfbfd3b404ea71202a127ad9af1837a0e7762d0051632ba93e42c3e6ba;662208201be85603ab18172f375bbba957bdf7fb8d315694dde863790ee3e637;88e29e3505ae5fa36d5bb2df174fac2780d3f746c5f6a84234d8dcd439d64c4c;cbdf8ac1971b531874eb87fb11e0126440b704f12886fa989c067fc666c08783
rr1,num.tsv,ddate,True,sub.tsv;tag.tsv,rr1_num_raw,date_field_specific_fail_preserve_lexical,source_specific,raw_and_typed_projection,source_rows_equal_raw_rows,2196a3843eb45a9369f2165baa760c157b0efe0e4d52f0d5d7458fae8a0a412f;327edcb278408a20fb141c170a66606ba4e62b9f92fd6bf85a0fd7cdcb175248;41b01adfbfd3b404ea71202a127ad9af1837a0e7762d0051632ba93e42c3e6ba;662208201be85603ab18172f375bbba957bdf7fb8d315694dde863790ee3e637;88e29e3505ae5fa36d5bb2df174fac2780d3f746c5f6a84234d8dcd439d64c4c;cbdf8ac1971b531874eb87fb11e0126440b704f12886fa989c067fc666c08783
rr1,num.tsv,dimn,False,sub.tsv;tag.tsv,rr1_num_raw,decimal_preserve_lexical,source_specific,raw_and_typed_projection,source_rows_equal_raw_rows,2196a3843eb45a9369f2165baa760c157b0efe0e4d52f0d5d7458fae8a0a412f;327edcb278408a20fb141c170a66606ba4e62b9f92fd6bf85a0fd7cdcb175248;41b01adfbfd3b404ea71202a127ad9af1837a0e7762d0051632ba93e42c3e6ba;662208201be85603ab18172f375bbba957bdf7fb8d315694dde863790ee3e637;88e29e3505ae5fa36d5bb2df174fac2780d3f746c5f6a84234d8dcd439d64c4c;cbdf8ac1971b531874eb87fb11e0126440b704f12886fa989c067fc666c08783
rr1,num.tsv,document,True,sub.tsv;tag.tsv,rr1_num_raw,text_preserve_lexical,source_specific,raw_and_typed_projection,source_rows_equal_raw_rows,2196a3843eb45a9369f2165baa760c157b0efe0e4d52f0d5d7458fae8a0a412f;327edcb278408a20fb141c170a66606ba4e62b9f92fd6bf85a0fd7cdcb175248;41b01adfbfd3b404ea71202a127ad9af1837a0e7762d0051632ba93e42c3e6ba;662208201be85603ab18172f375bbba957bdf7fb8d315694dde863790ee3e637;88e29e3505ae5fa36d5bb2df174fac2780d3f746c5f6a84234d8dcd439d64c4c;cbdf8ac1971b531874eb87fb11e0126440b704f12886fa989c067fc666c08783
rr1,num.tsv,footlen,False,sub.tsv;tag.tsv,rr1_num_raw,decimal_preserve_lexical,source_specific,raw_and_typed_projection,source_rows_equal_raw_rows,2196a3843eb45a9369f2165baa760c157b0efe0e4d52f0d5d7458fae8a0a412f;327edcb278408a20fb141c170a66606ba4e62b9f92fd6bf85a0fd7cdcb175248;41b01adfbfd3b404ea71202a127ad9af1837a0e7762d0051632ba93e42c3e6ba;662208201be85603ab18172f375bbba957bdf7fb8d315694dde863790ee3e637;88e29e3505ae5fa36d5bb2df174fac2780d3f746c5f6a84234d8dcd439d64c4c;cbdf8ac1971b531874eb87fb11e0126440b704f12886fa989c067fc666c08783
rr1,num.tsv,footnote,False,sub.tsv;tag.tsv,rr1_num_raw,text_preserve_lexical,source_specific,raw_and_typed_projection,source_rows_equal_raw_rows,2196a3843eb45a9369f2165baa760c157b0efe0e4d52f0d5d7458fae8a0a412f;327edcb278408a20fb141c170a66606ba4e62b9f92fd6bf85a0fd7cdcb175248;41b01adfbfd3b404ea71202a127ad9af1837a0e7762d0051632ba93e42c3e6ba;662208201be85603ab18172f375bbba957bdf7fb8d315694dde863790ee3e637;88e29e3505ae5fa36d5bb2df174fac2780d3f746c5f6a84234d8dcd439d64c4c;cbdf8ac1971b531874eb87fb11e0126440b704f12886fa989c067fc666c08783
rr1,num.tsv,iprx,True,sub.tsv;tag.tsv,rr1_num_raw,decimal_preserve_lexical,source_specific,raw_and_typed_projection,source_rows_equal_raw_rows,2196a3843eb45a9369f2165baa760c157b0efe0e4d52f0d5d7458fae8a0a412f;327edcb278408a20fb141c170a66606ba4e62b9f92fd6bf85a0fd7cdcb175248;41b01adfbfd3b404ea71202a127ad9af1837a0e7762d0051632ba93e42c3e6ba;662208201be85603ab18172f375bbba957bdf7fb8d315694dde863790ee3e637;88e29e3505ae5fa36d5bb2df174fac2780d3f746c5f6a84234d8dcd439d64c4c;cbdf8ac1971b531874eb87fb11e0126440b704f12886fa989c067fc666c08783
rr1,num.tsv,measure,True,sub.tsv;tag.tsv,rr1_num_raw,text_preserve_lexical,source_specific,raw_and_typed_projection,source_rows_equal_raw_rows,2196a3843eb45a9369f2165baa760c157b0efe0e4d52f0d5d7458fae8a0a412f;327edcb278408a20fb141c170a66606ba4e62b9f92fd6bf85a0fd7cdcb175248;41b01adfbfd3b404ea71202a127ad9af1837a0e7762d0051632ba93e42c3e6ba;662208201be85603ab18172f375bbba957bdf7fb8d315694dde863790ee3e637;88e29e3505ae5fa36d5bb2df174fac2780d3f746c5f6a84234d8dcd439d64c4c;cbdf8ac1971b531874eb87fb11e0126440b704f12886fa989c067fc666c08783
rr1,num.tsv,otherdims,True,sub.tsv;tag.tsv,rr1_num_raw,text_preserve_lexical,source_specific,raw_and_typed_projection,source_rows_equal_raw_rows,2196a3843eb45a9369f2165baa760c157b0efe0e4d52f0d5d7458fae8a0a412f;327edcb278408a20fb141c170a66606ba4e62b9f92fd6bf85a0fd7cdcb175248;41b01adfbfd3b404ea71202a127ad9af1837a0e7762d0051632ba93e42c3e6ba;662208201be85603ab18172f375bbba957bdf7fb8d315694dde863790ee3e637;88e29e3505ae5fa36d5bb2df174fac2780d3f746c5f6a84234d8dcd439d64c4c;cbdf8ac1971b531874eb87fb11e0126440b704f12886fa989c067fc666c08783
rr1,num.tsv,series,True,sub.tsv;tag.tsv,rr1_num_raw,text_preserve_lexical,identity_and_lineage,raw_and_typed_projection,source_rows_equal_raw_rows,2196a3843eb45a9369f2165baa760c157b0efe0e4d52f0d5d7458fae8a0a412f;327edcb278408a20fb141c170a66606ba4e62b9f92fd6bf85a0fd7cdcb175248;41b01adfbfd3b404ea71202a127ad9af1837a0e7762d0051632ba93e42c3e6ba;662208201be85603ab18172f375bbba957bdf7fb8d315694dde863790ee3e637;88e29e3505ae5fa36d5bb2df174fac2780d3f746c5f6a84234d8dcd439d64c4c;cbdf8ac1971b531874eb87fb11e0126440b704f12886fa989c067fc666c08783
rr1,num.tsv,tag,True,sub.tsv;tag.tsv,rr1_num_raw,text_preserve_lexical,source_specific,raw_and_typed_projection,source_rows_equal_raw_rows,2196a3843eb45a9369f2165baa760c157b0efe0e4d52f0d5d7458fae8a0a412f;327edcb278408a20fb141c170a66606ba4e62b9f92fd6bf85a0fd7cdcb175248;41b01adfbfd3b404ea71202a127ad9af1837a0e7762d0051632ba93e42c3e6ba;662208201be85603ab18172f375bbba957bdf7fb8d315694dde863790ee3e637;88e29e3505ae5fa36d5bb2df174fac2780d3f746c5f6a84234d8dcd439d64c4c;cbdf8ac1971b531874eb87fb11e0126440b704f12886fa989c067fc666c08783
rr1,num.tsv,uom,True,sub.tsv;tag.tsv,rr1_num_raw,text_preserve_lexical,source_specific,raw_and_typed_projection,source_rows_equal_raw_rows,2196a3843eb45a9369f2165baa760c157b0efe0e4d52f0d5d7458fae8a0a412f;327edcb278408a20fb141c170a66606ba4e62b9f92fd6bf85a0fd7cdcb175248;41b01adfbfd3b404ea71202a127ad9af1837a0e7762d0051632ba93e42c3e6ba;662208201be85603ab18172f375bbba957bdf7fb8d315694dde863790ee3e637;88e29e3505ae5fa36d5bb2df174fac2780d3f746c5f6a84234d8dcd439d64c4c;cbdf8ac1971b531874eb87fb11e0126440b704f12886fa989c067fc666c08783
rr1,num.tsv,value,False,sub.tsv;tag.tsv,rr1_num_raw,decimal_preserve_lexical,source_specific,raw_and_typed_projection,source_rows_equal_raw_rows,2196a3843eb45a9369f2165baa760c157b0efe0e4d52f0d5d7458fae8a0a412f;327edcb278408a20fb141c170a66606ba4e62b9f92fd6bf85a0fd7cdcb175248;41b01adfbfd3b404ea71202a127ad9af1837a0e7762d0051632ba93e42c3e6ba;662208201be85603ab18172f375bbba957bdf7fb8d315694dde863790ee3e637;88e29e3505ae5fa36d5bb2df174fac2780d3f746c5f6a84234d8dcd439d64c4c;cbdf8ac1971b531874eb87fb11e0126440b704f12886fa989c067fc666c08783
rr1,num.tsv,version,True,sub.tsv;tag.tsv,rr1_num_raw,text_preserve_lexical,source_specific,raw_and_typed_projection,source_rows_equal_raw_rows,2196a3843eb45a9369f2165baa760c157b0efe0e4d52f0d5d7458fae8a0a412f;327edcb278408a20fb141c170a66606ba4e62b9f92fd6bf85a0fd7cdcb175248;41b01adfbfd3b404ea71202a127ad9af1837a0e7762d0051632ba93e42c3e6ba;662208201be85603ab18172f375bbba957bdf7fb8d315694dde863790ee3e637;88e29e3505ae5fa36d5bb2df174fac2780d3f746c5f6a84234d8dcd439d64c4c;cbdf8ac1971b531874eb87fb11e0126440b704f12886fa989c067fc666c08783
rr1,sub.tsv,accepted,False,,rr1_sub_raw,date_field_specific_fail_preserve_lexical,source_specific,raw_and_typed_projection,source_rows_equal_raw_rows,2196a3843eb45a9369f2165baa760c157b0efe0e4d52f0d5d7458fae8a0a412f;327edcb278408a20fb141c170a66606ba4e62b9f92fd6bf85a0fd7cdcb175248;41b01adfbfd3b404ea71202a127ad9af1837a0e7762d0051632ba93e42c3e6ba;662208201be85603ab18172f375bbba957bdf7fb8d315694dde863790ee3e637;88e29e3505ae5fa36d5bb2df174fac2780d3f746c5f6a84234d8dcd439d64c4c;cbdf8ac1971b531874eb87fb11e0126440b704f12886fa989c067fc666c08783
rr1,sub.tsv,aciks,False,,rr1_sub_raw,text_preserve_lexical,identity_and_lineage,raw_and_typed_projection,source_rows_equal_raw_rows,2196a3843eb45a9369f2165baa760c157b0efe0e4d52f0d5d7458fae8a0a412f;327edcb278408a20fb141c170a66606ba4e62b9f92fd6bf85a0fd7cdcb175248;41b01adfbfd3b404ea71202a127ad9af1837a0e7762d0051632ba93e42c3e6ba;662208201be85603ab18172f375bbba957bdf7fb8d315694dde863790ee3e637;88e29e3505ae5fa36d5bb2df174fac2780d3f746c5f6a84234d8dcd439d64c4c;cbdf8ac1971b531874eb87fb11e0126440b704f12886fa989c067fc666c08783
rr1,sub.tsv,adsh,True,,rr1_sub_raw,text_preserve_lexical,identity_and_lineage,raw_and_typed_projection,source_rows_equal_raw_rows,2196a3843eb45a9369f2165baa760c157b0efe0e4d52f0d5d7458fae8a0a412f;327edcb278408a20fb141c170a66606ba4e62b9f92fd6bf85a0fd7cdcb175248;41b01adfbfd3b404ea71202a127ad9af1837a0e7762d0051632ba93e42c3e6ba;662208201be85603ab18172f375bbba957bdf7fb8d315694dde863790ee3e637;88e29e3505ae5fa36d5bb2df174fac2780d3f746c5f6a84234d8dcd439d64c4c;cbdf8ac1971b531874eb87fb11e0126440b704f12886fa989c067fc666c08783
rr1,sub.tsv,baph,False,,rr1_sub_raw,text_preserve_lexical,source_specific,raw_and_typed_projection,source_rows_equal_raw_rows,2196a3843eb45a9369f2165baa760c157b0efe0e4d52f0d5d7458fae8a0a412f;327edcb278408a20fb141c170a66606ba4e62b9f92fd6bf85a0fd7cdcb175248;41b01adfbfd3b404ea71202a127ad9af1837a0e7762d0051632ba93e42c3e6ba;662208201be85603ab18172f375bbba957bdf7fb8d315694dde863790ee3e637;88e29e3505ae5fa36d5bb2df174fac2780d3f746c5f6a84234d8dcd439d64c4c;cbdf8ac1971b531874eb87fb11e0126440b704f12886fa989c067fc666c08783
rr1,sub.tsv,bas1,False,,rr1_sub_raw,text_preserve_lexical,source_specific,raw_and_typed_projection,source_rows_equal_raw_rows,2196a3843eb45a9369f2165baa760c157b0efe0e4d52f0d5d7458fae8a0a412f;327edcb278408a20fb141c170a66606ba4e62b9f92fd6bf85a0fd7cdcb175248;41b01adfbfd3b404ea71202a127ad9af1837a0e7762d0051632ba93e42c3e6ba;662208201be85603ab18172f375bbba957bdf7fb8d315694dde863790ee3e637;88e29e3505ae5fa36d5bb2df174fac2780d3f746c5f6a84234d8dcd439d64c4c;cbdf8ac1971b531874eb87fb11e0126440b704f12886fa989c067fc666c08783
rr1,sub.tsv,bas2,False,,rr1_sub_raw,text_preserve_lexical,source_specific,raw_and_typed_projection,source_rows_equal_raw_rows,2196a3843eb45a9369f2165baa760c157b0efe0e4d52f0d5d7458fae8a0a412f;327edcb278408a20fb141c170a66606ba4e62b9f92fd6bf85a0fd7cdcb175248;41b01adfbfd3b404ea71202a127ad9af1837a0e7762d0051632ba93e42c3e6ba;662208201be85603ab18172f375bbba957bdf7fb8d315694dde863790ee3e637;88e29e3505ae5fa36d5bb2df174fac2780d3f746c5f6a84234d8dcd439d64c4c;cbdf8ac1971b531874eb87fb11e0126440b704f12886fa989c067fc666c08783
rr1,sub.tsv,changed,False,,rr1_sub_raw,text_preserve_lexical,source_specific,raw_and_typed_projection,source_rows_equal_raw_rows,2196a3843eb45a9369f2165baa760c157b0efe0e4d52f0d5d7458fae8a0a412f;327edcb278408a20fb141c170a66606ba4e62b9f92fd6bf85a0fd7cdcb175248;41b01adfbfd3b404ea71202a127ad9af1837a0e7762d0051632ba93e42c3e6ba;662208201be85603ab18172f375bbba957bdf7fb8d315694dde863790ee3e637;88e29e3505ae5fa36d5bb2df174fac2780d3f746c5f6a84234d8dcd439d64c4c;cbdf8ac1971b531874eb87fb11e0126440b704f12886fa989c067fc666c08783
rr1,sub.tsv,cik,False,,rr1_sub_raw,decimal_preserve_lexical,identity_and_lineage,raw_and_typed_projection,source_rows_equal_raw_rows,2196a3843eb45a9369f2165baa760c157b0efe0e4d52f0d5d7458fae8a0a412f;327edcb278408a20fb141c170a66606ba4e62b9f92fd6bf85a0fd7cdcb175248;41b01adfbfd3b404ea71202a127ad9af1837a0e7762d0051632ba93e42c3e6ba;662208201be85603ab18172f375bbba957bdf7fb8d315694dde863790ee3e637;88e29e3505ae5fa36d5bb2df174fac2780d3f746c5f6a84234d8dcd439d64c4c;cbdf8ac1971b531874eb87fb11e0126440b704f12886fa989c067fc666c08783
rr1,sub.tsv,cityba,False,,rr1_sub_raw,text_preserve_lexical,source_specific,raw_and_typed_projection,source_rows_equal_raw_rows,2196a3843eb45a9369f2165baa760c157b0efe0e4d52f0d5d7458fae8a0a412f;327edcb278408a20fb141c170a66606ba4e62b9f92fd6bf85a0fd7cdcb175248;41b01adfbfd3b404ea71202a127ad9af1837a0e7762d0051632ba93e42c3e6ba;662208201be85603ab18172f375bbba957bdf7fb8d315694dde863790ee3e637;88e29e3505ae5fa36d5bb2df174fac2780d3f746c5f6a84234d8dcd439d64c4c;cbdf8ac1971b531874eb87fb11e0126440b704f12886fa989c067fc666c08783
rr1,sub.tsv,cityma,False,,rr1_sub_raw,text_preserve_lexical,source_specific,raw_and_typed_projection,source_rows_equal_raw_rows,2196a3843eb45a9369f2165baa760c157b0efe0e4d52f0d5d7458fae8a0a412f;327edcb278408a20fb141c170a66606ba4e62b9f92fd6bf85a0fd7cdcb175248;41b01adfbfd3b404ea71202a127ad9af1837a0e7762d0051632ba93e42c3e6ba;662208201be85603ab18172f375bbba957bdf7fb8d315694dde863790ee3e637;88e29e3505ae5fa36d5bb2df174fac2780d3f746c5f6a84234d8dcd439d64c4c;cbdf8ac1971b531874eb87fb11e0126440b704f12886fa989c067fc666c08783
rr1,sub.tsv,countryba,False,,rr1_sub_raw,text_preserve_lexical,source_specific,raw_and_typed_projection,source_rows_equal_raw_rows,2196a3843eb45a9369f2165baa760c157b0efe0e4d52f0d5d7458fae8a0a412f;327edcb278408a20fb141c170a66606ba4e62b9f92fd6bf85a0fd7cdcb175248;41b01adfbfd3b404ea71202a127ad9af1837a0e7762d0051632ba93e42c3e6ba;662208201be85603ab18172f375bbba957bdf7fb8d315694dde863790ee3e637;88e29e3505ae5fa36d5bb2df174fac2780d3f746c5f6a84234d8dcd439d64c4c;cbdf8ac1971b531874eb87fb11e0126440b704f12886fa989c067fc666c08783
rr1,sub.tsv,countryinc,False,,rr1_sub_raw,text_preserve_lexical,source_specific,raw_and_typed_projection,source_rows_equal_raw_rows,2196a3843eb45a9369f2165baa760c157b0efe0e4d52f0d5d7458fae8a0a412f;327edcb278408a20fb141c170a66606ba4e62b9f92fd6bf85a0fd7cdcb175248;41b01adfbfd3b404ea71202a127ad9af1837a0e7762d0051632ba93e42c3e6ba;662208201be85603ab18172f375bbba957bdf7fb8d315694dde863790ee3e637;88e29e3505ae5fa36d5bb2df174fac2780d3f746c5f6a84234d8dcd439d64c4c;cbdf8ac1971b531874eb87fb11e0126440b704f12886fa989c067fc666c08783
rr1,sub.tsv,countryma,False,,rr1_sub_raw,text_preserve_lexical,source_specific,raw_and_typed_projection,source_rows_equal_raw_rows,2196a3843eb45a9369f2165baa760c157b0efe0e4d52f0d5d7458fae8a0a412f;327edcb278408a20fb141c170a66606ba4e62b9f92fd6bf85a0fd7cdcb175248;41b01adfbfd3b404ea71202a127ad9af1837a0e7762d0051632ba93e42c3e6ba;662208201be85603ab18172f375bbba957bdf7fb8d315694dde863790ee3e637;88e29e3505ae5fa36d5bb2df174fac2780d3f746c5f6a84234d8dcd439d64c4c;cbdf8ac1971b531874eb87fb11e0126440b704f12886fa989c067fc666c08783
rr1,sub.tsv,effdate,False,,rr1_sub_raw,date_field_specific_fail_preserve_lexical,source_specific,raw_and_typed_projection,source_rows_equal_raw_rows,2196a3843eb45a9369f2165baa760c157b0efe0e4d52f0d5d7458fae8a0a412f;327edcb278408a20fb141c170a66606ba4e62b9f92fd6bf85a0fd7cdcb175248;41b01adfbfd3b404ea71202a127ad9af1837a0e7762d0051632ba93e42c3e6ba;662208201be85603ab18172f375bbba957bdf7fb8d315694dde863790ee3e637;88e29e3505ae5fa36d5bb2df174fac2780d3f746c5f6a84234d8dcd439d64c4c;cbdf8ac1971b531874eb87fb11e0126440b704f12886fa989c067fc666c08783
rr1,sub.tsv,ein,False,,rr1_sub_raw,text_preserve_lexical,source_specific,raw_and_typed_projection,source_rows_equal_raw_rows,2196a3843eb45a9369f2165baa760c157b0efe0e4d52f0d5d7458fae8a0a412f;327edcb278408a20fb141c170a66606ba4e62b9f92fd6bf85a0fd7cdcb175248;41b01adfbfd3b404ea71202a127ad9af1837a0e7762d0051632ba93e42c3e6ba;662208201be85603ab18172f375bbba957bdf7fb8d315694dde863790ee3e637;88e29e3505ae5fa36d5bb2df174fac2780d3f746c5f6a84234d8dcd439d64c4c;cbdf8ac1971b531874eb87fb11e0126440b704f12886fa989c067fc666c08783
rr1,sub.tsv,filed,False,,rr1_sub_raw,date_field_specific_fail_preserve_lexical,source_specific,raw_and_typed_projection,source_rows_equal_raw_rows,2196a3843eb45a9369f2165baa760c157b0efe0e4d52f0d5d7458fae8a0a412f;327edcb278408a20fb141c170a66606ba4e62b9f92fd6bf85a0fd7cdcb175248;41b01adfbfd3b404ea71202a127ad9af1837a0e7762d0051632ba93e42c3e6ba;662208201be85603ab18172f375bbba957bdf7fb8d315694dde863790ee3e637;88e29e3505ae5fa36d5bb2df174fac2780d3f746c5f6a84234d8dcd439d64c4c;cbdf8ac1971b531874eb87fb11e0126440b704f12886fa989c067fc666c08783
rr1,sub.tsv,form,False,,rr1_sub_raw,text_preserve_lexical,source_specific,raw_and_typed_projection,source_rows_equal_raw_rows,2196a3843eb45a9369f2165baa760c157b0efe0e4d52f0d5d7458fae8a0a412f;327edcb278408a20fb141c170a66606ba4e62b9f92fd6bf85a0fd7cdcb175248;41b01adfbfd3b404ea71202a127ad9af1837a0e7762d0051632ba93e42c3e6ba;662208201be85603ab18172f375bbba957bdf7fb8d315694dde863790ee3e637;88e29e3505ae5fa36d5bb2df174fac2780d3f746c5f6a84234d8dcd439d64c4c;cbdf8ac1971b531874eb87fb11e0126440b704f12886fa989c067fc666c08783
rr1,sub.tsv,former,False,,rr1_sub_raw,text_preserve_lexical,source_specific,raw_and_typed_projection,source_rows_equal_raw_rows,2196a3843eb45a9369f2165baa760c157b0efe0e4d52f0d5d7458fae8a0a412f;327edcb278408a20fb141c170a66606ba4e62b9f92fd6bf85a0fd7cdcb175248;41b01adfbfd3b404ea71202a127ad9af1837a0e7762d0051632ba93e42c3e6ba;662208201be85603ab18172f375bbba957bdf7fb8d315694dde863790ee3e637;88e29e3505ae5fa36d5bb2df174fac2780d3f746c5f6a84234d8dcd439d64c4c;cbdf8ac1971b531874eb87fb11e0126440b704f12886fa989c067fc666c08783
rr1,sub.tsv,fye,False,,rr1_sub_raw,text_preserve_lexical,source_specific,raw_and_typed_projection,source_rows_equal_raw_rows,2196a3843eb45a9369f2165baa760c157b0efe0e4d52f0d5d7458fae8a0a412f;327edcb278408a20fb141c170a66606ba4e62b9f92fd6bf85a0fd7cdcb175248;41b01adfbfd3b404ea71202a127ad9af1837a0e7762d0051632ba93e42c3e6ba;662208201be85603ab18172f375bbba957bdf7fb8d315694dde863790ee3e637;88e29e3505ae5fa36d5bb2df174fac2780d3f746c5f6a84234d8dcd439d64c4c;cbdf8ac1971b531874eb87fb11e0126440b704f12886fa989c067fc666c08783
rr1,sub.tsv,instance,False,,rr1_sub_raw,text_preserve_lexical,source_specific,raw_and_typed_projection,source_rows_equal_raw_rows,2196a3843eb45a9369f2165baa760c157b0efe0e4d52f0d5d7458fae8a0a412f;327edcb278408a20fb141c170a66606ba4e62b9f92fd6bf85a0fd7cdcb175248;41b01adfbfd3b404ea71202a127ad9af1837a0e7762d0051632ba93e42c3e6ba;662208201be85603ab18172f375bbba957bdf7fb8d315694dde863790ee3e637;88e29e3505ae5fa36d5bb2df174fac2780d3f746c5f6a84234d8dcd439d64c4c;cbdf8ac1971b531874eb87fb11e0126440b704f12886fa989c067fc666c08783
rr1,sub.tsv,mas1,False,,rr1_sub_raw,text_preserve_lexical,source_specific,raw_and_typed_projection,source_rows_equal_raw_rows,2196a3843eb45a9369f2165baa760c157b0efe0e4d52f0d5d7458fae8a0a412f;327edcb278408a20fb141c170a66606ba4e62b9f92fd6bf85a0fd7cdcb175248;41b01adfbfd3b404ea71202a127ad9af1837a0e7762d0051632ba93e42c3e6ba;662208201be85603ab18172f375bbba957bdf7fb8d315694dde863790ee3e637;88e29e3505ae5fa36d5bb2df174fac2780d3f746c5f6a84234d8dcd439d64c4c;cbdf8ac1971b531874eb87fb11e0126440b704f12886fa989c067fc666c08783
rr1,sub.tsv,mas2,False,,rr1_sub_raw,text_preserve_lexical,source_specific,raw_and_typed_projection,source_rows_equal_raw_rows,2196a3843eb45a9369f2165baa760c157b0efe0e4d52f0d5d7458fae8a0a412f;327edcb278408a20fb141c170a66606ba4e62b9f92fd6bf85a0fd7cdcb175248;41b01adfbfd3b404ea71202a127ad9af1837a0e7762d0051632ba93e42c3e6ba;662208201be85603ab18172f375bbba957bdf7fb8d315694dde863790ee3e637;88e29e3505ae5fa36d5bb2df174fac2780d3f746c5f6a84234d8dcd439d64c4c;cbdf8ac1971b531874eb87fb11e0126440b704f12886fa989c067fc666c08783
rr1,sub.tsv,name,False,,rr1_sub_raw,text_preserve_lexical,source_specific,raw_and_typed_projection,source_rows_equal_raw_rows,2196a3843eb45a9369f2165baa760c157b0efe0e4d52f0d5d7458fae8a0a412f;327edcb278408a20fb141c170a66606ba4e62b9f92fd6bf85a0fd7cdcb175248;41b01adfbfd3b404ea71202a127ad9af1837a0e7762d0051632ba93e42c3e6ba;662208201be85603ab18172f375bbba957bdf7fb8d315694dde863790ee3e637;88e29e3505ae5fa36d5bb2df174fac2780d3f746c5f6a84234d8dcd439d64c4c;cbdf8ac1971b531874eb87fb11e0126440b704f12886fa989c067fc666c08783
rr1,sub.tsv,nciks,False,,rr1_sub_raw,decimal_preserve_lexical,identity_and_lineage,raw_and_typed_projection,source_rows_equal_raw_rows,2196a3843eb45a9369f2165baa760c157b0efe0e4d52f0d5d7458fae8a0a412f;327edcb278408a20fb141c170a66606ba4e62b9f92fd6bf85a0fd7cdcb175248;41b01adfbfd3b404ea71202a127ad9af1837a0e7762d0051632ba93e42c3e6ba;662208201be85603ab18172f375bbba957bdf7fb8d315694dde863790ee3e637;88e29e3505ae5fa36d5bb2df174fac2780d3f746c5f6a84234d8dcd439d64c4c;cbdf8ac1971b531874eb87fb11e0126440b704f12886fa989c067fc666c08783
rr1,sub.tsv,pdate,False,,rr1_sub_raw,date_field_specific_fail_preserve_lexical,source_specific,raw_and_typed_projection,source_rows_equal_raw_rows,2196a3843eb45a9369f2165baa760c157b0efe0e4d52f0d5d7458fae8a0a412f;327edcb278408a20fb141c170a66606ba4e62b9f92fd6bf85a0fd7cdcb175248;41b01adfbfd3b404ea71202a127ad9af1837a0e7762d0051632ba93e42c3e6ba;662208201be85603ab18172f375bbba957bdf7fb8d315694dde863790ee3e637;88e29e3505ae5fa36d5bb2df174fac2780d3f746c5f6a84234d8dcd439d64c4c;cbdf8ac1971b531874eb87fb11e0126440b704f12886fa989c067fc666c08783
rr1,sub.tsv,stprba,False,,rr1_sub_raw,text_preserve_lexical,source_specific,raw_and_typed_projection,source_rows_equal_raw_rows,2196a3843eb45a9369f2165baa760c157b0efe0e4d52f0d5d7458fae8a0a412f;327edcb278408a20fb141c170a66606ba4e62b9f92fd6bf85a0fd7cdcb175248;41b01adfbfd3b404ea71202a127ad9af1837a0e7762d0051632ba93e42c3e6ba;662208201be85603ab18172f375bbba957bdf7fb8d315694dde863790ee3e637;88e29e3505ae5fa36d5bb2df174fac2780d3f746c5f6a84234d8dcd439d64c4c;cbdf8ac1971b531874eb87fb11e0126440b704f12886fa989c067fc666c08783
rr1,sub.tsv,stprinc,False,,rr1_sub_raw,text_preserve_lexical,source_specific,raw_and_typed_projection,source_rows_equal_raw_rows,2196a3843eb45a9369f2165baa760c157b0efe0e4d52f0d5d7458fae8a0a412f;327edcb278408a20fb141c170a66606ba4e62b9f92fd6bf85a0fd7cdcb175248;41b01adfbfd3b404ea71202a127ad9af1837a0e7762d0051632ba93e42c3e6ba;662208201be85603ab18172f375bbba957bdf7fb8d315694dde863790ee3e637;88e29e3505ae5fa36d5bb2df174fac2780d3f746c5f6a84234d8dcd439d64c4c;cbdf8ac1971b531874eb87fb11e0126440b704f12886fa989c067fc666c08783
rr1,sub.tsv,stprma,False,,rr1_sub_raw,text_preserve_lexical,source_specific,raw_and_typed_projection,source_rows_equal_raw_rows,2196a3843eb45a9369f2165baa760c157b0efe0e4d52f0d5d7458fae8a0a412f;327edcb278408a20fb141c170a66606ba4e62b9f92fd6bf85a0fd7cdcb175248;41b01adfbfd3b404ea71202a127ad9af1837a0e7762d0051632ba93e42c3e6ba;662208201be85603ab18172f375bbba957bdf7fb8d315694dde863790ee3e637;88e29e3505ae5fa36d5bb2df174fac2780d3f746c5f6a84234d8dcd439d64c4c;cbdf8ac1971b531874eb87fb11e0126440b704f12886fa989c067fc666c08783
rr1,sub.tsv,zipba,False,,rr1_sub_raw,text_preserve_lexical,source_specific,raw_and_typed_projection,source_rows_equal_raw_rows,2196a3843eb45a9369f2165baa760c157b0efe0e4d52f0d5d7458fae8a0a412f;327edcb278408a20fb141c170a66606ba4e62b9f92fd6bf85a0fd7cdcb175248;41b01adfbfd3b404ea71202a127ad9af1837a0e7762d0051632ba93e42c3e6ba;662208201be85603ab18172f375bbba957bdf7fb8d315694dde863790ee3e637;88e29e3505ae5fa36d5bb2df174fac2780d3f746c5f6a84234d8dcd439d64c4c;cbdf8ac1971b531874eb87fb11e0126440b704f12886fa989c067fc666c08783
rr1,sub.tsv,zipma,False,,rr1_sub_raw,text_preserve_lexical,source_specific,raw_and_typed_projection,source_rows_equal_raw_rows,2196a3843eb45a9369f2165baa760c157b0efe0e4d52f0d5d7458fae8a0a412f;327edcb278408a20fb141c170a66606ba4e62b9f92fd6bf85a0fd7cdcb175248;41b01adfbfd3b404ea71202a127ad9af1837a0e7762d0051632ba93e42c3e6ba;662208201be85603ab18172f375bbba957bdf7fb8d315694dde863790ee3e637;88e29e3505ae5fa36d5bb2df174fac2780d3f746c5f6a84234d8dcd439d64c4c;cbdf8ac1971b531874eb87fb11e0126440b704f12886fa989c067fc666c08783
rr1,tag.tsv,abstract,False,,rr1_tag_raw,decimal_preserve_lexical,disclosures_and_xbrl_context,raw_and_typed_projection,source_rows_equal_raw_rows,2196a3843eb45a9369f2165baa760c157b0efe0e4d52f0d5d7458fae8a0a412f;327edcb278408a20fb141c170a66606ba4e62b9f92fd6bf85a0fd7cdcb175248;41b01adfbfd3b404ea71202a127ad9af1837a0e7762d0051632ba93e42c3e6ba;662208201be85603ab18172f375bbba957bdf7fb8d315694dde863790ee3e637;88e29e3505ae5fa36d5bb2df174fac2780d3f746c5f6a84234d8dcd439d64c4c;cbdf8ac1971b531874eb87fb11e0126440b704f12886fa989c067fc666c08783
rr1,tag.tsv,custom,False,,rr1_tag_raw,decimal_preserve_lexical,disclosures_and_xbrl_context,raw_and_typed_projection,source_rows_equal_raw_rows,2196a3843eb45a9369f2165baa760c157b0efe0e4d52f0d5d7458fae8a0a412f;327edcb278408a20fb141c170a66606ba4e62b9f92fd6bf85a0fd7cdcb175248;41b01adfbfd3b404ea71202a127ad9af1837a0e7762d0051632ba93e42c3e6ba;662208201be85603ab18172f375bbba957bdf7fb8d315694dde863790ee3e637;88e29e3505ae5fa36d5bb2df174fac2780d3f746c5f6a84234d8dcd439d64c4c;cbdf8ac1971b531874eb87fb11e0126440b704f12886fa989c067fc666c08783
rr1,tag.tsv,datatype,False,,rr1_tag_raw,text_preserve_lexical,disclosures_and_xbrl_context,raw_and_typed_projection,source_rows_equal_raw_rows,2196a3843eb45a9369f2165baa760c157b0efe0e4d52f0d5d7458fae8a0a412f;327edcb278408a20fb141c170a66606ba4e62b9f92fd6bf85a0fd7cdcb175248;41b01adfbfd3b404ea71202a127ad9af1837a0e7762d0051632ba93e42c3e6ba;662208201be85603ab18172f375bbba957bdf7fb8d315694dde863790ee3e637;88e29e3505ae5fa36d5bb2df174fac2780d3f746c5f6a84234d8dcd439d64c4c;cbdf8ac1971b531874eb87fb11e0126440b704f12886fa989c067fc666c08783
rr1,tag.tsv,doc,False,,rr1_tag_raw,text_preserve_lexical,disclosures_and_xbrl_context,raw_and_typed_projection,source_rows_equal_raw_rows,2196a3843eb45a9369f2165baa760c157b0efe0e4d52f0d5d7458fae8a0a412f;327edcb278408a20fb141c170a66606ba4e62b9f92fd6bf85a0fd7cdcb175248;41b01adfbfd3b404ea71202a127ad9af1837a0e7762d0051632ba93e42c3e6ba;662208201be85603ab18172f375bbba957bdf7fb8d315694dde863790ee3e637;88e29e3505ae5fa36d5bb2df174fac2780d3f746c5f6a84234d8dcd439d64c4c;cbdf8ac1971b531874eb87fb11e0126440b704f12886fa989c067fc666c08783
rr1,tag.tsv,iord,False,,rr1_tag_raw,text_preserve_lexical,disclosures_and_xbrl_context,raw_and_typed_projection,source_rows_equal_raw_rows,2196a3843eb45a9369f2165baa760c157b0efe0e4d52f0d5d7458fae8a0a412f;327edcb278408a20fb141c170a66606ba4e62b9f92fd6bf85a0fd7cdcb175248;41b01adfbfd3b404ea71202a127ad9af1837a0e7762d0051632ba93e42c3e6ba;662208201be85603ab18172f375bbba957bdf7fb8d315694dde863790ee3e637;88e29e3505ae5fa36d5bb2df174fac2780d3f746c5f6a84234d8dcd439d64c4c;cbdf8ac1971b531874eb87fb11e0126440b704f12886fa989c067fc666c08783
rr1,tag.tsv,tag,True,,rr1_tag_raw,text_preserve_lexical,disclosures_and_xbrl_context,raw_and_typed_projection,source_rows_equal_raw_rows,2196a3843eb45a9369f2165baa760c157b0efe0e4d52f0d5d7458fae8a0a412f;327edcb278408a20fb141c170a66606ba4e62b9f92fd6bf85a0fd7cdcb175248;41b01adfbfd3b404ea71202a127ad9af1837a0e7762d0051632ba93e42c3e6ba;662208201be85603ab18172f375bbba957bdf7fb8d315694dde863790ee3e637;88e29e3505ae5fa36d5bb2df174fac2780d3f746c5f6a84234d8dcd439d64c4c;cbdf8ac1971b531874eb87fb11e0126440b704f12886fa989c067fc666c08783
rr1,tag.tsv,tlabel,False,,rr1_tag_raw,text_preserve_lexical,disclosures_and_xbrl_context,raw_and_typed_projection,source_rows_equal_raw_rows,2196a3843eb45a9369f2165baa760c157b0efe0e4d52f0d5d7458fae8a0a412f;327edcb278408a20fb141c170a66606ba4e62b9f92fd6bf85a0fd7cdcb175248;41b01adfbfd3b404ea71202a127ad9af1837a0e7762d0051632ba93e42c3e6ba;662208201be85603ab18172f375bbba957bdf7fb8d315694dde863790ee3e637;88e29e3505ae5fa36d5bb2df174fac2780d3f746c5f6a84234d8dcd439d64c4c;cbdf8ac1971b531874eb87fb11e0126440b704f12886fa989c067fc666c08783
rr1,tag.tsv,version,True,,rr1_tag_raw,text_preserve_lexical,disclosures_and_xbrl_context,raw_and_typed_projection,source_rows_equal_raw_rows,2196a3843eb45a9369f2165baa760c157b0efe0e4d52f0d5d7458fae8a0a412f;327edcb278408a20fb141c170a66606ba4e62b9f92fd6bf85a0fd7cdcb175248;41b01adfbfd3b404ea71202a127ad9af1837a0e7762d0051632ba93e42c3e6ba;662208201be85603ab18172f375bbba957bdf7fb8d315694dde863790ee3e637;88e29e3505ae5fa36d5bb2df174fac2780d3f746c5f6a84234d8dcd439d64c4c;cbdf8ac1971b531874eb87fb11e0126440b704f12886fa989c067fc666c08783
rr1,txt.tsv,adsh,True,sub.tsv;tag.tsv,rr1_txt_raw,text_preserve_lexical,identity_and_lineage,raw_and_typed_projection,source_rows_equal_raw_rows,2196a3843eb45a9369f2165baa760c157b0efe0e4d52f0d5d7458fae8a0a412f;327edcb278408a20fb141c170a66606ba4e62b9f92fd6bf85a0fd7cdcb175248;41b01adfbfd3b404ea71202a127ad9af1837a0e7762d0051632ba93e42c3e6ba;662208201be85603ab18172f375bbba957bdf7fb8d315694dde863790ee3e637;88e29e3505ae5fa36d5bb2df174fac2780d3f746c5f6a84234d8dcd439d64c4c;cbdf8ac1971b531874eb87fb11e0126440b704f12886fa989c067fc666c08783
rr1,txt.tsv,class,True,sub.tsv;tag.tsv,rr1_txt_raw,text_preserve_lexical,identity_and_lineage,raw_and_typed_projection,source_rows_equal_raw_rows,2196a3843eb45a9369f2165baa760c157b0efe0e4d52f0d5d7458fae8a0a412f;327edcb278408a20fb141c170a66606ba4e62b9f92fd6bf85a0fd7cdcb175248;41b01adfbfd3b404ea71202a127ad9af1837a0e7762d0051632ba93e42c3e6ba;662208201be85603ab18172f375bbba957bdf7fb8d315694dde863790ee3e637;88e29e3505ae5fa36d5bb2df174fac2780d3f746c5f6a84234d8dcd439d64c4c;cbdf8ac1971b531874eb87fb11e0126440b704f12886fa989c067fc666c08783
rr1,txt.tsv,context,False,sub.tsv;tag.tsv,rr1_txt_raw,text_preserve_lexical,disclosures_and_xbrl_context,raw_and_typed_projection,source_rows_equal_raw_rows,2196a3843eb45a9369f2165baa760c157b0efe0e4d52f0d5d7458fae8a0a412f;327edcb278408a20fb141c170a66606ba4e62b9f92fd6bf85a0fd7cdcb175248;41b01adfbfd3b404ea71202a127ad9af1837a0e7762d0051632ba93e42c3e6ba;662208201be85603ab18172f375bbba957bdf7fb8d315694dde863790ee3e637;88e29e3505ae5fa36d5bb2df174fac2780d3f746c5f6a84234d8dcd439d64c4c;cbdf8ac1971b531874eb87fb11e0126440b704f12886fa989c067fc666c08783
rr1,txt.tsv,dcml,False,sub.tsv;tag.tsv,rr1_txt_raw,decimal_preserve_lexical,disclosures_and_xbrl_context,raw_and_typed_projection,source_rows_equal_raw_rows,2196a3843eb45a9369f2165baa760c157b0efe0e4d52f0d5d7458fae8a0a412f;327edcb278408a20fb141c170a66606ba4e62b9f92fd6bf85a0fd7cdcb175248;41b01adfbfd3b404ea71202a127ad9af1837a0e7762d0051632ba93e42c3e6ba;662208201be85603ab18172f375bbba957bdf7fb8d315694dde863790ee3e637;88e29e3505ae5fa36d5bb2df174fac2780d3f746c5f6a84234d8dcd439d64c4c;cbdf8ac1971b531874eb87fb11e0126440b704f12886fa989c067fc666c08783
rr1,txt.tsv,ddate,True,sub.tsv;tag.tsv,rr1_txt_raw,date_field_specific_fail_preserve_lexical,disclosures_and_xbrl_context,raw_and_typed_projection,source_rows_equal_raw_rows,2196a3843eb45a9369f2165baa760c157b0efe0e4d52f0d5d7458fae8a0a412f;327edcb278408a20fb141c170a66606ba4e62b9f92fd6bf85a0fd7cdcb175248;41b01adfbfd3b404ea71202a127ad9af1837a0e7762d0051632ba93e42c3e6ba;662208201be85603ab18172f375bbba957bdf7fb8d315694dde863790ee3e637;88e29e3505ae5fa36d5bb2df174fac2780d3f746c5f6a84234d8dcd439d64c4c;cbdf8ac1971b531874eb87fb11e0126440b704f12886fa989c067fc666c08783
rr1,txt.tsv,dimn,False,sub.tsv;tag.tsv,rr1_txt_raw,decimal_preserve_lexical,disclosures_and_xbrl_context,raw_and_typed_projection,source_rows_equal_raw_rows,2196a3843eb45a9369f2165baa760c157b0efe0e4d52f0d5d7458fae8a0a412f;327edcb278408a20fb141c170a66606ba4e62b9f92fd6bf85a0fd7cdcb175248;41b01adfbfd3b404ea71202a127ad9af1837a0e7762d0051632ba93e42c3e6ba;662208201be85603ab18172f375bbba957bdf7fb8d315694dde863790ee3e637;88e29e3505ae5fa36d5bb2df174fac2780d3f746c5f6a84234d8dcd439d64c4c;cbdf8ac1971b531874eb87fb11e0126440b704f12886fa989c067fc666c08783
rr1,txt.tsv,document,True,sub.tsv;tag.tsv,rr1_txt_raw,text_preserve_lexical,disclosures_and_xbrl_context,raw_and_typed_projection,source_rows_equal_raw_rows,2196a3843eb45a9369f2165baa760c157b0efe0e4d52f0d5d7458fae8a0a412f;327edcb278408a20fb141c170a66606ba4e62b9f92fd6bf85a0fd7cdcb175248;41b01adfbfd3b404ea71202a127ad9af1837a0e7762d0051632ba93e42c3e6ba;662208201be85603ab18172f375bbba957bdf7fb8d315694dde863790ee3e637;88e29e3505ae5fa36d5bb2df174fac2780d3f746c5f6a84234d8dcd439d64c4c;cbdf8ac1971b531874eb87fb11e0126440b704f12886fa989c067fc666c08783
rr1,txt.tsv,escaped,False,sub.tsv;tag.tsv,rr1_txt_raw,decimal_preserve_lexical,disclosures_and_xbrl_context,raw_and_typed_projection,source_rows_equal_raw_rows,2196a3843eb45a9369f2165baa760c157b0efe0e4d52f0d5d7458fae8a0a412f;327edcb278408a20fb141c170a66606ba4e62b9f92fd6bf85a0fd7cdcb175248;41b01adfbfd3b404ea71202a127ad9af1837a0e7762d0051632ba93e42c3e6ba;662208201be85603ab18172f375bbba957bdf7fb8d315694dde863790ee3e637;88e29e3505ae5fa36d5bb2df174fac2780d3f746c5f6a84234d8dcd439d64c4c;cbdf8ac1971b531874eb87fb11e0126440b704f12886fa989c067fc666c08783
rr1,txt.tsv,footlen,False,sub.tsv;tag.tsv,rr1_txt_raw,decimal_preserve_lexical,disclosures_and_xbrl_context,raw_and_typed_projection,source_rows_equal_raw_rows,2196a3843eb45a9369f2165baa760c157b0efe0e4d52f0d5d7458fae8a0a412f;327edcb278408a20fb141c170a66606ba4e62b9f92fd6bf85a0fd7cdcb175248;41b01adfbfd3b404ea71202a127ad9af1837a0e7762d0051632ba93e42c3e6ba;662208201be85603ab18172f375bbba957bdf7fb8d315694dde863790ee3e637;88e29e3505ae5fa36d5bb2df174fac2780d3f746c5f6a84234d8dcd439d64c4c;cbdf8ac1971b531874eb87fb11e0126440b704f12886fa989c067fc666c08783
rr1,txt.tsv,footnote,False,sub.tsv;tag.tsv,rr1_txt_raw,text_preserve_lexical,disclosures_and_xbrl_context,raw_and_typed_projection,source_rows_equal_raw_rows,2196a3843eb45a9369f2165baa760c157b0efe0e4d52f0d5d7458fae8a0a412f;327edcb278408a20fb141c170a66606ba4e62b9f92fd6bf85a0fd7cdcb175248;41b01adfbfd3b404ea71202a127ad9af1837a0e7762d0051632ba93e42c3e6ba;662208201be85603ab18172f375bbba957bdf7fb8d315694dde863790ee3e637;88e29e3505ae5fa36d5bb2df174fac2780d3f746c5f6a84234d8dcd439d64c4c;cbdf8ac1971b531874eb87fb11e0126440b704f12886fa989c067fc666c08783
rr1,txt.tsv,iprx,True,sub.tsv;tag.tsv,rr1_txt_raw,decimal_preserve_lexical,disclosures_and_xbrl_context,raw_and_typed_projection,source_rows_equal_raw_rows,2196a3843eb45a9369f2165baa760c157b0efe0e4d52f0d5d7458fae8a0a412f;327edcb278408a20fb141c170a66606ba4e62b9f92fd6bf85a0fd7cdcb175248;41b01adfbfd3b404ea71202a127ad9af1837a0e7762d0051632ba93e42c3e6ba;662208201be85603ab18172f375bbba957bdf7fb8d315694dde863790ee3e637;88e29e3505ae5fa36d5bb2df174fac2780d3f746c5f6a84234d8dcd439d64c4c;cbdf8ac1971b531874eb87fb11e0126440b704f12886fa989c067fc666c08783
rr1,txt.tsv,lang,False,sub.tsv;tag.tsv,rr1_txt_raw,text_preserve_lexical,disclosures_and_xbrl_context,raw_and_typed_projection,source_rows_equal_raw_rows,2196a3843eb45a9369f2165baa760c157b0efe0e4d52f0d5d7458fae8a0a412f;327edcb278408a20fb141c170a66606ba4e62b9f92fd6bf85a0fd7cdcb175248;41b01adfbfd3b404ea71202a127ad9af1837a0e7762d0051632ba93e42c3e6ba;662208201be85603ab18172f375bbba957bdf7fb8d315694dde863790ee3e637;88e29e3505ae5fa36d5bb2df174fac2780d3f746c5f6a84234d8dcd439d64c4c;cbdf8ac1971b531874eb87fb11e0126440b704f12886fa989c067fc666c08783
rr1,txt.tsv,measure,True,sub.tsv;tag.tsv,rr1_txt_raw,text_preserve_lexical,disclosures_and_xbrl_context,raw_and_typed_projection,source_rows_equal_raw_rows,2196a3843eb45a9369f2165baa760c157b0efe0e4d52f0d5d7458fae8a0a412f;327edcb278408a20fb141c170a66606ba4e62b9f92fd6bf85a0fd7cdcb175248;41b01adfbfd3b404ea71202a127ad9af1837a0e7762d0051632ba93e42c3e6ba;662208201be85603ab18172f375bbba957bdf7fb8d315694dde863790ee3e637;88e29e3505ae5fa36d5bb2df174fac2780d3f746c5f6a84234d8dcd439d64c4c;cbdf8ac1971b531874eb87fb11e0126440b704f12886fa989c067fc666c08783
rr1,txt.tsv,otherdims,True,sub.tsv;tag.tsv,rr1_txt_raw,text_preserve_lexical,disclosures_and_xbrl_context,raw_and_typed_projection,source_rows_equal_raw_rows,2196a3843eb45a9369f2165baa760c157b0efe0e4d52f0d5d7458fae8a0a412f;327edcb278408a20fb141c170a66606ba4e62b9f92fd6bf85a0fd7cdcb175248;41b01adfbfd3b404ea71202a127ad9af1837a0e7762d0051632ba93e42c3e6ba;662208201be85603ab18172f375bbba957bdf7fb8d315694dde863790ee3e637;88e29e3505ae5fa36d5bb2df174fac2780d3f746c5f6a84234d8dcd439d64c4c;cbdf8ac1971b531874eb87fb11e0126440b704f12886fa989c067fc666c08783
rr1,txt.tsv,series,True,sub.tsv;tag.tsv,rr1_txt_raw,text_preserve_lexical,identity_and_lineage,raw_and_typed_projection,source_rows_equal_raw_rows,2196a3843eb45a9369f2165baa760c157b0efe0e4d52f0d5d7458fae8a0a412f;327edcb278408a20fb141c170a66606ba4e62b9f92fd6bf85a0fd7cdcb175248;41b01adfbfd3b404ea71202a127ad9af1837a0e7762d0051632ba93e42c3e6ba;662208201be85603ab18172f375bbba957bdf7fb8d315694dde863790ee3e637;88e29e3505ae5fa36d5bb2df174fac2780d3f746c5f6a84234d8dcd439d64c4c;cbdf8ac1971b531874eb87fb11e0126440b704f12886fa989c067fc666c08783
rr1,txt.tsv,srclen,False,sub.tsv;tag.tsv,rr1_txt_raw,decimal_preserve_lexical,disclosures_and_xbrl_context,raw_and_typed_projection,source_rows_equal_raw_rows,2196a3843eb45a9369f2165baa760c157b0efe0e4d52f0d5d7458fae8a0a412f;327edcb278408a20fb141c170a66606ba4e62b9f92fd6bf85a0fd7cdcb175248;41b01adfbfd3b404ea71202a127ad9af1837a0e7762d0051632ba93e42c3e6ba;662208201be85603ab18172f375bbba957bdf7fb8d315694dde863790ee3e637;88e29e3505ae5fa36d5bb2df174fac2780d3f746c5f6a84234d8dcd439d64c4c;cbdf8ac1971b531874eb87fb11e0126440b704f12886fa989c067fc666c08783
rr1,txt.tsv,tag,True,sub.tsv;tag.tsv,rr1_txt_raw,text_preserve_lexical,disclosures_and_xbrl_context,raw_and_typed_projection,source_rows_equal_raw_rows,2196a3843eb45a9369f2165baa760c157b0efe0e4d52f0d5d7458fae8a0a412f;327edcb278408a20fb141c170a66606ba4e62b9f92fd6bf85a0fd7cdcb175248;41b01adfbfd3b404ea71202a127ad9af1837a0e7762d0051632ba93e42c3e6ba;662208201be85603ab18172f375bbba957bdf7fb8d315694dde863790ee3e637;88e29e3505ae5fa36d5bb2df174fac2780d3f746c5f6a84234d8dcd439d64c4c;cbdf8ac1971b531874eb87fb11e0126440b704f12886fa989c067fc666c08783
rr1,txt.tsv,txtlen,False,sub.tsv;tag.tsv,rr1_txt_raw,decimal_preserve_lexical,disclosures_and_xbrl_context,raw_and_typed_projection,source_rows_equal_raw_rows,2196a3843eb45a9369f2165baa760c157b0efe0e4d52f0d5d7458fae8a0a412f;327edcb278408a20fb141c170a66606ba4e62b9f92fd6bf85a0fd7cdcb175248;41b01adfbfd3b404ea71202a127ad9af1837a0e7762d0051632ba93e42c3e6ba;662208201be85603ab18172f375bbba957bdf7fb8d315694dde863790ee3e637;88e29e3505ae5fa36d5bb2df174fac2780d3f746c5f6a84234d8dcd439d64c4c;cbdf8ac1971b531874eb87fb11e0126440b704f12886fa989c067fc666c08783
rr1,txt.tsv,value,False,sub.tsv;tag.tsv,rr1_txt_raw,text_preserve_lexical,disclosures_and_xbrl_context,raw_and_typed_projection,source_rows_equal_raw_rows,2196a3843eb45a9369f2165baa760c157b0efe0e4d52f0d5d7458fae8a0a412f;327edcb278408a20fb141c170a66606ba4e62b9f92fd6bf85a0fd7cdcb175248;41b01adfbfd3b404ea71202a127ad9af1837a0e7762d0051632ba93e42c3e6ba;662208201be85603ab18172f375bbba957bdf7fb8d315694dde863790ee3e637;88e29e3505ae5fa36d5bb2df174fac2780d3f746c5f6a84234d8dcd439d64c4c;cbdf8ac1971b531874eb87fb11e0126440b704f12886fa989c067fc666c08783
rr1,txt.tsv,version,True,sub.tsv;tag.tsv,rr1_txt_raw,text_preserve_lexical,disclosures_and_xbrl_context,raw_and_typed_projection,source_rows_equal_raw_rows,2196a3843eb45a9369f2165baa760c157b0efe0e4d52f0d5d7458fae8a0a412f;327edcb278408a20fb141c170a66606ba4e62b9f92fd6bf85a0fd7cdcb175248;41b01adfbfd3b404ea71202a127ad9af1837a0e7762d0051632ba93e42c3e6ba;662208201be85603ab18172f375bbba957bdf7fb8d315694dde863790ee3e637;88e29e3505ae5fa36d5bb2df174fac2780d3f746c5f6a84234d8dcd439d64c4c;cbdf8ac1971b531874eb87fb11e0126440b704f12886fa989c067fc666c08783
